ISO-10303-21;
HEADER;
FILE_DESCRIPTION(('FreeCAD Model'),'2;1');
FILE_NAME('Open CASCADE Shape Model','2026-09-28T16:52:54',(''),(''),
  'Open CASCADE STEP processor 7.8','FreeCAD','Unknown');
FILE_SCHEMA(('AUTOMOTIVE_DESIGN { 1 0 10303 214 1 1 1 1 }'));
ENDSEC;
DATA;
#1 = APPLICATION_PROTOCOL_DEFINITION('international standard',
  'automotive_design',2000,#2);
#2 = APPLICATION_CONTEXT(
  'core data for automotive mechanical design processes');
#3 = SHAPE_DEFINITION_REPRESENTATION(#4,#10);
#4 = PRODUCT_DEFINITION_SHAPE('','',#5);
#5 = PRODUCT_DEFINITION('design','',#6,#9);
#6 = PRODUCT_DEFINITION_FORMATION('','',#7);
#7 = PRODUCT('Лодка_ver1','Лодка_ver1','',(#8));
#8 = PRODUCT_CONTEXT('',#2,'mechanical');
#9 = PRODUCT_DEFINITION_CONTEXT('part definition',#2,'design');
#10 = SHAPE_REPRESENTATION('',(#11,#15,#19,#23,#27),#31);
#11 = AXIS2_PLACEMENT_3D('',#12,#13,#14);
#12 = CARTESIAN_POINT('',(0.,0.,0.));
#13 = DIRECTION('',(0.,0.,1.));
#14 = DIRECTION('',(1.,0.,-0.));
#15 = AXIS2_PLACEMENT_3D('',#16,#17,#18);
#16 = CARTESIAN_POINT('',(0.,0.,0.));
#17 = DIRECTION('',(0.,0.,1.));
#18 = DIRECTION('',(1.,0.,0.));
#19 = AXIS2_PLACEMENT_3D('',#20,#21,#22);
#20 = CARTESIAN_POINT('',(-4.75,0.,10.));
#21 = DIRECTION('',(0.,0.,1.));
#22 = DIRECTION('',(1.,0.,0.));
#23 = AXIS2_PLACEMENT_3D('',#24,#25,#26);
#24 = CARTESIAN_POINT('',(9.25,0.,23.5));
#25 = DIRECTION('',(-1.,0.,2.22044604925E-16));
#26 = DIRECTION('',(2.22044604925E-16,0.,1.));
#27 = AXIS2_PLACEMENT_3D('',#28,#29,#30);
#28 = CARTESIAN_POINT('',(9.,-10.5,27.3));
#29 = DIRECTION('',(0.,-1.,2.22044604925E-16));
#30 = DIRECTION('',(1.,0.,0.));
#31 = ( GEOMETRIC_REPRESENTATION_CONTEXT(3) 
GLOBAL_UNCERTAINTY_ASSIGNED_CONTEXT((#35)) GLOBAL_UNIT_ASSIGNED_CONTEXT(
(#32,#33,#34)) REPRESENTATION_CONTEXT('Context #1',
  '3D Context with UNIT and UNCERTAINTY') );
#32 = ( LENGTH_UNIT() NAMED_UNIT(*) SI_UNIT(.MILLI.,.METRE.) );
#33 = ( NAMED_UNIT(*) PLANE_ANGLE_UNIT() SI_UNIT($,.RADIAN.) );
#34 = ( NAMED_UNIT(*) SI_UNIT($,.STERADIAN.) SOLID_ANGLE_UNIT() );
#35 = UNCERTAINTY_MEASURE_WITH_UNIT(LENGTH_MEASURE(2.E-06),#32,
  'distance_accuracy_value','confusion accuracy');
#36 = PRODUCT_RELATED_PRODUCT_CATEGORY('part',$,(#7));
#37 = SHAPE_DEFINITION_REPRESENTATION(#38,#44);
#38 = PRODUCT_DEFINITION_SHAPE('','',#39);
#39 = PRODUCT_DEFINITION('design','',#40,#43);
#40 = PRODUCT_DEFINITION_FORMATION('','',#41);
#41 = PRODUCT('MultiTransform001','MultiTransform001','',(#42));
#42 = PRODUCT_CONTEXT('',#2,'mechanical');
#43 = PRODUCT_DEFINITION_CONTEXT('part definition',#2,'design');
#44 = ADVANCED_BREP_SHAPE_REPRESENTATION('',(#11,#45),#5431);
#45 = MANIFOLD_SOLID_BREP('',#46);
#46 = CLOSED_SHELL('',(#47,#80,#113,#133,#142,#167,#187,#212,#305,#370,
    #428,#452,#510,#534,#585,#616,#640,#664,#681,#775,#806,#830,#854,
    #871,#902,#926,#950,#967,#998,#1022,#1046,#1063,#1094,#1118,#1142,
    #1159,#1182,#1231,#1264,#1297,#1337,#1397,#1428,#1452,#1476,#1493,
    #1505,#1517,#1529,#1541,#1566,#1636,#1706,#1777,#1789,#1821,#1836,
    #1867,#1882,#1928,#1948,#1973,#1998,#2023,#2048,#2073,#2098,#2123,
    #2148,#2179,#2203,#2230,#2247,#2282,#2307,#2334,#2351,#2383,#2407,
    #2432,#2449,#2508,#2528,#2548,#2568,#2588,#2608,#2628,#2648,#2668,
    #2715,#2746,#2770,#2794,#2811,#2850,#2882,#2914,#2938,#2963,#2988,
    #3013,#3038,#3063,#3088,#3113,#3138,#3163,#3196,#3222,#3247,#3264,
    #3297,#3322,#3347,#3364,#3384,#3536,#3553,#3565,#3574,#3583,#3592,
    #3601,#3610,#3619,#3628,#3637,#3668,#3693,#3717,#3734,#3781,#3945,
    #4019,#4106,#4173,#4253,#4313,#4384,#4408,#4426,#4444,#4456,#4468,
    #4480,#4533,#4550,#4612,#4629,#4691,#4703,#4720,#4732,#4750,#4801,
    #4819,#4837,#4848,#4866,#4940,#4958,#4970,#4994,#5018,#5077,#5111,
    #5135,#5194,#5219,#5243,#5260,#5311,#5329,#5341,#5370,#5383,#5405,
    #5419));
#47 = ADVANCED_FACE('',(#48),#75,.T.);
#48 = FACE_BOUND('',#49,.F.);
#49 = EDGE_LOOP('',(#50,#60,#67,#68));
#50 = ORIENTED_EDGE('',*,*,#51,.T.);
#51 = EDGE_CURVE('',#52,#54,#56,.T.);
#52 = VERTEX_POINT('',#53);
#53 = CARTESIAN_POINT('',(-18.403502,4.870169,30.6));
#54 = VERTEX_POINT('',#55);
#55 = CARTESIAN_POINT('',(-18.403502,4.870169,33.3));
#56 = LINE('',#57,#58);
#57 = CARTESIAN_POINT('',(-18.403502,4.870169,30.6));
#58 = VECTOR('',#59,1.);
#59 = DIRECTION('',(0.,0.,1.));
#60 = ORIENTED_EDGE('',*,*,#61,.T.);
#61 = EDGE_CURVE('',#54,#54,#62,.T.);
#62 = CIRCLE('',#63,0.720636);
#63 = AXIS2_PLACEMENT_3D('',#64,#65,#66);
#64 = CARTESIAN_POINT('',(-19.124138,4.870169,33.3));
#65 = DIRECTION('',(0.,0.,1.));
#66 = DIRECTION('',(1.,0.,0.));
#67 = ORIENTED_EDGE('',*,*,#51,.F.);
#68 = ORIENTED_EDGE('',*,*,#69,.F.);
#69 = EDGE_CURVE('',#52,#52,#70,.T.);
#70 = CIRCLE('',#71,0.720636);
#71 = AXIS2_PLACEMENT_3D('',#72,#73,#74);
#72 = CARTESIAN_POINT('',(-19.124138,4.870169,30.6));
#73 = DIRECTION('',(0.,0.,1.));
#74 = DIRECTION('',(1.,0.,0.));
#75 = CYLINDRICAL_SURFACE('',#76,0.720636);
#76 = AXIS2_PLACEMENT_3D('',#77,#78,#79);
#77 = CARTESIAN_POINT('',(-19.124138,4.870169,30.6));
#78 = DIRECTION('',(-0.,-0.,-1.));
#79 = DIRECTION('',(1.,0.,0.));
#80 = ADVANCED_FACE('',(#81),#101,.T.);
#81 = FACE_BOUND('',#82,.T.);
#82 = EDGE_LOOP('',(#83,#92,#93,#94));
#83 = ORIENTED_EDGE('',*,*,#84,.F.);
#84 = EDGE_CURVE('',#54,#85,#87,.T.);
#85 = VERTEX_POINT('',#86);
#86 = CARTESIAN_POINT('',(-18.903502,4.870169,33.8));
#87 = CIRCLE('',#88,0.5);
#88 = AXIS2_PLACEMENT_3D('',#89,#90,#91);
#89 = CARTESIAN_POINT('',(-18.903502,4.870169,33.3));
#90 = DIRECTION('',(0.,-1.,0.));
#91 = DIRECTION('',(1.,0.,0.));
#92 = ORIENTED_EDGE('',*,*,#61,.T.);
#93 = ORIENTED_EDGE('',*,*,#84,.T.);
#94 = ORIENTED_EDGE('',*,*,#95,.F.);
#95 = EDGE_CURVE('',#85,#85,#96,.T.);
#96 = CIRCLE('',#97,0.220636);
#97 = AXIS2_PLACEMENT_3D('',#98,#99,#100);
#98 = CARTESIAN_POINT('',(-19.124138,4.870169,33.8));
#99 = DIRECTION('',(0.,0.,1.));
#100 = DIRECTION('',(1.,0.,0.));
#101 = SURFACE_OF_REVOLUTION('',#102,#110);
#102 = B_SPLINE_CURVE_WITH_KNOTS('',6,(#103,#104,#105,#106,#107,#108,
    #109),.UNSPECIFIED.,.F.,.F.,(7,7),(0.,1.570796326795),
  .PIECEWISE_BEZIER_KNOTS.);
#103 = CARTESIAN_POINT('',(-18.403502,4.870169,33.3));
#104 = CARTESIAN_POINT('',(-18.403502,4.870169,33.4308996939));
#105 = CARTESIAN_POINT('',(-18.44461584301,4.870169,33.561788250352));
#106 = CARTESIAN_POINT('',(-18.52690692518,4.870169,33.67659507482));
#107 = CARTESIAN_POINT('',(-18.64171374964,4.870169,33.75888615699));
#108 = CARTESIAN_POINT('',(-18.7726023061,4.870169,33.8));
#109 = CARTESIAN_POINT('',(-18.903502,4.870169,33.8));
#110 = AXIS1_PLACEMENT('',#111,#112);
#111 = CARTESIAN_POINT('',(-19.124138,4.870169,33.3));
#112 = DIRECTION('',(0.,0.,1.));
#113 = ADVANCED_FACE('',(#114,#117),#128,.F.);
#114 = FACE_BOUND('',#115,.F.);
#115 = EDGE_LOOP('',(#116));
#116 = ORIENTED_EDGE('',*,*,#69,.T.);
#117 = FACE_BOUND('',#118,.F.);
#118 = EDGE_LOOP('',(#119));
#119 = ORIENTED_EDGE('',*,*,#120,.F.);
#120 = EDGE_CURVE('',#121,#121,#123,.T.);
#121 = VERTEX_POINT('',#122);
#122 = CARTESIAN_POINT('',(-18.645227,4.870169,30.6));
#123 = CIRCLE('',#124,0.478911);
#124 = AXIS2_PLACEMENT_3D('',#125,#126,#127);
#125 = CARTESIAN_POINT('',(-19.124138,4.870169,30.6));
#126 = DIRECTION('',(0.,0.,1.));
#127 = DIRECTION('',(1.,0.,0.));
#128 = PLANE('',#129);
#129 = AXIS2_PLACEMENT_3D('',#130,#131,#132);
#130 = CARTESIAN_POINT('',(-19.124138,4.870169,30.6));
#131 = DIRECTION('',(0.,0.,1.));
#132 = DIRECTION('',(1.,0.,0.));
#133 = ADVANCED_FACE('',(#134),#137,.T.);
#134 = FACE_BOUND('',#135,.T.);
#135 = EDGE_LOOP('',(#136));
#136 = ORIENTED_EDGE('',*,*,#95,.T.);
#137 = PLANE('',#138);
#138 = AXIS2_PLACEMENT_3D('',#139,#140,#141);
#139 = CARTESIAN_POINT('',(-19.124138,4.870169,33.8));
#140 = DIRECTION('',(0.,0.,1.));
#141 = DIRECTION('',(1.,0.,0.));
#142 = ADVANCED_FACE('',(#143),#162,.T.);
#143 = FACE_BOUND('',#144,.F.);
#144 = EDGE_LOOP('',(#145,#153,#154,#155));
#145 = ORIENTED_EDGE('',*,*,#146,.T.);
#146 = EDGE_CURVE('',#147,#121,#149,.T.);
#147 = VERTEX_POINT('',#148);
#148 = CARTESIAN_POINT('',(-18.645227,4.870169,23.5));
#149 = LINE('',#150,#151);
#150 = CARTESIAN_POINT('',(-18.645227,4.870169,23.5));
#151 = VECTOR('',#152,1.);
#152 = DIRECTION('',(0.,0.,1.));
#153 = ORIENTED_EDGE('',*,*,#120,.T.);
#154 = ORIENTED_EDGE('',*,*,#146,.F.);
#155 = ORIENTED_EDGE('',*,*,#156,.F.);
#156 = EDGE_CURVE('',#147,#147,#157,.T.);
#157 = CIRCLE('',#158,0.478911);
#158 = AXIS2_PLACEMENT_3D('',#159,#160,#161);
#159 = CARTESIAN_POINT('',(-19.124138,4.870169,23.5));
#160 = DIRECTION('',(0.,0.,1.));
#161 = DIRECTION('',(1.,0.,0.));
#162 = CYLINDRICAL_SURFACE('',#163,0.478911);
#163 = AXIS2_PLACEMENT_3D('',#164,#165,#166);
#164 = CARTESIAN_POINT('',(-19.124138,4.870169,23.5));
#165 = DIRECTION('',(-0.,-0.,-1.));
#166 = DIRECTION('',(1.,0.,0.));
#167 = ADVANCED_FACE('',(#168,#179),#182,.T.);
#168 = FACE_BOUND('',#169,.T.);
#169 = EDGE_LOOP('',(#170));
#170 = ORIENTED_EDGE('',*,*,#171,.T.);
#171 = EDGE_CURVE('',#172,#172,#174,.T.);
#172 = VERTEX_POINT('',#173);
#173 = CARTESIAN_POINT('',(-18.403502,4.870169,23.5));
#174 = CIRCLE('',#175,0.720636);
#175 = AXIS2_PLACEMENT_3D('',#176,#177,#178);
#176 = CARTESIAN_POINT('',(-19.124138,4.870169,23.5));
#177 = DIRECTION('',(0.,0.,1.));
#178 = DIRECTION('',(1.,0.,0.));
#179 = FACE_BOUND('',#180,.T.);
#180 = EDGE_LOOP('',(#181));
#181 = ORIENTED_EDGE('',*,*,#156,.F.);
#182 = PLANE('',#183);
#183 = AXIS2_PLACEMENT_3D('',#184,#185,#186);
#184 = CARTESIAN_POINT('',(-19.124138,4.870169,23.5));
#185 = DIRECTION('',(0.,0.,1.));
#186 = DIRECTION('',(1.,0.,0.));
#187 = ADVANCED_FACE('',(#188),#207,.T.);
#188 = FACE_BOUND('',#189,.F.);
#189 = EDGE_LOOP('',(#190,#198,#199,#200));
#190 = ORIENTED_EDGE('',*,*,#191,.T.);
#191 = EDGE_CURVE('',#192,#172,#194,.T.);
#192 = VERTEX_POINT('',#193);
#193 = CARTESIAN_POINT('',(-18.403502,4.870169,21.5));
#194 = LINE('',#195,#196);
#195 = CARTESIAN_POINT('',(-18.403502,4.870169,21.5));
#196 = VECTOR('',#197,1.);
#197 = DIRECTION('',(0.,0.,1.));
#198 = ORIENTED_EDGE('',*,*,#171,.T.);
#199 = ORIENTED_EDGE('',*,*,#191,.F.);
#200 = ORIENTED_EDGE('',*,*,#201,.F.);
#201 = EDGE_CURVE('',#192,#192,#202,.T.);
#202 = CIRCLE('',#203,0.720636);
#203 = AXIS2_PLACEMENT_3D('',#204,#205,#206);
#204 = CARTESIAN_POINT('',(-19.124138,4.870169,21.5));
#205 = DIRECTION('',(0.,0.,1.));
#206 = DIRECTION('',(1.,0.,0.));
#207 = CYLINDRICAL_SURFACE('',#208,0.720636);
#208 = AXIS2_PLACEMENT_3D('',#209,#210,#211);
#209 = CARTESIAN_POINT('',(-19.124138,4.870169,21.5));
#210 = DIRECTION('',(-0.,-0.,-1.));
#211 = DIRECTION('',(1.,0.,0.));
#212 = ADVANCED_FACE('',(#213,#263,#297),#300,.T.);
#213 = FACE_BOUND('',#214,.T.);
#214 = EDGE_LOOP('',(#215,#225,#233,#241,#249,#257));
#215 = ORIENTED_EDGE('',*,*,#216,.F.);
#216 = EDGE_CURVE('',#217,#219,#221,.T.);
#217 = VERTEX_POINT('',#218);
#218 = CARTESIAN_POINT('',(-20.04237942698,6.284763075342,21.5));
#219 = VERTEX_POINT('',#220);
#220 = CARTESIAN_POINT('',(-6.934492899798,6.284763075342,21.5));
#221 = LINE('',#222,#223);
#222 = CARTESIAN_POINT('',(-20.04237942698,6.284763075342,21.5));
#223 = VECTOR('',#224,1.);
#224 = DIRECTION('',(1.,0.,0.));
#225 = ORIENTED_EDGE('',*,*,#226,.F.);
#226 = EDGE_CURVE('',#227,#217,#229,.T.);
#227 = VERTEX_POINT('',#228);
#228 = CARTESIAN_POINT('',(-23.9915,1.715788633913E-16,21.5));
#229 = LINE('',#230,#231);
#230 = CARTESIAN_POINT('',(-23.9915,1.715788633913E-16,21.5));
#231 = VECTOR('',#232,1.);
#232 = DIRECTION('',(0.532045811702,0.846715568683,0.));
#233 = ORIENTED_EDGE('',*,*,#234,.F.);
#234 = EDGE_CURVE('',#235,#227,#237,.T.);
#235 = VERTEX_POINT('',#236);
#236 = CARTESIAN_POINT('',(-20.04237942698,-6.284763075342,21.5));
#237 = LINE('',#238,#239);
#238 = CARTESIAN_POINT('',(-20.04237942698,-6.284763075342,21.5));
#239 = VECTOR('',#240,1.);
#240 = DIRECTION('',(-0.532045811702,0.846715568683,0.));
#241 = ORIENTED_EDGE('',*,*,#242,.F.);
#242 = EDGE_CURVE('',#243,#235,#245,.T.);
#243 = VERTEX_POINT('',#244);
#244 = CARTESIAN_POINT('',(-6.934492899798,-6.284763075342,21.5));
#245 = LINE('',#246,#247);
#246 = CARTESIAN_POINT('',(-6.934492899798,-6.284763075342,21.5));
#247 = VECTOR('',#248,1.);
#248 = DIRECTION('',(-1.,0.,0.));
#249 = ORIENTED_EDGE('',*,*,#250,.F.);
#250 = EDGE_CURVE('',#251,#243,#253,.T.);
#251 = VERTEX_POINT('',#252);
#252 = CARTESIAN_POINT('',(-10.9433,2.403638070028E-16,21.5));
#253 = LINE('',#254,#255);
#254 = CARTESIAN_POINT('',(-10.9433,2.403638070028E-16,21.5));
#255 = VECTOR('',#256,1.);
#256 = DIRECTION('',(0.537773902849,-0.843089099333,0.));
#257 = ORIENTED_EDGE('',*,*,#258,.F.);
#258 = EDGE_CURVE('',#219,#251,#259,.T.);
#259 = LINE('',#260,#261);
#260 = CARTESIAN_POINT('',(-6.934492899798,6.284763075342,21.5));
#261 = VECTOR('',#262,1.);
#262 = DIRECTION('',(-0.537773902849,-0.843089099333,0.));
#263 = FACE_BOUND('',#264,.T.);
#264 = EDGE_LOOP('',(#265,#275,#283,#291));
#265 = ORIENTED_EDGE('',*,*,#266,.F.);
#266 = EDGE_CURVE('',#267,#269,#271,.T.);
#267 = VERTEX_POINT('',#268);
#268 = CARTESIAN_POINT('',(-17.678512,0.834656,21.5));
#269 = VERTEX_POINT('',#270);
#270 = CARTESIAN_POINT('',(-17.678512,-0.834656,21.5));
#271 = LINE('',#272,#273);
#272 = CARTESIAN_POINT('',(-17.678512,0.834656,21.5));
#273 = VECTOR('',#274,1.);
#274 = DIRECTION('',(0.,-1.,0.));
#275 = ORIENTED_EDGE('',*,*,#276,.F.);
#276 = EDGE_CURVE('',#277,#267,#279,.T.);
#277 = VERTEX_POINT('',#278);
#278 = CARTESIAN_POINT('',(-16.0092,0.834656,21.5));
#279 = LINE('',#280,#281);
#280 = CARTESIAN_POINT('',(-16.0092,0.834656,21.5));
#281 = VECTOR('',#282,1.);
#282 = DIRECTION('',(-1.,0.,0.));
#283 = ORIENTED_EDGE('',*,*,#284,.F.);
#284 = EDGE_CURVE('',#285,#277,#287,.T.);
#285 = VERTEX_POINT('',#286);
#286 = CARTESIAN_POINT('',(-16.0092,-0.834656,21.5));
#287 = LINE('',#288,#289);
#288 = CARTESIAN_POINT('',(-16.0092,-0.834656,21.5));
#289 = VECTOR('',#290,1.);
#290 = DIRECTION('',(0.,1.,0.));
#291 = ORIENTED_EDGE('',*,*,#292,.F.);
#292 = EDGE_CURVE('',#269,#285,#293,.T.);
#293 = LINE('',#294,#295);
#294 = CARTESIAN_POINT('',(-17.678512,-0.834656,21.5));
#295 = VECTOR('',#296,1.);
#296 = DIRECTION('',(1.,0.,0.));
#297 = FACE_BOUND('',#298,.T.);
#298 = EDGE_LOOP('',(#299));
#299 = ORIENTED_EDGE('',*,*,#201,.F.);
#300 = PLANE('',#301);
#301 = AXIS2_PLACEMENT_3D('',#302,#303,#304);
#302 = CARTESIAN_POINT('',(-14.53860008659,6.347565282436E-17,21.5));
#303 = DIRECTION('',(0.,0.,1.));
#304 = DIRECTION('',(1.,0.,0.));
#305 = ADVANCED_FACE('',(#306,#331),#365,.T.);
#306 = FACE_BOUND('',#307,.T.);
#307 = EDGE_LOOP('',(#308,#316,#317,#325));
#308 = ORIENTED_EDGE('',*,*,#309,.T.);
#309 = EDGE_CURVE('',#310,#217,#312,.T.);
#310 = VERTEX_POINT('',#311);
#311 = CARTESIAN_POINT('',(-22.92237942698,6.284763075342,14.3));
#312 = LINE('',#313,#314);
#313 = CARTESIAN_POINT('',(-22.92237942698,6.284763075342,14.3));
#314 = VECTOR('',#315,1.);
#315 = DIRECTION('',(0.371390676354,0.,0.928476690885));
#316 = ORIENTED_EDGE('',*,*,#216,.T.);
#317 = ORIENTED_EDGE('',*,*,#318,.F.);
#318 = EDGE_CURVE('',#319,#219,#321,.T.);
#319 = VERTEX_POINT('',#320);
#320 = CARTESIAN_POINT('',(-9.814492899798,6.284763075342,14.3));
#321 = LINE('',#322,#323);
#322 = CARTESIAN_POINT('',(-9.814492899798,6.284763075342,14.3));
#323 = VECTOR('',#324,1.);
#324 = DIRECTION('',(0.371390676354,0.,0.928476690885));
#325 = ORIENTED_EDGE('',*,*,#326,.F.);
#326 = EDGE_CURVE('',#310,#319,#327,.T.);
#327 = LINE('',#328,#329);
#328 = CARTESIAN_POINT('',(-22.92237942698,6.284763075342,14.3));
#329 = VECTOR('',#330,1.);
#330 = DIRECTION('',(1.,0.,0.));
#331 = FACE_BOUND('',#332,.T.);
#332 = EDGE_LOOP('',(#333,#343,#351,#359));
#333 = ORIENTED_EDGE('',*,*,#334,.T.);
#334 = EDGE_CURVE('',#335,#337,#339,.T.);
#335 = VERTEX_POINT('',#336);
#336 = CARTESIAN_POINT('',(-10.52076805351,6.284763075342,
    15.324644930034));
#337 = VERTEX_POINT('',#338);
#338 = CARTESIAN_POINT('',(-8.444694172696,6.284763075342,
    20.514829632082));
#339 = LINE('',#340,#341);
#340 = CARTESIAN_POINT('',(-10.52076805351,6.284763075342,
    15.324644930034));
#341 = VECTOR('',#342,1.);
#342 = DIRECTION('',(0.371390676354,2.061632400097E-16,0.928476690885));
#343 = ORIENTED_EDGE('',*,*,#344,.T.);
#344 = EDGE_CURVE('',#337,#345,#347,.T.);
#345 = VERTEX_POINT('',#346);
#346 = CARTESIAN_POINT('',(-19.24469417269,6.284763075342,
    20.514829632082));
#347 = LINE('',#348,#349);
#348 = CARTESIAN_POINT('',(-8.444694172696,6.284763075342,
    20.514829632082));
#349 = VECTOR('',#350,1.);
#350 = DIRECTION('',(-1.,0.,0.));
#351 = ORIENTED_EDGE('',*,*,#352,.T.);
#352 = EDGE_CURVE('',#345,#353,#355,.T.);
#353 = VERTEX_POINT('',#354);
#354 = CARTESIAN_POINT('',(-21.32076805351,6.284763075342,
    15.324644930034));
#355 = LINE('',#356,#357);
#356 = CARTESIAN_POINT('',(-19.24469417269,6.284763075342,
    20.514829632082));
#357 = VECTOR('',#358,1.);
#358 = DIRECTION('',(-0.371390676354,-2.061632400097E-16,-0.928476690885
    ));
#359 = ORIENTED_EDGE('',*,*,#360,.T.);
#360 = EDGE_CURVE('',#353,#335,#361,.T.);
#361 = LINE('',#362,#363);
#362 = CARTESIAN_POINT('',(-21.32076805351,6.284763075342,
    15.324644930034));
#363 = VECTOR('',#364,1.);
#364 = DIRECTION('',(1.,0.,0.));
#365 = PLANE('',#366);
#366 = AXIS2_PLACEMENT_3D('',#367,#368,#369);
#367 = CARTESIAN_POINT('',(-22.92237942698,6.284763075342,14.3));
#368 = DIRECTION('',(0.,1.,0.));
#369 = DIRECTION('',(1.,0.,0.));
#370 = ADVANCED_FACE('',(#371,#389),#423,.T.);
#371 = FACE_BOUND('',#372,.T.);
#372 = EDGE_LOOP('',(#373,#381,#382,#383));
#373 = ORIENTED_EDGE('',*,*,#374,.T.);
#374 = EDGE_CURVE('',#375,#227,#377,.T.);
#375 = VERTEX_POINT('',#376);
#376 = CARTESIAN_POINT('',(-26.8715,1.715788633913E-16,14.3));
#377 = LINE('',#378,#379);
#378 = CARTESIAN_POINT('',(-26.8715,1.715788633913E-16,14.3));
#379 = VECTOR('',#380,1.);
#380 = DIRECTION('',(0.371390676354,0.,0.928476690885));
#381 = ORIENTED_EDGE('',*,*,#226,.T.);
#382 = ORIENTED_EDGE('',*,*,#309,.F.);
#383 = ORIENTED_EDGE('',*,*,#384,.F.);
#384 = EDGE_CURVE('',#375,#310,#385,.T.);
#385 = LINE('',#386,#387);
#386 = CARTESIAN_POINT('',(-26.8715,1.715788633913E-16,14.3));
#387 = VECTOR('',#388,1.);
#388 = DIRECTION('',(0.532045811702,0.846715568683,0.));
#389 = FACE_BOUND('',#390,.T.);
#390 = EDGE_LOOP('',(#391,#401,#409,#417));
#391 = ORIENTED_EDGE('',*,*,#392,.T.);
#392 = EDGE_CURVE('',#393,#395,#397,.T.);
#393 = VERTEX_POINT('',#394);
#394 = CARTESIAN_POINT('',(-23.16873531829,5.222732921283,
    15.352464782579));
#395 = VERTEX_POINT('',#396);
#396 = CARTESIAN_POINT('',(-21.09266143747,5.222732921283,
    20.542649484628));
#397 = LINE('',#398,#399);
#398 = CARTESIAN_POINT('',(-23.16873531829,5.222732921283,
    15.352464782579));
#399 = VECTOR('',#400,1.);
#400 = DIRECTION('',(0.371390676354,-2.017164528126E-17,0.928476690885)
  );
#401 = ORIENTED_EDGE('',*,*,#402,.T.);
#402 = EDGE_CURVE('',#395,#403,#405,.T.);
#403 = VERTEX_POINT('',#404);
#404 = CARTESIAN_POINT('',(-23.7901337028,0.929884988061,20.542649484628
    ));
#405 = LINE('',#406,#407);
#406 = CARTESIAN_POINT('',(-21.09266143747,5.222732921283,
    20.542649484628));
#407 = VECTOR('',#408,1.);
#408 = DIRECTION('',(-0.532045811702,-0.846715568683,-5.275928212667E-16
    ));
#409 = ORIENTED_EDGE('',*,*,#410,.T.);
#410 = EDGE_CURVE('',#403,#411,#413,.T.);
#411 = VERTEX_POINT('',#412);
#412 = CARTESIAN_POINT('',(-25.86620758362,0.929884988061,
    15.352464782579));
#413 = LINE('',#414,#415);
#414 = CARTESIAN_POINT('',(-23.7901337028,0.929884988061,20.542649484628
    ));
#415 = VECTOR('',#416,1.);
#416 = DIRECTION('',(-0.371390676354,2.017164528126E-17,-0.928476690885)
  );
#417 = ORIENTED_EDGE('',*,*,#418,.T.);
#418 = EDGE_CURVE('',#411,#393,#419,.T.);
#419 = LINE('',#420,#421);
#420 = CARTESIAN_POINT('',(-25.86620758362,0.929884988061,
    15.352464782579));
#421 = VECTOR('',#422,1.);
#422 = DIRECTION('',(0.532045811702,0.846715568683,2.006613564759E-14));
#423 = PLANE('',#424);
#424 = AXIS2_PLACEMENT_3D('',#425,#426,#427);
#425 = CARTESIAN_POINT('',(-26.8715,1.715788633913E-16,14.3));
#426 = DIRECTION('',(-0.801967772046,0.503927895056,0.320787108818));
#427 = DIRECTION('',(0.532045811702,0.846715568683,9.425788263136E-18));
#428 = ADVANCED_FACE('',(#429),#447,.T.);
#429 = FACE_BOUND('',#430,.T.);
#430 = EDGE_LOOP('',(#431,#432,#433,#441));
#431 = ORIENTED_EDGE('',*,*,#318,.T.);
#432 = ORIENTED_EDGE('',*,*,#258,.T.);
#433 = ORIENTED_EDGE('',*,*,#434,.F.);
#434 = EDGE_CURVE('',#435,#251,#437,.T.);
#435 = VERTEX_POINT('',#436);
#436 = CARTESIAN_POINT('',(-13.8233,2.403638070028E-16,14.3));
#437 = LINE('',#438,#439);
#438 = CARTESIAN_POINT('',(-13.8233,2.403638070028E-16,14.3));
#439 = VECTOR('',#440,1.);
#440 = DIRECTION('',(0.371390676354,0.,0.928476690885));
#441 = ORIENTED_EDGE('',*,*,#442,.F.);
#442 = EDGE_CURVE('',#319,#435,#443,.T.);
#443 = LINE('',#444,#445);
#444 = CARTESIAN_POINT('',(-9.814492899798,6.284763075342,14.3));
#445 = VECTOR('',#446,1.);
#446 = DIRECTION('',(-0.537773902849,-0.843089099333,0.));
#447 = PLANE('',#448);
#448 = AXIS2_PLACEMENT_3D('',#449,#450,#451);
#449 = CARTESIAN_POINT('',(-9.814492899798,6.284763075342,14.3));
#450 = DIRECTION('',(0.798884378605,-0.509577422538,-0.319553751442));
#451 = DIRECTION('',(-0.537773902849,-0.843089099333,-1.63417035449E-17)
  );
#452 = ADVANCED_FACE('',(#453,#471),#505,.T.);
#453 = FACE_BOUND('',#454,.T.);
#454 = EDGE_LOOP('',(#455,#463,#464,#465));
#455 = ORIENTED_EDGE('',*,*,#456,.T.);
#456 = EDGE_CURVE('',#457,#235,#459,.T.);
#457 = VERTEX_POINT('',#458);
#458 = CARTESIAN_POINT('',(-22.92237942698,-6.284763075342,14.3));
#459 = LINE('',#460,#461);
#460 = CARTESIAN_POINT('',(-22.92237942698,-6.284763075342,14.3));
#461 = VECTOR('',#462,1.);
#462 = DIRECTION('',(0.371390676354,0.,0.928476690885));
#463 = ORIENTED_EDGE('',*,*,#234,.T.);
#464 = ORIENTED_EDGE('',*,*,#374,.F.);
#465 = ORIENTED_EDGE('',*,*,#466,.F.);
#466 = EDGE_CURVE('',#457,#375,#467,.T.);
#467 = LINE('',#468,#469);
#468 = CARTESIAN_POINT('',(-22.92237942698,-6.284763075342,14.3));
#469 = VECTOR('',#470,1.);
#470 = DIRECTION('',(-0.532045811702,0.846715568683,0.));
#471 = FACE_BOUND('',#472,.T.);
#472 = EDGE_LOOP('',(#473,#483,#491,#499));
#473 = ORIENTED_EDGE('',*,*,#474,.T.);
#474 = EDGE_CURVE('',#475,#477,#479,.T.);
#475 = VERTEX_POINT('',#476);
#476 = CARTESIAN_POINT('',(-25.84049155728,-0.997514571539,
    15.310514813495));
#477 = VERTEX_POINT('',#478);
#478 = CARTESIAN_POINT('',(-23.76441767646,-0.997514571539,
    20.500699515544));
#479 = LINE('',#480,#481);
#480 = CARTESIAN_POINT('',(-25.84049155728,-0.997514571539,
    15.310514813495));
#481 = VECTOR('',#482,1.);
#482 = DIRECTION('',(0.371390676354,-1.787455345792E-16,0.928476690885)
  );
#483 = ORIENTED_EDGE('',*,*,#484,.T.);
#484 = EDGE_CURVE('',#477,#485,#487,.T.);
#485 = VERTEX_POINT('',#486);
#486 = CARTESIAN_POINT('',(-21.06694541113,-5.290362504761,
    20.500699515544));
#487 = LINE('',#488,#489);
#488 = CARTESIAN_POINT('',(-23.76441767646,-0.997514571539,
    20.500699515544));
#489 = VECTOR('',#490,1.);
#490 = DIRECTION('',(0.532045811702,-0.846715568683,2.292587835953E-16)
  );
#491 = ORIENTED_EDGE('',*,*,#492,.T.);
#492 = EDGE_CURVE('',#485,#493,#495,.T.);
#493 = VERTEX_POINT('',#494);
#494 = CARTESIAN_POINT('',(-23.14301929195,-5.290362504761,
    15.310514813495));
#495 = LINE('',#496,#497);
#496 = CARTESIAN_POINT('',(-21.06694541113,-5.290362504761,
    20.500699515544));
#497 = VECTOR('',#498,1.);
#498 = DIRECTION('',(-0.371390676354,1.787455345792E-16,-0.928476690885)
  );
#499 = ORIENTED_EDGE('',*,*,#500,.T.);
#500 = EDGE_CURVE('',#493,#475,#501,.T.);
#501 = LINE('',#502,#503);
#502 = CARTESIAN_POINT('',(-23.14301929195,-5.290362504761,
    15.310514813495));
#503 = VECTOR('',#504,1.);
#504 = DIRECTION('',(-0.532045811702,0.846715568683,-5.275928212667E-16)
  );
#505 = PLANE('',#506);
#506 = AXIS2_PLACEMENT_3D('',#507,#508,#509);
#507 = CARTESIAN_POINT('',(-22.92237942698,-6.284763075342,14.3));
#508 = DIRECTION('',(-0.801967772046,-0.503927895056,0.320787108818));
#509 = DIRECTION('',(-0.532045811702,0.846715568683,-9.425788263136E-18)
  );
#510 = ADVANCED_FACE('',(#511),#529,.T.);
#511 = FACE_BOUND('',#512,.T.);
#512 = EDGE_LOOP('',(#513,#514,#515,#523));
#513 = ORIENTED_EDGE('',*,*,#434,.T.);
#514 = ORIENTED_EDGE('',*,*,#250,.T.);
#515 = ORIENTED_EDGE('',*,*,#516,.F.);
#516 = EDGE_CURVE('',#517,#243,#519,.T.);
#517 = VERTEX_POINT('',#518);
#518 = CARTESIAN_POINT('',(-9.814492899798,-6.284763075342,14.3));
#519 = LINE('',#520,#521);
#520 = CARTESIAN_POINT('',(-9.814492899798,-6.284763075342,14.3));
#521 = VECTOR('',#522,1.);
#522 = DIRECTION('',(0.371390676354,0.,0.928476690885));
#523 = ORIENTED_EDGE('',*,*,#524,.F.);
#524 = EDGE_CURVE('',#435,#517,#525,.T.);
#525 = LINE('',#526,#527);
#526 = CARTESIAN_POINT('',(-13.8233,2.403638070028E-16,14.3));
#527 = VECTOR('',#528,1.);
#528 = DIRECTION('',(0.537773902849,-0.843089099333,0.));
#529 = PLANE('',#530);
#530 = AXIS2_PLACEMENT_3D('',#531,#532,#533);
#531 = CARTESIAN_POINT('',(-13.8233,2.403638070028E-16,14.3));
#532 = DIRECTION('',(0.798884378605,0.509577422538,-0.319553751442));
#533 = DIRECTION('',(0.537773902849,-0.843089099333,1.63417035449E-17));
#534 = ADVANCED_FACE('',(#535,#546),#580,.T.);
#535 = FACE_BOUND('',#536,.T.);
#536 = EDGE_LOOP('',(#537,#538,#539,#540));
#537 = ORIENTED_EDGE('',*,*,#516,.T.);
#538 = ORIENTED_EDGE('',*,*,#242,.T.);
#539 = ORIENTED_EDGE('',*,*,#456,.F.);
#540 = ORIENTED_EDGE('',*,*,#541,.F.);
#541 = EDGE_CURVE('',#517,#457,#542,.T.);
#542 = LINE('',#543,#544);
#543 = CARTESIAN_POINT('',(-9.814492899798,-6.284763075342,14.3));
#544 = VECTOR('',#545,1.);
#545 = DIRECTION('',(-1.,0.,0.));
#546 = FACE_BOUND('',#547,.T.);
#547 = EDGE_LOOP('',(#548,#558,#566,#574));
#548 = ORIENTED_EDGE('',*,*,#549,.T.);
#549 = EDGE_CURVE('',#550,#552,#554,.T.);
#550 = VERTEX_POINT('',#551);
#551 = CARTESIAN_POINT('',(-21.41400246101,-6.284763075342,
    15.268140341635));
#552 = VERTEX_POINT('',#553);
#553 = CARTESIAN_POINT('',(-19.33792858019,-6.284763075342,
    20.458325043683));
#554 = LINE('',#555,#556);
#555 = CARTESIAN_POINT('',(-21.41400246101,-6.284763075342,
    15.268140341635));
#556 = VECTOR('',#557,1.);
#557 = DIRECTION('',(0.371390676354,2.061632400097E-16,0.928476690885));
#558 = ORIENTED_EDGE('',*,*,#559,.T.);
#559 = EDGE_CURVE('',#552,#560,#562,.T.);
#560 = VERTEX_POINT('',#561);
#561 = CARTESIAN_POINT('',(-8.537928580199,-6.284763075342,
    20.458325043683));
#562 = LINE('',#563,#564);
#563 = CARTESIAN_POINT('',(-19.33792858019,-6.284763075342,
    20.458325043683));
#564 = VECTOR('',#565,1.);
#565 = DIRECTION('',(1.,0.,0.));
#566 = ORIENTED_EDGE('',*,*,#567,.T.);
#567 = EDGE_CURVE('',#560,#568,#570,.T.);
#568 = VERTEX_POINT('',#569);
#569 = CARTESIAN_POINT('',(-10.61400246101,-6.284763075342,
    15.268140341635));
#570 = LINE('',#571,#572);
#571 = CARTESIAN_POINT('',(-8.537928580199,-6.284763075342,
    20.458325043683));
#572 = VECTOR('',#573,1.);
#573 = DIRECTION('',(-0.371390676354,-2.061632400097E-16,-0.928476690885
    ));
#574 = ORIENTED_EDGE('',*,*,#575,.T.);
#575 = EDGE_CURVE('',#568,#550,#576,.T.);
#576 = LINE('',#577,#578);
#577 = CARTESIAN_POINT('',(-10.61400246101,-6.284763075342,
    15.268140341635));
#578 = VECTOR('',#579,1.);
#579 = DIRECTION('',(-1.,0.,0.));
#580 = PLANE('',#581);
#581 = AXIS2_PLACEMENT_3D('',#582,#583,#584);
#582 = CARTESIAN_POINT('',(-9.814492899798,-6.284763075342,14.3));
#583 = DIRECTION('',(0.,-1.,0.));
#584 = DIRECTION('',(-1.,0.,0.));
#585 = ADVANCED_FACE('',(#586),#611,.F.);
#586 = FACE_BOUND('',#587,.F.);
#587 = EDGE_LOOP('',(#588,#596,#604,#610));
#588 = ORIENTED_EDGE('',*,*,#589,.T.);
#589 = EDGE_CURVE('',#267,#590,#592,.T.);
#590 = VERTEX_POINT('',#591);
#591 = CARTESIAN_POINT('',(-17.678512,0.834656,22.6));
#592 = LINE('',#593,#594);
#593 = CARTESIAN_POINT('',(-17.678512,0.834656,21.5));
#594 = VECTOR('',#595,1.);
#595 = DIRECTION('',(0.,0.,1.));
#596 = ORIENTED_EDGE('',*,*,#597,.T.);
#597 = EDGE_CURVE('',#590,#598,#600,.T.);
#598 = VERTEX_POINT('',#599);
#599 = CARTESIAN_POINT('',(-17.678512,-0.834656,22.6));
#600 = LINE('',#601,#602);
#601 = CARTESIAN_POINT('',(-17.678512,0.834656,22.6));
#602 = VECTOR('',#603,1.);
#603 = DIRECTION('',(0.,-1.,0.));
#604 = ORIENTED_EDGE('',*,*,#605,.F.);
#605 = EDGE_CURVE('',#269,#598,#606,.T.);
#606 = LINE('',#607,#608);
#607 = CARTESIAN_POINT('',(-17.678512,-0.834656,21.5));
#608 = VECTOR('',#609,1.);
#609 = DIRECTION('',(0.,0.,1.));
#610 = ORIENTED_EDGE('',*,*,#266,.F.);
#611 = PLANE('',#612);
#612 = AXIS2_PLACEMENT_3D('',#613,#614,#615);
#613 = CARTESIAN_POINT('',(-17.678512,0.834656,21.5));
#614 = DIRECTION('',(1.,0.,0.));
#615 = DIRECTION('',(0.,-1.,0.));
#616 = ADVANCED_FACE('',(#617),#635,.F.);
#617 = FACE_BOUND('',#618,.F.);
#618 = EDGE_LOOP('',(#619,#627,#633,#634));
#619 = ORIENTED_EDGE('',*,*,#620,.T.);
#620 = EDGE_CURVE('',#277,#621,#623,.T.);
#621 = VERTEX_POINT('',#622);
#622 = CARTESIAN_POINT('',(-16.0092,0.834656,22.6));
#623 = LINE('',#624,#625);
#624 = CARTESIAN_POINT('',(-16.0092,0.834656,21.5));
#625 = VECTOR('',#626,1.);
#626 = DIRECTION('',(0.,0.,1.));
#627 = ORIENTED_EDGE('',*,*,#628,.T.);
#628 = EDGE_CURVE('',#621,#590,#629,.T.);
#629 = LINE('',#630,#631);
#630 = CARTESIAN_POINT('',(-16.0092,0.834656,22.6));
#631 = VECTOR('',#632,1.);
#632 = DIRECTION('',(-1.,0.,0.));
#633 = ORIENTED_EDGE('',*,*,#589,.F.);
#634 = ORIENTED_EDGE('',*,*,#276,.F.);
#635 = PLANE('',#636);
#636 = AXIS2_PLACEMENT_3D('',#637,#638,#639);
#637 = CARTESIAN_POINT('',(-16.0092,0.834656,21.5));
#638 = DIRECTION('',(0.,-1.,0.));
#639 = DIRECTION('',(-1.,0.,0.));
#640 = ADVANCED_FACE('',(#641),#659,.F.);
#641 = FACE_BOUND('',#642,.F.);
#642 = EDGE_LOOP('',(#643,#644,#652,#658));
#643 = ORIENTED_EDGE('',*,*,#605,.T.);
#644 = ORIENTED_EDGE('',*,*,#645,.T.);
#645 = EDGE_CURVE('',#598,#646,#648,.T.);
#646 = VERTEX_POINT('',#647);
#647 = CARTESIAN_POINT('',(-16.0092,-0.834656,22.6));
#648 = LINE('',#649,#650);
#649 = CARTESIAN_POINT('',(-17.678512,-0.834656,22.6));
#650 = VECTOR('',#651,1.);
#651 = DIRECTION('',(1.,0.,0.));
#652 = ORIENTED_EDGE('',*,*,#653,.F.);
#653 = EDGE_CURVE('',#285,#646,#654,.T.);
#654 = LINE('',#655,#656);
#655 = CARTESIAN_POINT('',(-16.0092,-0.834656,21.5));
#656 = VECTOR('',#657,1.);
#657 = DIRECTION('',(0.,0.,1.));
#658 = ORIENTED_EDGE('',*,*,#292,.F.);
#659 = PLANE('',#660);
#660 = AXIS2_PLACEMENT_3D('',#661,#662,#663);
#661 = CARTESIAN_POINT('',(-17.678512,-0.834656,21.5));
#662 = DIRECTION('',(0.,1.,0.));
#663 = DIRECTION('',(1.,0.,0.));
#664 = ADVANCED_FACE('',(#665),#676,.F.);
#665 = FACE_BOUND('',#666,.F.);
#666 = EDGE_LOOP('',(#667,#668,#674,#675));
#667 = ORIENTED_EDGE('',*,*,#653,.T.);
#668 = ORIENTED_EDGE('',*,*,#669,.T.);
#669 = EDGE_CURVE('',#646,#621,#670,.T.);
#670 = LINE('',#671,#672);
#671 = CARTESIAN_POINT('',(-16.0092,-0.834656,22.6));
#672 = VECTOR('',#673,1.);
#673 = DIRECTION('',(0.,1.,0.));
#674 = ORIENTED_EDGE('',*,*,#620,.F.);
#675 = ORIENTED_EDGE('',*,*,#284,.F.);
#676 = PLANE('',#677);
#677 = AXIS2_PLACEMENT_3D('',#678,#679,#680);
#678 = CARTESIAN_POINT('',(-16.0092,-0.834656,21.5));
#679 = DIRECTION('',(-1.,0.,0.));
#680 = DIRECTION('',(0.,1.,0.));
#681 = ADVANCED_FACE('',(#682,#717,#725,#736),#770,.T.);
#682 = FACE_BOUND('',#683,.T.);
#683 = EDGE_LOOP('',(#684,#694,#702,#711));
#684 = ORIENTED_EDGE('',*,*,#685,.T.);
#685 = EDGE_CURVE('',#686,#688,#690,.T.);
#686 = VERTEX_POINT('',#687);
#687 = CARTESIAN_POINT('',(12.507399838174,-7.280778391022,14.3));
#688 = VERTEX_POINT('',#689);
#689 = CARTESIAN_POINT('',(12.507399838174,7.280778391022,14.3));
#690 = LINE('',#691,#692);
#691 = CARTESIAN_POINT('',(12.507399838174,-10.83498495664,14.3));
#692 = VECTOR('',#693,1.);
#693 = DIRECTION('',(1.747115469305E-14,1.,-2.22044604925E-16));
#694 = ORIENTED_EDGE('',*,*,#695,.T.);
#695 = EDGE_CURVE('',#688,#696,#698,.T.);
#696 = VERTEX_POINT('',#697);
#697 = CARTESIAN_POINT('',(-23.18587933474,7.280778391022,14.3));
#698 = LINE('',#699,#700);
#699 = CARTESIAN_POINT('',(15.817874,7.280778391022,14.3));
#700 = VECTOR('',#701,1.);
#701 = DIRECTION('',(-1.,-0.,-0.));
#702 = ORIENTED_EDGE('',*,*,#703,.T.);
#703 = EDGE_CURVE('',#696,#704,#706,.T.);
#704 = VERTEX_POINT('',#705);
#705 = CARTESIAN_POINT('',(-23.18587933474,-7.280778391022,14.3));
#706 = CIRCLE('',#707,8.558425089009);
#707 = AXIS2_PLACEMENT_3D('',#708,#709,#710);
#708 = CARTESIAN_POINT('',(-18.68733445612,5.E-16,14.3));
#709 = DIRECTION('',(0.,0.,1.));
#710 = DIRECTION('',(-0.529411208328,0.848365353192,0.));
#711 = ORIENTED_EDGE('',*,*,#712,.F.);
#712 = EDGE_CURVE('',#686,#704,#713,.T.);
#713 = LINE('',#714,#715);
#714 = CARTESIAN_POINT('',(15.817874,-7.280778391022,14.3));
#715 = VECTOR('',#716,1.);
#716 = DIRECTION('',(-1.,-0.,-0.));
#717 = FACE_BOUND('',#718,.T.);
#718 = EDGE_LOOP('',(#719,#720,#721,#722,#723,#724));
#719 = ORIENTED_EDGE('',*,*,#384,.T.);
#720 = ORIENTED_EDGE('',*,*,#326,.T.);
#721 = ORIENTED_EDGE('',*,*,#442,.T.);
#722 = ORIENTED_EDGE('',*,*,#524,.T.);
#723 = ORIENTED_EDGE('',*,*,#541,.T.);
#724 = ORIENTED_EDGE('',*,*,#466,.T.);
#725 = FACE_BOUND('',#726,.T.);
#726 = EDGE_LOOP('',(#727));
#727 = ORIENTED_EDGE('',*,*,#728,.T.);
#728 = EDGE_CURVE('',#729,#729,#731,.T.);
#729 = VERTEX_POINT('',#730);
#730 = CARTESIAN_POINT('',(1.99852,0.,14.3));
#731 = CIRCLE('',#732,6.76);
#732 = AXIS2_PLACEMENT_3D('',#733,#734,#735);
#733 = CARTESIAN_POINT('',(-4.76148,0.,14.3));
#734 = DIRECTION('',(0.,0.,-1.));
#735 = DIRECTION('',(1.,0.,0.));
#736 = FACE_BOUND('',#737,.T.);
#737 = EDGE_LOOP('',(#738,#748,#756,#764));
#738 = ORIENTED_EDGE('',*,*,#739,.F.);
#739 = EDGE_CURVE('',#740,#742,#744,.T.);
#740 = VERTEX_POINT('',#741);
#741 = CARTESIAN_POINT('',(6.435245,5.558616,14.3));
#742 = VERTEX_POINT('',#743);
#743 = CARTESIAN_POINT('',(6.435245,-5.558616,14.3));
#744 = LINE('',#745,#746);
#745 = CARTESIAN_POINT('',(6.435245,5.558616,14.3));
#746 = VECTOR('',#747,1.);
#747 = DIRECTION('',(0.,-1.,0.));
#748 = ORIENTED_EDGE('',*,*,#749,.F.);
#749 = EDGE_CURVE('',#750,#740,#752,.T.);
#750 = VERTEX_POINT('',#751);
#751 = CARTESIAN_POINT('',(10.555749,5.558616,14.3));
#752 = LINE('',#753,#754);
#753 = CARTESIAN_POINT('',(10.555749,5.558616,14.3));
#754 = VECTOR('',#755,1.);
#755 = DIRECTION('',(-1.,0.,0.));
#756 = ORIENTED_EDGE('',*,*,#757,.F.);
#757 = EDGE_CURVE('',#758,#750,#760,.T.);
#758 = VERTEX_POINT('',#759);
#759 = CARTESIAN_POINT('',(10.555749,-5.558616,14.3));
#760 = LINE('',#761,#762);
#761 = CARTESIAN_POINT('',(10.555749,-5.558616,14.3));
#762 = VECTOR('',#763,1.);
#763 = DIRECTION('',(0.,1.,0.));
#764 = ORIENTED_EDGE('',*,*,#765,.F.);
#765 = EDGE_CURVE('',#742,#758,#766,.T.);
#766 = LINE('',#767,#768);
#767 = CARTESIAN_POINT('',(6.435245,-5.558616,14.3));
#768 = VECTOR('',#769,1.);
#769 = DIRECTION('',(1.,0.,0.));
#770 = PLANE('',#771);
#771 = AXIS2_PLACEMENT_3D('',#772,#773,#774);
#772 = CARTESIAN_POINT('',(-4.045389261499,6.216333609965E-16,14.3));
#773 = DIRECTION('',(0.,0.,1.));
#774 = DIRECTION('',(1.,0.,0.));
#775 = ADVANCED_FACE('',(#776),#801,.T.);
#776 = FACE_BOUND('',#777,.T.);
#777 = EDGE_LOOP('',(#778,#786,#794,#800));
#778 = ORIENTED_EDGE('',*,*,#779,.T.);
#779 = EDGE_CURVE('',#335,#780,#782,.T.);
#780 = VERTEX_POINT('',#781);
#781 = CARTESIAN_POINT('',(-10.52076805351,5.284763075342,
    15.324644930034));
#782 = LINE('',#783,#784);
#783 = CARTESIAN_POINT('',(-10.52076805351,6.284763075342,
    15.324644930034));
#784 = VECTOR('',#785,1.);
#785 = DIRECTION('',(0.,-1.,2.22044604925E-16));
#786 = ORIENTED_EDGE('',*,*,#787,.T.);
#787 = EDGE_CURVE('',#780,#788,#790,.T.);
#788 = VERTEX_POINT('',#789);
#789 = CARTESIAN_POINT('',(-8.444694172696,5.284763075342,
    20.514829632082));
#790 = LINE('',#791,#792);
#791 = CARTESIAN_POINT('',(-10.52076805351,5.284763075342,
    15.324644930034));
#792 = VECTOR('',#793,1.);
#793 = DIRECTION('',(0.371390676354,2.061632400097E-16,0.928476690885));
#794 = ORIENTED_EDGE('',*,*,#795,.F.);
#795 = EDGE_CURVE('',#337,#788,#796,.T.);
#796 = LINE('',#797,#798);
#797 = CARTESIAN_POINT('',(-8.444694172696,6.284763075342,
    20.514829632082));
#798 = VECTOR('',#799,1.);
#799 = DIRECTION('',(0.,-1.,2.22044604925E-16));
#800 = ORIENTED_EDGE('',*,*,#334,.F.);
#801 = PLANE('',#802);
#802 = AXIS2_PLACEMENT_3D('',#803,#804,#805);
#803 = CARTESIAN_POINT('',(-10.52076805351,6.284763075342,
    15.324644930034));
#804 = DIRECTION('',(-0.928476690885,8.246529600389E-17,0.371390676354)
  );
#805 = DIRECTION('',(0.371390676354,2.061632400097E-16,0.928476690885));
#806 = ADVANCED_FACE('',(#807),#825,.T.);
#807 = FACE_BOUND('',#808,.T.);
#808 = EDGE_LOOP('',(#809,#817,#823,#824));
#809 = ORIENTED_EDGE('',*,*,#810,.T.);
#810 = EDGE_CURVE('',#353,#811,#813,.T.);
#811 = VERTEX_POINT('',#812);
#812 = CARTESIAN_POINT('',(-21.32076805351,5.284763075342,
    15.324644930034));
#813 = LINE('',#814,#815);
#814 = CARTESIAN_POINT('',(-21.32076805351,6.284763075342,
    15.324644930034));
#815 = VECTOR('',#816,1.);
#816 = DIRECTION('',(0.,-1.,2.22044604925E-16));
#817 = ORIENTED_EDGE('',*,*,#818,.T.);
#818 = EDGE_CURVE('',#811,#780,#819,.T.);
#819 = LINE('',#820,#821);
#820 = CARTESIAN_POINT('',(-21.32076805351,5.284763075342,
    15.324644930034));
#821 = VECTOR('',#822,1.);
#822 = DIRECTION('',(1.,0.,0.));
#823 = ORIENTED_EDGE('',*,*,#779,.F.);
#824 = ORIENTED_EDGE('',*,*,#360,.F.);
#825 = PLANE('',#826);
#826 = AXIS2_PLACEMENT_3D('',#827,#828,#829);
#827 = CARTESIAN_POINT('',(-21.32076805351,6.284763075342,
    15.324644930034));
#828 = DIRECTION('',(0.,2.22044604925E-16,1.));
#829 = DIRECTION('',(1.,0.,0.));
#830 = ADVANCED_FACE('',(#831),#849,.T.);
#831 = FACE_BOUND('',#832,.T.);
#832 = EDGE_LOOP('',(#833,#841,#847,#848));
#833 = ORIENTED_EDGE('',*,*,#834,.T.);
#834 = EDGE_CURVE('',#345,#835,#837,.T.);
#835 = VERTEX_POINT('',#836);
#836 = CARTESIAN_POINT('',(-19.24469417269,5.284763075342,
    20.514829632082));
#837 = LINE('',#838,#839);
#838 = CARTESIAN_POINT('',(-19.24469417269,6.284763075342,
    20.514829632082));
#839 = VECTOR('',#840,1.);
#840 = DIRECTION('',(0.,-1.,2.22044604925E-16));
#841 = ORIENTED_EDGE('',*,*,#842,.T.);
#842 = EDGE_CURVE('',#835,#811,#843,.T.);
#843 = LINE('',#844,#845);
#844 = CARTESIAN_POINT('',(-19.24469417269,5.284763075342,
    20.514829632082));
#845 = VECTOR('',#846,1.);
#846 = DIRECTION('',(-0.371390676354,-2.061632400097E-16,-0.928476690885
    ));
#847 = ORIENTED_EDGE('',*,*,#810,.F.);
#848 = ORIENTED_EDGE('',*,*,#352,.F.);
#849 = PLANE('',#850);
#850 = AXIS2_PLACEMENT_3D('',#851,#852,#853);
#851 = CARTESIAN_POINT('',(-19.24469417269,6.284763075342,
    20.514829632082));
#852 = DIRECTION('',(0.928476690885,-8.246529600389E-17,-0.371390676354)
  );
#853 = DIRECTION('',(-0.371390676354,-2.061632400097E-16,-0.928476690885
    ));
#854 = ADVANCED_FACE('',(#855),#866,.T.);
#855 = FACE_BOUND('',#856,.T.);
#856 = EDGE_LOOP('',(#857,#858,#864,#865));
#857 = ORIENTED_EDGE('',*,*,#795,.T.);
#858 = ORIENTED_EDGE('',*,*,#859,.T.);
#859 = EDGE_CURVE('',#788,#835,#860,.T.);
#860 = LINE('',#861,#862);
#861 = CARTESIAN_POINT('',(-8.444694172696,5.284763075342,
    20.514829632082));
#862 = VECTOR('',#863,1.);
#863 = DIRECTION('',(-1.,0.,0.));
#864 = ORIENTED_EDGE('',*,*,#834,.F.);
#865 = ORIENTED_EDGE('',*,*,#344,.F.);
#866 = PLANE('',#867);
#867 = AXIS2_PLACEMENT_3D('',#868,#869,#870);
#868 = CARTESIAN_POINT('',(-8.444694172696,6.284763075342,
    20.514829632082));
#869 = DIRECTION('',(-0.,-2.22044604925E-16,-1.));
#870 = DIRECTION('',(-1.,0.,0.));
#871 = ADVANCED_FACE('',(#872),#897,.T.);
#872 = FACE_BOUND('',#873,.T.);
#873 = EDGE_LOOP('',(#874,#882,#890,#896));
#874 = ORIENTED_EDGE('',*,*,#875,.T.);
#875 = EDGE_CURVE('',#393,#876,#878,.T.);
#876 = VERTEX_POINT('',#877);
#877 = CARTESIAN_POINT('',(-22.36676754624,4.718805026228,
    15.031677673761));
#878 = LINE('',#879,#880);
#879 = CARTESIAN_POINT('',(-23.16873531829,5.222732921283,
    15.352464782579));
#880 = VECTOR('',#881,1.);
#881 = DIRECTION('',(0.801967772046,-0.503927895056,-0.320787108818));
#882 = ORIENTED_EDGE('',*,*,#883,.T.);
#883 = EDGE_CURVE('',#876,#884,#886,.T.);
#884 = VERTEX_POINT('',#885);
#885 = CARTESIAN_POINT('',(-20.29069366542,4.718805026228,
    20.221862375809));
#886 = LINE('',#887,#888);
#887 = CARTESIAN_POINT('',(-22.36676754624,4.718805026228,
    15.031677673761));
#888 = VECTOR('',#889,1.);
#889 = DIRECTION('',(0.371390676354,-2.017164528126E-17,0.928476690885)
  );
#890 = ORIENTED_EDGE('',*,*,#891,.F.);
#891 = EDGE_CURVE('',#395,#884,#892,.T.);
#892 = LINE('',#893,#894);
#893 = CARTESIAN_POINT('',(-21.09266143747,5.222732921283,
    20.542649484628));
#894 = VECTOR('',#895,1.);
#895 = DIRECTION('',(0.801967772046,-0.503927895056,-0.320787108818));
#896 = ORIENTED_EDGE('',*,*,#392,.F.);
#897 = PLANE('',#898);
#898 = AXIS2_PLACEMENT_3D('',#899,#900,#901);
#899 = CARTESIAN_POINT('',(-23.16873531829,5.222732921283,
    15.352464782579));
#900 = DIRECTION('',(-0.467885304446,-0.863745724496,0.187154121779));
#901 = DIRECTION('',(0.371390676354,-1.227846609233E-17,0.928476690885)
  );
#902 = ADVANCED_FACE('',(#903),#921,.T.);
#903 = FACE_BOUND('',#904,.T.);
#904 = EDGE_LOOP('',(#905,#913,#919,#920));
#905 = ORIENTED_EDGE('',*,*,#906,.T.);
#906 = EDGE_CURVE('',#411,#907,#909,.T.);
#907 = VERTEX_POINT('',#908);
#908 = CARTESIAN_POINT('',(-25.06423981158,0.425957093005,
    15.031677673761));
#909 = LINE('',#910,#911);
#910 = CARTESIAN_POINT('',(-25.86620758362,0.929884988061,
    15.352464782579));
#911 = VECTOR('',#912,1.);
#912 = DIRECTION('',(0.801967772046,-0.503927895056,-0.320787108818));
#913 = ORIENTED_EDGE('',*,*,#914,.T.);
#914 = EDGE_CURVE('',#907,#876,#915,.T.);
#915 = LINE('',#916,#917);
#916 = CARTESIAN_POINT('',(-25.06423981158,0.425957093005,
    15.031677673761));
#917 = VECTOR('',#918,1.);
#918 = DIRECTION('',(0.532045811702,0.846715568683,2.006613564759E-14));
#919 = ORIENTED_EDGE('',*,*,#875,.F.);
#920 = ORIENTED_EDGE('',*,*,#418,.F.);
#921 = PLANE('',#922);
#922 = AXIS2_PLACEMENT_3D('',#923,#924,#925);
#923 = CARTESIAN_POINT('',(-25.86620758362,0.929884988061,
    15.352464782579));
#924 = DIRECTION('',(0.271615439269,-0.170673437695,0.947151324138));
#925 = DIRECTION('',(0.532045811702,0.846715568683,2.00899473074E-14));
#926 = ADVANCED_FACE('',(#927),#945,.T.);
#927 = FACE_BOUND('',#928,.T.);
#928 = EDGE_LOOP('',(#929,#937,#943,#944));
#929 = ORIENTED_EDGE('',*,*,#930,.T.);
#930 = EDGE_CURVE('',#403,#931,#933,.T.);
#931 = VERTEX_POINT('',#932);
#932 = CARTESIAN_POINT('',(-22.98816593076,0.425957093005,
    20.221862375809));
#933 = LINE('',#934,#935);
#934 = CARTESIAN_POINT('',(-23.7901337028,0.929884988061,20.542649484628
    ));
#935 = VECTOR('',#936,1.);
#936 = DIRECTION('',(0.801967772046,-0.503927895056,-0.320787108818));
#937 = ORIENTED_EDGE('',*,*,#938,.T.);
#938 = EDGE_CURVE('',#931,#907,#939,.T.);
#939 = LINE('',#940,#941);
#940 = CARTESIAN_POINT('',(-22.98816593076,0.425957093005,
    20.221862375809));
#941 = VECTOR('',#942,1.);
#942 = DIRECTION('',(-0.371390676354,2.017164528126E-17,-0.928476690885)
  );
#943 = ORIENTED_EDGE('',*,*,#906,.F.);
#944 = ORIENTED_EDGE('',*,*,#410,.F.);
#945 = PLANE('',#946);
#946 = AXIS2_PLACEMENT_3D('',#947,#948,#949);
#947 = CARTESIAN_POINT('',(-23.7901337028,0.929884988061,20.542649484628
    ));
#948 = DIRECTION('',(0.467885304446,0.863745724496,-0.187154121779));
#949 = DIRECTION('',(-0.371390676354,1.227846609233E-17,-0.928476690885)
  );
#950 = ADVANCED_FACE('',(#951),#962,.T.);
#951 = FACE_BOUND('',#952,.T.);
#952 = EDGE_LOOP('',(#953,#954,#960,#961));
#953 = ORIENTED_EDGE('',*,*,#891,.T.);
#954 = ORIENTED_EDGE('',*,*,#955,.T.);
#955 = EDGE_CURVE('',#884,#931,#956,.T.);
#956 = LINE('',#957,#958);
#957 = CARTESIAN_POINT('',(-20.29069366542,4.718805026228,
    20.221862375809));
#958 = VECTOR('',#959,1.);
#959 = DIRECTION('',(-0.532045811702,-0.846715568683,-5.275928212667E-16
    ));
#960 = ORIENTED_EDGE('',*,*,#930,.F.);
#961 = ORIENTED_EDGE('',*,*,#402,.F.);
#962 = PLANE('',#963);
#963 = AXIS2_PLACEMENT_3D('',#964,#965,#966);
#964 = CARTESIAN_POINT('',(-21.09266143747,5.222732921283,
    20.542649484628));
#965 = DIRECTION('',(-0.271615439269,0.170673437695,-0.947151324138));
#966 = DIRECTION('',(-0.532045811702,-0.846715568683,-5.068497626602E-16
    ));
#967 = ADVANCED_FACE('',(#968),#993,.T.);
#968 = FACE_BOUND('',#969,.T.);
#969 = EDGE_LOOP('',(#970,#978,#986,#992));
#970 = ORIENTED_EDGE('',*,*,#971,.T.);
#971 = EDGE_CURVE('',#475,#972,#974,.T.);
#972 = VERTEX_POINT('',#973);
#973 = CARTESIAN_POINT('',(-25.03852378524,-0.493586676483,
    14.989727704677));
#974 = LINE('',#975,#976);
#975 = CARTESIAN_POINT('',(-25.84049155728,-0.997514571539,
    15.310514813495));
#976 = VECTOR('',#977,1.);
#977 = DIRECTION('',(0.801967772046,0.503927895056,-0.320787108818));
#978 = ORIENTED_EDGE('',*,*,#979,.T.);
#979 = EDGE_CURVE('',#972,#980,#982,.T.);
#980 = VERTEX_POINT('',#981);
#981 = CARTESIAN_POINT('',(-22.96244990442,-0.493586676483,
    20.179912406725));
#982 = LINE('',#983,#984);
#983 = CARTESIAN_POINT('',(-25.03852378524,-0.493586676483,
    14.989727704677));
#984 = VECTOR('',#985,1.);
#985 = DIRECTION('',(0.371390676354,-1.787455345792E-16,0.928476690885)
  );
#986 = ORIENTED_EDGE('',*,*,#987,.F.);
#987 = EDGE_CURVE('',#477,#980,#988,.T.);
#988 = LINE('',#989,#990);
#989 = CARTESIAN_POINT('',(-23.76441767646,-0.997514571539,
    20.500699515544));
#990 = VECTOR('',#991,1.);
#991 = DIRECTION('',(0.801967772046,0.503927895056,-0.320787108818));
#992 = ORIENTED_EDGE('',*,*,#474,.F.);
#993 = PLANE('',#994);
#994 = AXIS2_PLACEMENT_3D('',#995,#996,#997);
#995 = CARTESIAN_POINT('',(-25.84049155728,-0.997514571539,
    15.310514813495));
#996 = DIRECTION('',(0.467885304446,-0.863745724496,-0.187154121779));
#997 = DIRECTION('',(0.371390676354,-1.62832559768E-16,0.928476690885));
#998 = ADVANCED_FACE('',(#999),#1017,.T.);
#999 = FACE_BOUND('',#1000,.T.);
#1000 = EDGE_LOOP('',(#1001,#1009,#1015,#1016));
#1001 = ORIENTED_EDGE('',*,*,#1002,.T.);
#1002 = EDGE_CURVE('',#493,#1003,#1005,.T.);
#1003 = VERTEX_POINT('',#1004);
#1004 = CARTESIAN_POINT('',(-22.34105151991,-4.786434609705,
    14.989727704677));
#1005 = LINE('',#1006,#1007);
#1006 = CARTESIAN_POINT('',(-23.14301929195,-5.290362504761,
    15.310514813495));
#1007 = VECTOR('',#1008,1.);
#1008 = DIRECTION('',(0.801967772046,0.503927895056,-0.320787108818));
#1009 = ORIENTED_EDGE('',*,*,#1010,.T.);
#1010 = EDGE_CURVE('',#1003,#972,#1011,.T.);
#1011 = LINE('',#1012,#1013);
#1012 = CARTESIAN_POINT('',(-22.34105151991,-4.786434609705,
    14.989727704677));
#1013 = VECTOR('',#1014,1.);
#1014 = DIRECTION('',(-0.532045811702,0.846715568683,-5.275928212667E-16
    ));
#1015 = ORIENTED_EDGE('',*,*,#971,.F.);
#1016 = ORIENTED_EDGE('',*,*,#500,.F.);
#1017 = PLANE('',#1018);
#1018 = AXIS2_PLACEMENT_3D('',#1019,#1020,#1021);
#1019 = CARTESIAN_POINT('',(-23.14301929195,-5.290362504761,
    15.310514813495));
#1020 = DIRECTION('',(0.271615439269,0.170673437695,0.947151324138));
#1021 = DIRECTION('',(-0.532045811702,0.846715568683,-4.860755325774E-16
    ));
#1022 = ADVANCED_FACE('',(#1023),#1041,.T.);
#1023 = FACE_BOUND('',#1024,.T.);
#1024 = EDGE_LOOP('',(#1025,#1033,#1039,#1040));
#1025 = ORIENTED_EDGE('',*,*,#1026,.T.);
#1026 = EDGE_CURVE('',#485,#1027,#1029,.T.);
#1027 = VERTEX_POINT('',#1028);
#1028 = CARTESIAN_POINT('',(-20.26497763909,-4.786434609705,
    20.179912406725));
#1029 = LINE('',#1030,#1031);
#1030 = CARTESIAN_POINT('',(-21.06694541113,-5.290362504761,
    20.500699515544));
#1031 = VECTOR('',#1032,1.);
#1032 = DIRECTION('',(0.801967772046,0.503927895056,-0.320787108818));
#1033 = ORIENTED_EDGE('',*,*,#1034,.T.);
#1034 = EDGE_CURVE('',#1027,#1003,#1035,.T.);
#1035 = LINE('',#1036,#1037);
#1036 = CARTESIAN_POINT('',(-20.26497763909,-4.786434609705,
    20.179912406725));
#1037 = VECTOR('',#1038,1.);
#1038 = DIRECTION('',(-0.371390676354,1.787455345792E-16,-0.928476690885
    ));
#1039 = ORIENTED_EDGE('',*,*,#1002,.F.);
#1040 = ORIENTED_EDGE('',*,*,#492,.F.);
#1041 = PLANE('',#1042);
#1042 = AXIS2_PLACEMENT_3D('',#1043,#1044,#1045);
#1043 = CARTESIAN_POINT('',(-21.06694541113,-5.290362504761,
    20.500699515544));
#1044 = DIRECTION('',(-0.467885304446,0.863745724496,0.187154121779));
#1045 = DIRECTION('',(-0.371390676354,1.62832559768E-16,-0.928476690885)
  );
#1046 = ADVANCED_FACE('',(#1047),#1058,.T.);
#1047 = FACE_BOUND('',#1048,.T.);
#1048 = EDGE_LOOP('',(#1049,#1050,#1056,#1057));
#1049 = ORIENTED_EDGE('',*,*,#987,.T.);
#1050 = ORIENTED_EDGE('',*,*,#1051,.T.);
#1051 = EDGE_CURVE('',#980,#1027,#1052,.T.);
#1052 = LINE('',#1053,#1054);
#1053 = CARTESIAN_POINT('',(-22.96244990442,-0.493586676483,
    20.179912406725));
#1054 = VECTOR('',#1055,1.);
#1055 = DIRECTION('',(0.532045811702,-0.846715568683,2.292587835953E-16)
  );
#1056 = ORIENTED_EDGE('',*,*,#1026,.F.);
#1057 = ORIENTED_EDGE('',*,*,#484,.F.);
#1058 = PLANE('',#1059);
#1059 = AXIS2_PLACEMENT_3D('',#1060,#1061,#1062);
#1060 = CARTESIAN_POINT('',(-23.76441767646,-0.997514571539,
    20.500699515544));
#1061 = DIRECTION('',(-0.271615439269,-0.170673437695,-0.947151324138));
#1062 = DIRECTION('',(0.532045811702,-0.846715568683,2.380210219438E-16)
  );
#1063 = ADVANCED_FACE('',(#1064),#1089,.T.);
#1064 = FACE_BOUND('',#1065,.T.);
#1065 = EDGE_LOOP('',(#1066,#1074,#1082,#1088));
#1066 = ORIENTED_EDGE('',*,*,#1067,.T.);
#1067 = EDGE_CURVE('',#550,#1068,#1070,.T.);
#1068 = VERTEX_POINT('',#1069);
#1069 = CARTESIAN_POINT('',(-21.41400246101,-5.284763075342,
    15.268140341635));
#1070 = LINE('',#1071,#1072);
#1071 = CARTESIAN_POINT('',(-21.41400246101,-6.284763075342,
    15.268140341635));
#1072 = VECTOR('',#1073,1.);
#1073 = DIRECTION('',(0.,1.,-2.22044604925E-16));
#1074 = ORIENTED_EDGE('',*,*,#1075,.T.);
#1075 = EDGE_CURVE('',#1068,#1076,#1078,.T.);
#1076 = VERTEX_POINT('',#1077);
#1077 = CARTESIAN_POINT('',(-19.33792858019,-5.284763075342,
    20.458325043683));
#1078 = LINE('',#1079,#1080);
#1079 = CARTESIAN_POINT('',(-21.41400246101,-5.284763075342,
    15.268140341635));
#1080 = VECTOR('',#1081,1.);
#1081 = DIRECTION('',(0.371390676354,2.061632400097E-16,0.928476690885)
  );
#1082 = ORIENTED_EDGE('',*,*,#1083,.F.);
#1083 = EDGE_CURVE('',#552,#1076,#1084,.T.);
#1084 = LINE('',#1085,#1086);
#1085 = CARTESIAN_POINT('',(-19.33792858019,-6.284763075342,
    20.458325043683));
#1086 = VECTOR('',#1087,1.);
#1087 = DIRECTION('',(0.,1.,-2.22044604925E-16));
#1088 = ORIENTED_EDGE('',*,*,#549,.F.);
#1089 = PLANE('',#1090);
#1090 = AXIS2_PLACEMENT_3D('',#1091,#1092,#1093);
#1091 = CARTESIAN_POINT('',(-21.41400246101,-6.284763075342,
    15.268140341635));
#1092 = DIRECTION('',(0.928476690885,-8.246529600389E-17,-0.371390676354
    ));
#1093 = DIRECTION('',(0.371390676354,2.061632400097E-16,0.928476690885)
  );
#1094 = ADVANCED_FACE('',(#1095),#1113,.T.);
#1095 = FACE_BOUND('',#1096,.T.);
#1096 = EDGE_LOOP('',(#1097,#1105,#1111,#1112));
#1097 = ORIENTED_EDGE('',*,*,#1098,.T.);
#1098 = EDGE_CURVE('',#568,#1099,#1101,.T.);
#1099 = VERTEX_POINT('',#1100);
#1100 = CARTESIAN_POINT('',(-10.61400246101,-5.284763075342,
    15.268140341635));
#1101 = LINE('',#1102,#1103);
#1102 = CARTESIAN_POINT('',(-10.61400246101,-6.284763075342,
    15.268140341635));
#1103 = VECTOR('',#1104,1.);
#1104 = DIRECTION('',(0.,1.,-2.22044604925E-16));
#1105 = ORIENTED_EDGE('',*,*,#1106,.T.);
#1106 = EDGE_CURVE('',#1099,#1068,#1107,.T.);
#1107 = LINE('',#1108,#1109);
#1108 = CARTESIAN_POINT('',(-10.61400246101,-5.284763075342,
    15.268140341635));
#1109 = VECTOR('',#1110,1.);
#1110 = DIRECTION('',(-1.,0.,0.));
#1111 = ORIENTED_EDGE('',*,*,#1067,.F.);
#1112 = ORIENTED_EDGE('',*,*,#575,.F.);
#1113 = PLANE('',#1114);
#1114 = AXIS2_PLACEMENT_3D('',#1115,#1116,#1117);
#1115 = CARTESIAN_POINT('',(-10.61400246101,-6.284763075342,
    15.268140341635));
#1116 = DIRECTION('',(0.,2.22044604925E-16,1.));
#1117 = DIRECTION('',(-1.,0.,0.));
#1118 = ADVANCED_FACE('',(#1119),#1137,.T.);
#1119 = FACE_BOUND('',#1120,.T.);
#1120 = EDGE_LOOP('',(#1121,#1129,#1135,#1136));
#1121 = ORIENTED_EDGE('',*,*,#1122,.T.);
#1122 = EDGE_CURVE('',#560,#1123,#1125,.T.);
#1123 = VERTEX_POINT('',#1124);
#1124 = CARTESIAN_POINT('',(-8.537928580199,-5.284763075342,
    20.458325043683));
#1125 = LINE('',#1126,#1127);
#1126 = CARTESIAN_POINT('',(-8.537928580199,-6.284763075342,
    20.458325043683));
#1127 = VECTOR('',#1128,1.);
#1128 = DIRECTION('',(0.,1.,-2.22044604925E-16));
#1129 = ORIENTED_EDGE('',*,*,#1130,.T.);
#1130 = EDGE_CURVE('',#1123,#1099,#1131,.T.);
#1131 = LINE('',#1132,#1133);
#1132 = CARTESIAN_POINT('',(-8.537928580199,-5.284763075342,
    20.458325043683));
#1133 = VECTOR('',#1134,1.);
#1134 = DIRECTION('',(-0.371390676354,-2.061632400097E-16,
    -0.928476690885));
#1135 = ORIENTED_EDGE('',*,*,#1098,.F.);
#1136 = ORIENTED_EDGE('',*,*,#567,.F.);
#1137 = PLANE('',#1138);
#1138 = AXIS2_PLACEMENT_3D('',#1139,#1140,#1141);
#1139 = CARTESIAN_POINT('',(-8.537928580199,-6.284763075342,
    20.458325043683));
#1140 = DIRECTION('',(-0.928476690885,8.246529600389E-17,0.371390676354)
  );
#1141 = DIRECTION('',(-0.371390676354,-2.061632400097E-16,
    -0.928476690885));
#1142 = ADVANCED_FACE('',(#1143),#1154,.T.);
#1143 = FACE_BOUND('',#1144,.T.);
#1144 = EDGE_LOOP('',(#1145,#1146,#1152,#1153));
#1145 = ORIENTED_EDGE('',*,*,#1083,.T.);
#1146 = ORIENTED_EDGE('',*,*,#1147,.T.);
#1147 = EDGE_CURVE('',#1076,#1123,#1148,.T.);
#1148 = LINE('',#1149,#1150);
#1149 = CARTESIAN_POINT('',(-19.33792858019,-5.284763075342,
    20.458325043683));
#1150 = VECTOR('',#1151,1.);
#1151 = DIRECTION('',(1.,0.,0.));
#1152 = ORIENTED_EDGE('',*,*,#1122,.F.);
#1153 = ORIENTED_EDGE('',*,*,#559,.F.);
#1154 = PLANE('',#1155);
#1155 = AXIS2_PLACEMENT_3D('',#1156,#1157,#1158);
#1156 = CARTESIAN_POINT('',(-19.33792858019,-6.284763075342,
    20.458325043683));
#1157 = DIRECTION('',(0.,-2.22044604925E-16,-1.));
#1158 = DIRECTION('',(1.,0.,0.));
#1159 = ADVANCED_FACE('',(#1160,#1166),#1177,.T.);
#1160 = FACE_BOUND('',#1161,.T.);
#1161 = EDGE_LOOP('',(#1162,#1163,#1164,#1165));
#1162 = ORIENTED_EDGE('',*,*,#597,.T.);
#1163 = ORIENTED_EDGE('',*,*,#645,.T.);
#1164 = ORIENTED_EDGE('',*,*,#669,.T.);
#1165 = ORIENTED_EDGE('',*,*,#628,.T.);
#1166 = FACE_BOUND('',#1167,.T.);
#1167 = EDGE_LOOP('',(#1168));
#1168 = ORIENTED_EDGE('',*,*,#1169,.F.);
#1169 = EDGE_CURVE('',#1170,#1170,#1172,.T.);
#1170 = VERTEX_POINT('',#1171);
#1171 = CARTESIAN_POINT('',(-16.25559975942,3.767196596614E-16,22.6));
#1172 = CIRCLE('',#1173,0.588256240576);
#1173 = AXIS2_PLACEMENT_3D('',#1174,#1175,#1176);
#1174 = CARTESIAN_POINT('',(-16.843856,3.767196596614E-16,22.6));
#1175 = DIRECTION('',(0.,0.,1.));
#1176 = DIRECTION('',(1.,0.,0.));
#1177 = PLANE('',#1178);
#1178 = AXIS2_PLACEMENT_3D('',#1179,#1180,#1181);
#1179 = CARTESIAN_POINT('',(-16.843856,4.988086519889E-16,22.6));
#1180 = DIRECTION('',(0.,0.,1.));
#1181 = DIRECTION('',(1.,0.,0.));
#1182 = ADVANCED_FACE('',(#1183),#1226,.T.);
#1183 = FACE_BOUND('',#1184,.T.);
#1184 = EDGE_LOOP('',(#1185,#1195,#1203,#1211,#1218,#1219));
#1185 = ORIENTED_EDGE('',*,*,#1186,.F.);
#1186 = EDGE_CURVE('',#1187,#1189,#1191,.T.);
#1187 = VERTEX_POINT('',#1188);
#1188 = CARTESIAN_POINT('',(13.614226299712,-9.058425089009,7.9));
#1189 = VERTEX_POINT('',#1190);
#1190 = CARTESIAN_POINT('',(12.575725444253,-7.769646043207,
    13.904921011468));
#1191 = LINE('',#1192,#1193);
#1192 = CARTESIAN_POINT('',(13.13746598232,-8.466765771932,
    10.656770042401));
#1193 = VECTOR('',#1194,1.);
#1194 = DIRECTION('',(-0.16672446203,0.206904974568,0.964050457839));
#1195 = ORIENTED_EDGE('',*,*,#1196,.T.);
#1196 = EDGE_CURVE('',#1187,#1197,#1199,.T.);
#1197 = VERTEX_POINT('',#1198);
#1198 = CARTESIAN_POINT('',(13.614226299712,9.058425089009,7.9));
#1199 = LINE('',#1200,#1201);
#1200 = CARTESIAN_POINT('',(13.614226299712,-10.83498495664,7.9));
#1201 = VECTOR('',#1202,1.);
#1202 = DIRECTION('',(1.747115469305E-14,1.,-2.22044604925E-16));
#1203 = ORIENTED_EDGE('',*,*,#1204,.T.);
#1204 = EDGE_CURVE('',#1197,#1205,#1207,.T.);
#1205 = VERTEX_POINT('',#1206);
#1206 = CARTESIAN_POINT('',(12.575725444253,7.769646043207,
    13.904921011468));
#1207 = LINE('',#1208,#1209);
#1208 = CARTESIAN_POINT('',(12.763701034815,8.002923657727,
    12.817990203973));
#1209 = VECTOR('',#1210,1.);
#1210 = DIRECTION('',(-0.16672446203,-0.206904974568,0.964050457839));
#1211 = ORIENTED_EDGE('',*,*,#1212,.T.);
#1212 = EDGE_CURVE('',#1205,#688,#1213,.T.);
#1213 = ELLIPSE('',#1214,0.507422114463,0.5);
#1214 = AXIS2_PLACEMENT_3D('',#1215,#1216,#1217);
#1215 = CARTESIAN_POINT('',(12.593870655482,7.280778391022,13.8));
#1216 = DIRECTION('',(0.985372899109,-1.717776328547E-14,0.170411999878)
  );
#1217 = DIRECTION('',(-0.170411999878,-9.932693954048E-14,0.985372899109
    ));
#1218 = ORIENTED_EDGE('',*,*,#685,.F.);
#1219 = ORIENTED_EDGE('',*,*,#1220,.T.);
#1220 = EDGE_CURVE('',#686,#1189,#1221,.T.);
#1221 = ELLIPSE('',#1222,0.507422114463,0.5);
#1222 = AXIS2_PLACEMENT_3D('',#1223,#1224,#1225);
#1223 = CARTESIAN_POINT('',(12.593870655481,-7.280778391022,13.8));
#1224 = DIRECTION('',(0.985372899109,-1.717776328547E-14,0.170411999878)
  );
#1225 = DIRECTION('',(-0.170411999878,-9.932693954048E-14,0.985372899109
    ));
#1226 = PLANE('',#1227);
#1227 = AXIS2_PLACEMENT_3D('',#1228,#1229,#1230);
#1228 = CARTESIAN_POINT('',(13.614226299712,-10.83498495664,7.9));
#1229 = DIRECTION('',(0.985372899109,-1.717776328547E-14,0.170411999878)
  );
#1230 = DIRECTION('',(-0.170411999878,3.196091147498E-15,0.985372899109)
  );
#1231 = ADVANCED_FACE('',(#1232),#1259,.T.);
#1232 = FACE_BOUND('',#1233,.F.);
#1233 = EDGE_LOOP('',(#1234,#1235,#1236,#1244));
#1234 = ORIENTED_EDGE('',*,*,#712,.F.);
#1235 = ORIENTED_EDGE('',*,*,#1220,.T.);
#1236 = ORIENTED_EDGE('',*,*,#1237,.T.);
#1237 = EDGE_CURVE('',#1189,#1238,#1240,.T.);
#1238 = VERTEX_POINT('',#1239);
#1239 = CARTESIAN_POINT('',(-23.32264526642,-7.769646043207,
    13.904921011468));
#1240 = LINE('',#1241,#1242);
#1241 = CARTESIAN_POINT('',(15.817874,-7.769646043207,13.904921011468));
#1242 = VECTOR('',#1243,1.);
#1243 = DIRECTION('',(-1.,-0.,-0.));
#1244 = ORIENTED_EDGE('',*,*,#1245,.F.);
#1245 = EDGE_CURVE('',#704,#1238,#1246,.T.);
#1246 = B_SPLINE_CURVE_WITH_KNOTS('',6,(#1247,#1248,#1249,#1250,#1251,
    #1252,#1253,#1254,#1255,#1256,#1257,#1258),.UNSPECIFIED.,.F.,.F.,(7,
    5,7),(0.,0.500876594244,1.),.UNSPECIFIED.);
#1247 = CARTESIAN_POINT('',(-23.18587933522,-7.280778390726,14.3));
#1248 = CARTESIAN_POINT('',(-23.20193105523,-7.337296042607,
    14.299999896313));
#1249 = CARTESIAN_POINT('',(-23.21791584591,-7.393819256037,
    14.292334118027));
#1250 = CARTESIAN_POINT('',(-23.23347090896,-7.44906926528,
    14.276998163526));
#1251 = CARTESIAN_POINT('',(-23.24824517494,-7.501766162113,
    14.25426684198));
#1252 = CARTESIAN_POINT('',(-23.26191702401,-7.550707660172,
    14.224683725227));
#1253 = CARTESIAN_POINT('',(-23.28646395381,-7.638833557122,
    14.153542198596));
#1254 = CARTESIAN_POINT('',(-23.29735021047,-7.678057249946,
    14.112021405497));
#1255 = CARTESIAN_POINT('',(-23.30659753412,-7.711479237432,
    14.065281275086));
#1256 = CARTESIAN_POINT('',(-23.31398558217,-7.738238818532,
    14.014354114669));
#1257 = CARTESIAN_POINT('',(-23.31935970211,-7.757725993485,
    13.96046114226));
#1258 = CARTESIAN_POINT('',(-23.32264526642,-7.769646043207,
    13.904921011468));
#1259 = CYLINDRICAL_SURFACE('',#1260,0.5);
#1260 = AXIS2_PLACEMENT_3D('',#1261,#1262,#1263);
#1261 = CARTESIAN_POINT('',(15.817874,-7.280778391022,13.8));
#1262 = DIRECTION('',(-1.,-0.,-0.));
#1263 = DIRECTION('',(0.,0.,1.));
#1264 = ADVANCED_FACE('',(#1265),#1292,.T.);
#1265 = FACE_BOUND('',#1266,.T.);
#1266 = EDGE_LOOP('',(#1267,#1268,#1269,#1277));
#1267 = ORIENTED_EDGE('',*,*,#695,.F.);
#1268 = ORIENTED_EDGE('',*,*,#1212,.F.);
#1269 = ORIENTED_EDGE('',*,*,#1270,.T.);
#1270 = EDGE_CURVE('',#1205,#1271,#1273,.T.);
#1271 = VERTEX_POINT('',#1272);
#1272 = CARTESIAN_POINT('',(-23.32264526642,7.769646043207,
    13.904921011468));
#1273 = LINE('',#1274,#1275);
#1274 = CARTESIAN_POINT('',(15.817874,7.769646043207,13.904921011468));
#1275 = VECTOR('',#1276,1.);
#1276 = DIRECTION('',(-1.,-0.,-0.));
#1277 = ORIENTED_EDGE('',*,*,#1278,.F.);
#1278 = EDGE_CURVE('',#696,#1271,#1279,.T.);
#1279 = B_SPLINE_CURVE_WITH_KNOTS('',6,(#1280,#1281,#1282,#1283,#1284,
    #1285,#1286,#1287,#1288,#1289,#1290,#1291),.UNSPECIFIED.,.F.,.F.,(7,
    5,7),(0.,0.500876595245,1.),.UNSPECIFIED.);
#1280 = CARTESIAN_POINT('',(-23.18587933474,7.280778391022,14.3));
#1281 = CARTESIAN_POINT('',(-23.20193105612,7.33729604258,
    14.299999896299));
#1282 = CARTESIAN_POINT('',(-23.21791584565,7.39381925649,
    14.292334117968));
#1283 = CARTESIAN_POINT('',(-23.23347090876,7.449069265808,
    14.276998163398));
#1284 = CARTESIAN_POINT('',(-23.24824517538,7.501766162518,
    14.254266841758));
#1285 = CARTESIAN_POINT('',(-23.26191702416,7.550707660731,
    14.224683724886));
#1286 = CARTESIAN_POINT('',(-23.28646395393,7.638833557556,
    14.153542198136));
#1287 = CARTESIAN_POINT('',(-23.29735021055,7.678057250242,
    14.112021405083));
#1288 = CARTESIAN_POINT('',(-23.30659753417,7.71147923761,
    14.065281274747));
#1289 = CARTESIAN_POINT('',(-23.31398558219,7.738238818618,
    14.01435411443));
#1290 = CARTESIAN_POINT('',(-23.31935970211,7.757725993512,
    13.960461142137));
#1291 = CARTESIAN_POINT('',(-23.32264526642,7.769646043207,
    13.904921011468));
#1292 = CYLINDRICAL_SURFACE('',#1293,0.5);
#1293 = AXIS2_PLACEMENT_3D('',#1294,#1295,#1296);
#1294 = CARTESIAN_POINT('',(15.817874,7.280778391022,13.8));
#1295 = DIRECTION('',(-1.,-0.,-0.));
#1296 = DIRECTION('',(0.,0.,1.));
#1297 = ADVANCED_FACE('',(#1298),#1332,.T.);
#1298 = FACE_BOUND('',#1299,.F.);
#1299 = EDGE_LOOP('',(#1300,#1301,#1302,#1303,#1314,#1323));
#1300 = ORIENTED_EDGE('',*,*,#1278,.F.);
#1301 = ORIENTED_EDGE('',*,*,#703,.T.);
#1302 = ORIENTED_EDGE('',*,*,#1245,.T.);
#1303 = ORIENTED_EDGE('',*,*,#1304,.T.);
#1304 = EDGE_CURVE('',#1238,#1305,#1307,.T.);
#1305 = VERTEX_POINT('',#1306);
#1306 = CARTESIAN_POINT('',(-23.30655966346,-7.792164242176,13.8));
#1307 = B_SPLINE_CURVE_WITH_KNOTS('',5,(#1308,#1309,#1310,#1311,#1312,
    #1313),.UNSPECIFIED.,.F.,.F.,(6,6),(0.,1.),
  .PIECEWISE_BEZIER_KNOTS.);
#1308 = CARTESIAN_POINT('',(-23.32264526642,-7.769646043207,
    13.904921011468));
#1309 = CARTESIAN_POINT('',(-23.32388127613,-7.774130294731,
    13.884027145846));
#1310 = CARTESIAN_POINT('',(-23.32284984762,-7.778658313839,
    13.862929352939));
#1311 = CARTESIAN_POINT('',(-23.31955437717,-7.783194512742,
    13.841793436485));
#1312 = CARTESIAN_POINT('',(-23.31408047972,-7.787705873103,
    13.820773267274));
#1313 = CARTESIAN_POINT('',(-23.30655966346,-7.792164242176,
    13.799999998027));
#1314 = ORIENTED_EDGE('',*,*,#1315,.F.);
#1315 = EDGE_CURVE('',#1316,#1305,#1318,.T.);
#1316 = VERTEX_POINT('',#1317);
#1317 = CARTESIAN_POINT('',(-23.30655966346,7.792164242176,13.8));
#1318 = CIRCLE('',#1319,9.058425089009);
#1319 = AXIS2_PLACEMENT_3D('',#1320,#1321,#1322);
#1320 = CARTESIAN_POINT('',(-18.68733445612,5.E-16,13.8));
#1321 = DIRECTION('',(0.,0.,1.));
#1322 = DIRECTION('',(-0.529411208328,0.848365353192,0.));
#1323 = ORIENTED_EDGE('',*,*,#1324,.F.);
#1324 = EDGE_CURVE('',#1271,#1316,#1325,.T.);
#1325 = B_SPLINE_CURVE_WITH_KNOTS('',5,(#1326,#1327,#1328,#1329,#1330,
    #1331),.UNSPECIFIED.,.F.,.F.,(6,6),(0.,1.),
  .PIECEWISE_BEZIER_KNOTS.);
#1326 = CARTESIAN_POINT('',(-23.32264526642,7.769646043207,
    13.904921011468));
#1327 = CARTESIAN_POINT('',(-23.32388127613,7.774130294731,
    13.884027145846));
#1328 = CARTESIAN_POINT('',(-23.32284984762,7.778658313839,
    13.862929352939));
#1329 = CARTESIAN_POINT('',(-23.31955437717,7.783194512742,
    13.841793436485));
#1330 = CARTESIAN_POINT('',(-23.31408047972,7.787705873103,
    13.820773267274));
#1331 = CARTESIAN_POINT('',(-23.30655966346,7.792164242176,
    13.799999998027));
#1332 = TOROIDAL_SURFACE('',#1333,8.558425089009,0.5);
#1333 = AXIS2_PLACEMENT_3D('',#1334,#1335,#1336);
#1334 = CARTESIAN_POINT('',(-18.68733445612,5.E-16,13.8));
#1335 = DIRECTION('',(-0.,-0.,-1.));
#1336 = DIRECTION('',(-0.529411208328,0.848365353192,0.));
#1337 = ADVANCED_FACE('',(#1338),#1392,.F.);
#1338 = FACE_BOUND('',#1339,.F.);
#1339 = EDGE_LOOP('',(#1340,#1341,#1348,#1357,#1366,#1375,#1384,#1391));
#1340 = ORIENTED_EDGE('',*,*,#728,.T.);
#1341 = ORIENTED_EDGE('',*,*,#1342,.F.);
#1342 = EDGE_CURVE('',#1343,#729,#1345,.T.);
#1343 = VERTEX_POINT('',#1344);
#1344 = CARTESIAN_POINT('',(1.99852,0.,3.9));
#1345 = B_SPLINE_CURVE_WITH_KNOTS('',1,(#1346,#1347),.UNSPECIFIED.,.F.,
  .F.,(2,2),(-4.,6.4),.PIECEWISE_BEZIER_KNOTS.);
#1346 = CARTESIAN_POINT('',(1.99852,-1.655722472447E-15,3.9));
#1347 = CARTESIAN_POINT('',(1.99852,-1.655722472447E-15,14.3));
#1348 = ORIENTED_EDGE('',*,*,#1349,.T.);
#1349 = EDGE_CURVE('',#1343,#1350,#1352,.T.);
#1350 = VERTEX_POINT('',#1351);
#1351 = CARTESIAN_POINT('',(1.418337128865,2.739974498748,3.9));
#1352 = CIRCLE('',#1353,6.76);
#1353 = AXIS2_PLACEMENT_3D('',#1354,#1355,#1356);
#1354 = CARTESIAN_POINT('',(-4.76148,0.,3.9));
#1355 = DIRECTION('',(0.,0.,1.));
#1356 = DIRECTION('',(1.,0.,0.));
#1357 = ORIENTED_EDGE('',*,*,#1358,.T.);
#1358 = EDGE_CURVE('',#1350,#1359,#1361,.T.);
#1359 = VERTEX_POINT('',#1360);
#1360 = CARTESIAN_POINT('',(-10.94129712886,2.739974498748,3.9));
#1361 = CIRCLE('',#1362,6.76);
#1362 = AXIS2_PLACEMENT_3D('',#1363,#1364,#1365);
#1363 = CARTESIAN_POINT('',(-4.76148,0.,3.9));
#1364 = DIRECTION('',(0.,0.,1.));
#1365 = DIRECTION('',(1.,0.,0.));
#1366 = ORIENTED_EDGE('',*,*,#1367,.T.);
#1367 = EDGE_CURVE('',#1359,#1368,#1370,.T.);
#1368 = VERTEX_POINT('',#1369);
#1369 = CARTESIAN_POINT('',(-10.94129712886,-2.739974498748,3.9));
#1370 = CIRCLE('',#1371,6.76);
#1371 = AXIS2_PLACEMENT_3D('',#1372,#1373,#1374);
#1372 = CARTESIAN_POINT('',(-4.76148,0.,3.9));
#1373 = DIRECTION('',(0.,0.,1.));
#1374 = DIRECTION('',(1.,0.,0.));
#1375 = ORIENTED_EDGE('',*,*,#1376,.T.);
#1376 = EDGE_CURVE('',#1368,#1377,#1379,.T.);
#1377 = VERTEX_POINT('',#1378);
#1378 = CARTESIAN_POINT('',(1.418337128865,-2.739974498748,3.9));
#1379 = CIRCLE('',#1380,6.76);
#1380 = AXIS2_PLACEMENT_3D('',#1381,#1382,#1383);
#1381 = CARTESIAN_POINT('',(-4.76148,0.,3.9));
#1382 = DIRECTION('',(0.,0.,1.));
#1383 = DIRECTION('',(1.,0.,0.));
#1384 = ORIENTED_EDGE('',*,*,#1385,.T.);
#1385 = EDGE_CURVE('',#1377,#1343,#1386,.T.);
#1386 = CIRCLE('',#1387,6.76);
#1387 = AXIS2_PLACEMENT_3D('',#1388,#1389,#1390);
#1388 = CARTESIAN_POINT('',(-4.76148,0.,3.9));
#1389 = DIRECTION('',(0.,0.,1.));
#1390 = DIRECTION('',(1.,0.,0.));
#1391 = ORIENTED_EDGE('',*,*,#1342,.T.);
#1392 = CYLINDRICAL_SURFACE('',#1393,6.76);
#1393 = AXIS2_PLACEMENT_3D('',#1394,#1395,#1396);
#1394 = CARTESIAN_POINT('',(-4.76148,0.,7.9));
#1395 = DIRECTION('',(0.,0.,1.));
#1396 = DIRECTION('',(1.,0.,0.));
#1397 = ADVANCED_FACE('',(#1398),#1423,.F.);
#1398 = FACE_BOUND('',#1399,.F.);
#1399 = EDGE_LOOP('',(#1400,#1408,#1416,#1422));
#1400 = ORIENTED_EDGE('',*,*,#1401,.T.);
#1401 = EDGE_CURVE('',#740,#1402,#1404,.T.);
#1402 = VERTEX_POINT('',#1403);
#1403 = CARTESIAN_POINT('',(6.435245,5.558616,15.5));
#1404 = LINE('',#1405,#1406);
#1405 = CARTESIAN_POINT('',(6.435245,5.558616,14.3));
#1406 = VECTOR('',#1407,1.);
#1407 = DIRECTION('',(0.,0.,1.));
#1408 = ORIENTED_EDGE('',*,*,#1409,.T.);
#1409 = EDGE_CURVE('',#1402,#1410,#1412,.T.);
#1410 = VERTEX_POINT('',#1411);
#1411 = CARTESIAN_POINT('',(6.435245,-5.558616,15.5));
#1412 = LINE('',#1413,#1414);
#1413 = CARTESIAN_POINT('',(6.435245,5.558616,15.5));
#1414 = VECTOR('',#1415,1.);
#1415 = DIRECTION('',(0.,-1.,0.));
#1416 = ORIENTED_EDGE('',*,*,#1417,.F.);
#1417 = EDGE_CURVE('',#742,#1410,#1418,.T.);
#1418 = LINE('',#1419,#1420);
#1419 = CARTESIAN_POINT('',(6.435245,-5.558616,14.3));
#1420 = VECTOR('',#1421,1.);
#1421 = DIRECTION('',(0.,0.,1.));
#1422 = ORIENTED_EDGE('',*,*,#739,.F.);
#1423 = PLANE('',#1424);
#1424 = AXIS2_PLACEMENT_3D('',#1425,#1426,#1427);
#1425 = CARTESIAN_POINT('',(6.435245,5.558616,14.3));
#1426 = DIRECTION('',(1.,0.,0.));
#1427 = DIRECTION('',(0.,-1.,0.));
#1428 = ADVANCED_FACE('',(#1429),#1447,.F.);
#1429 = FACE_BOUND('',#1430,.F.);
#1430 = EDGE_LOOP('',(#1431,#1432,#1440,#1446));
#1431 = ORIENTED_EDGE('',*,*,#1417,.T.);
#1432 = ORIENTED_EDGE('',*,*,#1433,.T.);
#1433 = EDGE_CURVE('',#1410,#1434,#1436,.T.);
#1434 = VERTEX_POINT('',#1435);
#1435 = CARTESIAN_POINT('',(10.555749,-5.558616,15.5));
#1436 = LINE('',#1437,#1438);
#1437 = CARTESIAN_POINT('',(6.435245,-5.558616,15.5));
#1438 = VECTOR('',#1439,1.);
#1439 = DIRECTION('',(1.,0.,0.));
#1440 = ORIENTED_EDGE('',*,*,#1441,.F.);
#1441 = EDGE_CURVE('',#758,#1434,#1442,.T.);
#1442 = LINE('',#1443,#1444);
#1443 = CARTESIAN_POINT('',(10.555749,-5.558616,14.3));
#1444 = VECTOR('',#1445,1.);
#1445 = DIRECTION('',(0.,0.,1.));
#1446 = ORIENTED_EDGE('',*,*,#765,.F.);
#1447 = PLANE('',#1448);
#1448 = AXIS2_PLACEMENT_3D('',#1449,#1450,#1451);
#1449 = CARTESIAN_POINT('',(6.435245,-5.558616,14.3));
#1450 = DIRECTION('',(0.,1.,0.));
#1451 = DIRECTION('',(1.,0.,0.));
#1452 = ADVANCED_FACE('',(#1453),#1471,.F.);
#1453 = FACE_BOUND('',#1454,.F.);
#1454 = EDGE_LOOP('',(#1455,#1456,#1464,#1470));
#1455 = ORIENTED_EDGE('',*,*,#1441,.T.);
#1456 = ORIENTED_EDGE('',*,*,#1457,.T.);
#1457 = EDGE_CURVE('',#1434,#1458,#1460,.T.);
#1458 = VERTEX_POINT('',#1459);
#1459 = CARTESIAN_POINT('',(10.555749,5.558616,15.5));
#1460 = LINE('',#1461,#1462);
#1461 = CARTESIAN_POINT('',(10.555749,-5.558616,15.5));
#1462 = VECTOR('',#1463,1.);
#1463 = DIRECTION('',(0.,1.,0.));
#1464 = ORIENTED_EDGE('',*,*,#1465,.F.);
#1465 = EDGE_CURVE('',#750,#1458,#1466,.T.);
#1466 = LINE('',#1467,#1468);
#1467 = CARTESIAN_POINT('',(10.555749,5.558616,14.3));
#1468 = VECTOR('',#1469,1.);
#1469 = DIRECTION('',(0.,0.,1.));
#1470 = ORIENTED_EDGE('',*,*,#757,.F.);
#1471 = PLANE('',#1472);
#1472 = AXIS2_PLACEMENT_3D('',#1473,#1474,#1475);
#1473 = CARTESIAN_POINT('',(10.555749,-5.558616,14.3));
#1474 = DIRECTION('',(-1.,0.,0.));
#1475 = DIRECTION('',(0.,1.,0.));
#1476 = ADVANCED_FACE('',(#1477),#1488,.F.);
#1477 = FACE_BOUND('',#1478,.F.);
#1478 = EDGE_LOOP('',(#1479,#1480,#1486,#1487));
#1479 = ORIENTED_EDGE('',*,*,#1465,.T.);
#1480 = ORIENTED_EDGE('',*,*,#1481,.T.);
#1481 = EDGE_CURVE('',#1458,#1402,#1482,.T.);
#1482 = LINE('',#1483,#1484);
#1483 = CARTESIAN_POINT('',(10.555749,5.558616,15.5));
#1484 = VECTOR('',#1485,1.);
#1485 = DIRECTION('',(-1.,0.,0.));
#1486 = ORIENTED_EDGE('',*,*,#1401,.F.);
#1487 = ORIENTED_EDGE('',*,*,#749,.F.);
#1488 = PLANE('',#1489);
#1489 = AXIS2_PLACEMENT_3D('',#1490,#1491,#1492);
#1490 = CARTESIAN_POINT('',(10.555749,5.558616,14.3));
#1491 = DIRECTION('',(0.,-1.,0.));
#1492 = DIRECTION('',(-1.,0.,0.));
#1493 = ADVANCED_FACE('',(#1494),#1500,.T.);
#1494 = FACE_BOUND('',#1495,.F.);
#1495 = EDGE_LOOP('',(#1496,#1497,#1498,#1499));
#1496 = ORIENTED_EDGE('',*,*,#859,.T.);
#1497 = ORIENTED_EDGE('',*,*,#842,.T.);
#1498 = ORIENTED_EDGE('',*,*,#818,.T.);
#1499 = ORIENTED_EDGE('',*,*,#787,.T.);
#1500 = PLANE('',#1501);
#1501 = AXIS2_PLACEMENT_3D('',#1502,#1503,#1504);
#1502 = CARTESIAN_POINT('',(-14.8827311131,5.284763075342,
    17.919737281058));
#1503 = DIRECTION('',(0.,1.,0.));
#1504 = DIRECTION('',(0.,0.,1.));
#1505 = ADVANCED_FACE('',(#1506),#1512,.F.);
#1506 = FACE_BOUND('',#1507,.F.);
#1507 = EDGE_LOOP('',(#1508,#1509,#1510,#1511));
#1508 = ORIENTED_EDGE('',*,*,#955,.T.);
#1509 = ORIENTED_EDGE('',*,*,#938,.T.);
#1510 = ORIENTED_EDGE('',*,*,#914,.T.);
#1511 = ORIENTED_EDGE('',*,*,#883,.T.);
#1512 = PLANE('',#1513);
#1513 = AXIS2_PLACEMENT_3D('',#1514,#1515,#1516);
#1514 = CARTESIAN_POINT('',(-22.6774667385,2.572381059616,
    17.626770024785));
#1515 = DIRECTION('',(0.801967772046,-0.503927895056,-0.320787108818));
#1516 = DIRECTION('',(0.532045811702,0.846715568683,3.929289785828E-18)
  );
#1517 = ADVANCED_FACE('',(#1518),#1524,.F.);
#1518 = FACE_BOUND('',#1519,.F.);
#1519 = EDGE_LOOP('',(#1520,#1521,#1522,#1523));
#1520 = ORIENTED_EDGE('',*,*,#1051,.T.);
#1521 = ORIENTED_EDGE('',*,*,#1034,.T.);
#1522 = ORIENTED_EDGE('',*,*,#1010,.T.);
#1523 = ORIENTED_EDGE('',*,*,#979,.T.);
#1524 = PLANE('',#1525);
#1525 = AXIS2_PLACEMENT_3D('',#1526,#1527,#1528);
#1526 = CARTESIAN_POINT('',(-22.65175071216,-2.640010643094,
    17.584820055701));
#1527 = DIRECTION('',(0.801967772046,0.503927895056,-0.320787108818));
#1528 = DIRECTION('',(-0.532045811702,0.846715568683,-8.301248507976E-18
    ));
#1529 = ADVANCED_FACE('',(#1530),#1536,.F.);
#1530 = FACE_BOUND('',#1531,.F.);
#1531 = EDGE_LOOP('',(#1532,#1533,#1534,#1535));
#1532 = ORIENTED_EDGE('',*,*,#1147,.T.);
#1533 = ORIENTED_EDGE('',*,*,#1130,.T.);
#1534 = ORIENTED_EDGE('',*,*,#1106,.T.);
#1535 = ORIENTED_EDGE('',*,*,#1075,.T.);
#1536 = PLANE('',#1537);
#1537 = AXIS2_PLACEMENT_3D('',#1538,#1539,#1540);
#1538 = CARTESIAN_POINT('',(-14.9759655206,-5.284763075342,
    17.863232692659));
#1539 = DIRECTION('',(0.,1.,0.));
#1540 = DIRECTION('',(0.,0.,1.));
#1541 = ADVANCED_FACE('',(#1542),#1561,.T.);
#1542 = FACE_BOUND('',#1543,.F.);
#1543 = EDGE_LOOP('',(#1544,#1552,#1559,#1560));
#1544 = ORIENTED_EDGE('',*,*,#1545,.T.);
#1545 = EDGE_CURVE('',#1170,#1546,#1548,.T.);
#1546 = VERTEX_POINT('',#1547);
#1547 = CARTESIAN_POINT('',(-16.25559975942,3.767196596614E-16,26.));
#1548 = LINE('',#1549,#1550);
#1549 = CARTESIAN_POINT('',(-16.25559975942,3.767196596614E-16,22.6));
#1550 = VECTOR('',#1551,1.);
#1551 = DIRECTION('',(0.,0.,1.));
#1552 = ORIENTED_EDGE('',*,*,#1553,.T.);
#1553 = EDGE_CURVE('',#1546,#1546,#1554,.T.);
#1554 = CIRCLE('',#1555,0.588256240576);
#1555 = AXIS2_PLACEMENT_3D('',#1556,#1557,#1558);
#1556 = CARTESIAN_POINT('',(-16.843856,3.767196596614E-16,26.));
#1557 = DIRECTION('',(0.,0.,1.));
#1558 = DIRECTION('',(1.,0.,0.));
#1559 = ORIENTED_EDGE('',*,*,#1545,.F.);
#1560 = ORIENTED_EDGE('',*,*,#1169,.F.);
#1561 = CYLINDRICAL_SURFACE('',#1562,0.588256240576);
#1562 = AXIS2_PLACEMENT_3D('',#1563,#1564,#1565);
#1563 = CARTESIAN_POINT('',(-16.843856,3.767196596614E-16,22.6));
#1564 = DIRECTION('',(-0.,-0.,-1.));
#1565 = DIRECTION('',(1.,0.,0.));
#1566 = ADVANCED_FACE('',(#1567,#1587,#1598,#1609,#1620),#1631,.T.);
#1567 = FACE_BOUND('',#1568,.T.);
#1568 = EDGE_LOOP('',(#1569,#1577,#1578,#1579,#1580));
#1569 = ORIENTED_EDGE('',*,*,#1570,.F.);
#1570 = EDGE_CURVE('',#1187,#1571,#1573,.T.);
#1571 = VERTEX_POINT('',#1572);
#1572 = CARTESIAN_POINT('',(-18.68733445612,-9.058425089009,7.9));
#1573 = LINE('',#1574,#1575);
#1574 = CARTESIAN_POINT('',(15.817874,-9.058425089009,7.9));
#1575 = VECTOR('',#1576,1.);
#1576 = DIRECTION('',(-1.,0.,0.));
#1577 = ORIENTED_EDGE('',*,*,#1186,.T.);
#1578 = ORIENTED_EDGE('',*,*,#1237,.T.);
#1579 = ORIENTED_EDGE('',*,*,#1304,.T.);
#1580 = ORIENTED_EDGE('',*,*,#1581,.T.);
#1581 = EDGE_CURVE('',#1305,#1571,#1582,.T.);
#1582 = ELLIPSE('',#1583,43.167831506315,9.058425089009);
#1583 = AXIS2_PLACEMENT_3D('',#1584,#1585,#1586);
#1584 = CARTESIAN_POINT('',(-18.68733445612,5.E-16,50.106712876797));
#1585 = DIRECTION('',(0.,-0.977735304369,0.209842022935));
#1586 = DIRECTION('',(0.,-0.209842022935,-0.977735304369));
#1587 = FACE_BOUND('',#1588,.T.);
#1588 = EDGE_LOOP('',(#1589));
#1589 = ORIENTED_EDGE('',*,*,#1590,.F.);
#1590 = EDGE_CURVE('',#1591,#1591,#1593,.T.);
#1591 = VERTEX_POINT('',#1592);
#1592 = CARTESIAN_POINT('',(-15.013685,-8.406019663094,10.939809704257)
  );
#1593 = CIRCLE('',#1594,2.311598);
#1594 = AXIS2_PLACEMENT_3D('',#1595,#1596,#1597);
#1595 = CARTESIAN_POINT('',(-17.325283,-8.406019663094,10.939809704257)
  );
#1596 = DIRECTION('',(0.,-0.977735304369,0.209842022935));
#1597 = DIRECTION('',(1.,0.,0.));
#1598 = FACE_BOUND('',#1599,.T.);
#1599 = EDGE_LOOP('',(#1600));
#1600 = ORIENTED_EDGE('',*,*,#1601,.F.);
#1601 = EDGE_CURVE('',#1602,#1602,#1604,.T.);
#1602 = VERTEX_POINT('',#1603);
#1603 = CARTESIAN_POINT('',(-6.347018333333,-8.406019663094,
    10.939809704257));
#1604 = CIRCLE('',#1605,2.311598);
#1605 = AXIS2_PLACEMENT_3D('',#1606,#1607,#1608);
#1606 = CARTESIAN_POINT('',(-8.658616333333,-8.406019663094,
    10.939809704257));
#1607 = DIRECTION('',(0.,-0.977735304369,0.209842022935));
#1608 = DIRECTION('',(1.,0.,0.));
#1609 = FACE_BOUND('',#1610,.T.);
#1610 = EDGE_LOOP('',(#1611));
#1611 = ORIENTED_EDGE('',*,*,#1612,.F.);
#1612 = EDGE_CURVE('',#1613,#1613,#1615,.T.);
#1613 = VERTEX_POINT('',#1614);
#1614 = CARTESIAN_POINT('',(2.319648333333,-8.406019663094,
    10.939809704257));
#1615 = CIRCLE('',#1616,2.311598);
#1616 = AXIS2_PLACEMENT_3D('',#1617,#1618,#1619);
#1617 = CARTESIAN_POINT('',(8.050333333333E-03,-8.406019663094,
    10.939809704257));
#1618 = DIRECTION('',(0.,-0.977735304369,0.209842022935));
#1619 = DIRECTION('',(1.,0.,0.));
#1620 = FACE_BOUND('',#1621,.T.);
#1621 = EDGE_LOOP('',(#1622));
#1622 = ORIENTED_EDGE('',*,*,#1623,.F.);
#1623 = EDGE_CURVE('',#1624,#1624,#1626,.T.);
#1624 = VERTEX_POINT('',#1625);
#1625 = CARTESIAN_POINT('',(10.986315,-8.406019663094,10.939809704257));
#1626 = CIRCLE('',#1627,2.311598);
#1627 = AXIS2_PLACEMENT_3D('',#1628,#1629,#1630);
#1628 = CARTESIAN_POINT('',(8.674717,-8.406019663094,10.939809704257));
#1629 = DIRECTION('',(0.,-0.977735304369,0.209842022935));
#1630 = DIRECTION('',(1.,0.,0.));
#1631 = PLANE('',#1632);
#1632 = AXIS2_PLACEMENT_3D('',#1633,#1634,#1635);
#1633 = CARTESIAN_POINT('',(15.817874,-7.684854,14.3));
#1634 = DIRECTION('',(0.,-0.977735304369,0.209842022935));
#1635 = DIRECTION('',(0.,-0.209842022935,-0.977735304369));
#1636 = ADVANCED_FACE('',(#1637,#1657,#1668,#1679,#1690),#1701,.F.);
#1637 = FACE_BOUND('',#1638,.F.);
#1638 = EDGE_LOOP('',(#1639,#1648,#1654,#1655,#1656));
#1639 = ORIENTED_EDGE('',*,*,#1640,.T.);
#1640 = EDGE_CURVE('',#1316,#1641,#1643,.T.);
#1641 = VERTEX_POINT('',#1642);
#1642 = CARTESIAN_POINT('',(-18.68733445612,9.058425089009,7.9));
#1643 = ELLIPSE('',#1644,43.167831506315,9.058425089009);
#1644 = AXIS2_PLACEMENT_3D('',#1645,#1646,#1647);
#1645 = CARTESIAN_POINT('',(-18.68733445612,5.E-16,50.106712876797));
#1646 = DIRECTION('',(0.,-0.977735304369,-0.209842022935));
#1647 = DIRECTION('',(0.,0.209842022935,-0.977735304369));
#1648 = ORIENTED_EDGE('',*,*,#1649,.T.);
#1649 = EDGE_CURVE('',#1641,#1197,#1650,.T.);
#1650 = LINE('',#1651,#1652);
#1651 = CARTESIAN_POINT('',(-18.68733445612,9.058425089009,7.9));
#1652 = VECTOR('',#1653,1.);
#1653 = DIRECTION('',(1.,0.,0.));
#1654 = ORIENTED_EDGE('',*,*,#1204,.T.);
#1655 = ORIENTED_EDGE('',*,*,#1270,.T.);
#1656 = ORIENTED_EDGE('',*,*,#1324,.T.);
#1657 = FACE_BOUND('',#1658,.F.);
#1658 = EDGE_LOOP('',(#1659));
#1659 = ORIENTED_EDGE('',*,*,#1660,.F.);
#1660 = EDGE_CURVE('',#1661,#1661,#1663,.T.);
#1661 = VERTEX_POINT('',#1662);
#1662 = CARTESIAN_POINT('',(-15.013685,8.406019663094,10.939809704257));
#1663 = CIRCLE('',#1664,2.311598);
#1664 = AXIS2_PLACEMENT_3D('',#1665,#1666,#1667);
#1665 = CARTESIAN_POINT('',(-17.325283,8.406019663094,10.939809704257));
#1666 = DIRECTION('',(0.,-0.977735304369,-0.209842022935));
#1667 = DIRECTION('',(1.,0.,0.));
#1668 = FACE_BOUND('',#1669,.F.);
#1669 = EDGE_LOOP('',(#1670));
#1670 = ORIENTED_EDGE('',*,*,#1671,.F.);
#1671 = EDGE_CURVE('',#1672,#1672,#1674,.T.);
#1672 = VERTEX_POINT('',#1673);
#1673 = CARTESIAN_POINT('',(-6.347018333333,8.406019663094,
    10.939809704257));
#1674 = CIRCLE('',#1675,2.311598);
#1675 = AXIS2_PLACEMENT_3D('',#1676,#1677,#1678);
#1676 = CARTESIAN_POINT('',(-8.658616333333,8.406019663094,
    10.939809704257));
#1677 = DIRECTION('',(0.,-0.977735304369,-0.209842022935));
#1678 = DIRECTION('',(1.,0.,0.));
#1679 = FACE_BOUND('',#1680,.F.);
#1680 = EDGE_LOOP('',(#1681));
#1681 = ORIENTED_EDGE('',*,*,#1682,.F.);
#1682 = EDGE_CURVE('',#1683,#1683,#1685,.T.);
#1683 = VERTEX_POINT('',#1684);
#1684 = CARTESIAN_POINT('',(2.319648333333,8.406019663094,
    10.939809704257));
#1685 = CIRCLE('',#1686,2.311598);
#1686 = AXIS2_PLACEMENT_3D('',#1687,#1688,#1689);
#1687 = CARTESIAN_POINT('',(8.050333333333E-03,8.406019663094,
    10.939809704257));
#1688 = DIRECTION('',(0.,-0.977735304369,-0.209842022935));
#1689 = DIRECTION('',(1.,0.,0.));
#1690 = FACE_BOUND('',#1691,.F.);
#1691 = EDGE_LOOP('',(#1692));
#1692 = ORIENTED_EDGE('',*,*,#1693,.F.);
#1693 = EDGE_CURVE('',#1694,#1694,#1696,.T.);
#1694 = VERTEX_POINT('',#1695);
#1695 = CARTESIAN_POINT('',(10.986315,8.406019663094,10.939809704257));
#1696 = CIRCLE('',#1697,2.311598);
#1697 = AXIS2_PLACEMENT_3D('',#1698,#1699,#1700);
#1698 = CARTESIAN_POINT('',(8.674717,8.406019663094,10.939809704257));
#1699 = DIRECTION('',(0.,-0.977735304369,-0.209842022935));
#1700 = DIRECTION('',(1.,0.,0.));
#1701 = PLANE('',#1702);
#1702 = AXIS2_PLACEMENT_3D('',#1703,#1704,#1705);
#1703 = CARTESIAN_POINT('',(15.817874,7.684854,14.3));
#1704 = DIRECTION('',(0.,-0.977735304369,-0.209842022935));
#1705 = DIRECTION('',(0.,0.209842022935,-0.977735304369));
#1706 = ADVANCED_FACE('',(#1707,#1760),#1772,.T.);
#1707 = FACE_BOUND('',#1708,.T.);
#1708 = EDGE_LOOP('',(#1709,#1719,#1727,#1736,#1745,#1754));
#1709 = ORIENTED_EDGE('',*,*,#1710,.F.);
#1710 = EDGE_CURVE('',#1711,#1713,#1715,.T.);
#1711 = VERTEX_POINT('',#1712);
#1712 = CARTESIAN_POINT('',(15.126107461539,10.834984956644,7.9));
#1713 = VERTEX_POINT('',#1714);
#1714 = CARTESIAN_POINT('',(15.126107461538,-10.83498495664,7.9));
#1715 = LINE('',#1716,#1717);
#1716 = CARTESIAN_POINT('',(15.126107461538,-5.417492478322,7.9));
#1717 = VECTOR('',#1718,1.);
#1718 = DIRECTION('',(-1.743275393611E-14,-1.,0.));
#1719 = ORIENTED_EDGE('',*,*,#1720,.F.);
#1720 = EDGE_CURVE('',#1721,#1711,#1723,.T.);
#1721 = VERTEX_POINT('',#1722);
#1722 = CARTESIAN_POINT('',(-17.429424,10.834984956644,7.9));
#1723 = LINE('',#1724,#1725);
#1724 = CARTESIAN_POINT('',(-17.429424,10.834984956644,7.9));
#1725 = VECTOR('',#1726,1.);
#1726 = DIRECTION('',(1.,5.342860762399E-17,0.));
#1727 = ORIENTED_EDGE('',*,*,#1728,.T.);
#1728 = EDGE_CURVE('',#1721,#1729,#1731,.T.);
#1729 = VERTEX_POINT('',#1730);
#1730 = CARTESIAN_POINT('',(-23.37432382401,9.058425089009,7.9));
#1731 = CIRCLE('',#1732,10.834984956644);
#1732 = AXIS2_PLACEMENT_3D('',#1733,#1734,#1735);
#1733 = CARTESIAN_POINT('',(-17.429424,2.887E-13,7.9));
#1734 = DIRECTION('',(0.,0.,1.));
#1735 = DIRECTION('',(1.,0.,0.));
#1736 = ORIENTED_EDGE('',*,*,#1737,.T.);
#1737 = EDGE_CURVE('',#1729,#1738,#1740,.T.);
#1738 = VERTEX_POINT('',#1739);
#1739 = CARTESIAN_POINT('',(-23.37432382401,-9.058425089009,7.9));
#1740 = CIRCLE('',#1741,10.834984956644);
#1741 = AXIS2_PLACEMENT_3D('',#1742,#1743,#1744);
#1742 = CARTESIAN_POINT('',(-17.429424,2.887E-13,7.9));
#1743 = DIRECTION('',(0.,0.,1.));
#1744 = DIRECTION('',(1.,0.,0.));
#1745 = ORIENTED_EDGE('',*,*,#1746,.T.);
#1746 = EDGE_CURVE('',#1738,#1747,#1749,.T.);
#1747 = VERTEX_POINT('',#1748);
#1748 = CARTESIAN_POINT('',(-17.429424,-10.83498495664,7.9));
#1749 = CIRCLE('',#1750,10.834984956644);
#1750 = AXIS2_PLACEMENT_3D('',#1751,#1752,#1753);
#1751 = CARTESIAN_POINT('',(-17.429424,2.887E-13,7.9));
#1752 = DIRECTION('',(0.,0.,1.));
#1753 = DIRECTION('',(1.,0.,0.));
#1754 = ORIENTED_EDGE('',*,*,#1755,.F.);
#1755 = EDGE_CURVE('',#1713,#1747,#1756,.T.);
#1756 = LINE('',#1757,#1758);
#1757 = CARTESIAN_POINT('',(15.817874,-10.83498495664,7.9));
#1758 = VECTOR('',#1759,1.);
#1759 = DIRECTION('',(-1.,1.747115469305E-14,0.));
#1760 = FACE_BOUND('',#1761,.T.);
#1761 = EDGE_LOOP('',(#1762,#1763,#1764,#1771));
#1762 = ORIENTED_EDGE('',*,*,#1196,.F.);
#1763 = ORIENTED_EDGE('',*,*,#1570,.T.);
#1764 = ORIENTED_EDGE('',*,*,#1765,.F.);
#1765 = EDGE_CURVE('',#1641,#1571,#1766,.T.);
#1766 = CIRCLE('',#1767,9.058425089009);
#1767 = AXIS2_PLACEMENT_3D('',#1768,#1769,#1770);
#1768 = CARTESIAN_POINT('',(-18.68733445612,5.E-16,7.9));
#1769 = DIRECTION('',(0.,0.,1.));
#1770 = DIRECTION('',(1.,0.,0.));
#1771 = ORIENTED_EDGE('',*,*,#1649,.T.);
#1772 = PLANE('',#1773);
#1773 = AXIS2_PLACEMENT_3D('',#1774,#1775,#1776);
#1774 = CARTESIAN_POINT('',(-4.629180963905,1.991101055363E-13,7.9));
#1775 = DIRECTION('',(0.,0.,1.));
#1776 = DIRECTION('',(1.,0.,0.));
#1777 = ADVANCED_FACE('',(#1778),#1784,.T.);
#1778 = FACE_BOUND('',#1779,.F.);
#1779 = EDGE_LOOP('',(#1780,#1781,#1782,#1783));
#1780 = ORIENTED_EDGE('',*,*,#1581,.T.);
#1781 = ORIENTED_EDGE('',*,*,#1765,.F.);
#1782 = ORIENTED_EDGE('',*,*,#1640,.F.);
#1783 = ORIENTED_EDGE('',*,*,#1315,.T.);
#1784 = CYLINDRICAL_SURFACE('',#1785,9.058425089009);
#1785 = AXIS2_PLACEMENT_3D('',#1786,#1787,#1788);
#1786 = CARTESIAN_POINT('',(-18.68733445612,5.E-16,7.9));
#1787 = DIRECTION('',(-0.,-0.,-1.));
#1788 = DIRECTION('',(1.,0.,0.));
#1789 = ADVANCED_FACE('',(#1790),#1816,.F.);
#1790 = FACE_BOUND('',#1791,.F.);
#1791 = EDGE_LOOP('',(#1792,#1800,#1801,#1802,#1810));
#1792 = ORIENTED_EDGE('',*,*,#1793,.T.);
#1793 = EDGE_CURVE('',#1794,#1350,#1796,.T.);
#1794 = VERTEX_POINT('',#1795);
#1795 = CARTESIAN_POINT('',(7.1279951,2.739974498748,3.9));
#1796 = LINE('',#1797,#1798);
#1797 = CARTESIAN_POINT('',(6.1279951,2.739974498748,3.9));
#1798 = VECTOR('',#1799,1.);
#1799 = DIRECTION('',(-1.,0.,0.));
#1800 = ORIENTED_EDGE('',*,*,#1349,.F.);
#1801 = ORIENTED_EDGE('',*,*,#1385,.F.);
#1802 = ORIENTED_EDGE('',*,*,#1803,.T.);
#1803 = EDGE_CURVE('',#1377,#1804,#1806,.T.);
#1804 = VERTEX_POINT('',#1805);
#1805 = CARTESIAN_POINT('',(7.1279951,-2.739974498748,3.9));
#1806 = LINE('',#1807,#1808);
#1807 = CARTESIAN_POINT('',(-13.9480319,-2.739974498748,3.9));
#1808 = VECTOR('',#1809,1.);
#1809 = DIRECTION('',(1.,0.,0.));
#1810 = ORIENTED_EDGE('',*,*,#1811,.T.);
#1811 = EDGE_CURVE('',#1804,#1794,#1812,.T.);
#1812 = LINE('',#1813,#1814);
#1813 = CARTESIAN_POINT('',(7.1279951,-1.739974498748,3.9));
#1814 = VECTOR('',#1815,1.);
#1815 = DIRECTION('',(0.,1.,0.));
#1816 = PLANE('',#1817);
#1817 = AXIS2_PLACEMENT_3D('',#1818,#1819,#1820);
#1818 = CARTESIAN_POINT('',(-3.98349857169,1.585140168164E-13,3.9));
#1819 = DIRECTION('',(0.,0.,1.));
#1820 = DIRECTION('',(1.,0.,0.));
#1821 = ADVANCED_FACE('',(#1822),#1831,.T.);
#1822 = FACE_BOUND('',#1823,.T.);
#1823 = EDGE_LOOP('',(#1824,#1830));
#1824 = ORIENTED_EDGE('',*,*,#1825,.F.);
#1825 = EDGE_CURVE('',#1350,#1359,#1826,.T.);
#1826 = LINE('',#1827,#1828);
#1827 = CARTESIAN_POINT('',(6.1279951,2.739974498748,3.9));
#1828 = VECTOR('',#1829,1.);
#1829 = DIRECTION('',(-1.,0.,0.));
#1830 = ORIENTED_EDGE('',*,*,#1358,.T.);
#1831 = PLANE('',#1832);
#1832 = AXIS2_PLACEMENT_3D('',#1833,#1834,#1835);
#1833 = CARTESIAN_POINT('',(-3.98349857169,1.585140168164E-13,3.9));
#1834 = DIRECTION('',(0.,0.,1.));
#1835 = DIRECTION('',(1.,0.,0.));
#1836 = ADVANCED_FACE('',(#1837),#1862,.F.);
#1837 = FACE_BOUND('',#1838,.F.);
#1838 = EDGE_LOOP('',(#1839,#1847,#1855,#1861));
#1839 = ORIENTED_EDGE('',*,*,#1840,.T.);
#1840 = EDGE_CURVE('',#1359,#1841,#1843,.T.);
#1841 = VERTEX_POINT('',#1842);
#1842 = CARTESIAN_POINT('',(-14.9480319,2.739974498748,3.9));
#1843 = LINE('',#1844,#1845);
#1844 = CARTESIAN_POINT('',(6.1279951,2.739974498748,3.9));
#1845 = VECTOR('',#1846,1.);
#1846 = DIRECTION('',(-1.,0.,0.));
#1847 = ORIENTED_EDGE('',*,*,#1848,.T.);
#1848 = EDGE_CURVE('',#1841,#1849,#1851,.T.);
#1849 = VERTEX_POINT('',#1850);
#1850 = CARTESIAN_POINT('',(-14.9480319,-2.739974498748,3.9));
#1851 = LINE('',#1852,#1853);
#1852 = CARTESIAN_POINT('',(-14.9480319,1.739974498748,3.9));
#1853 = VECTOR('',#1854,1.);
#1854 = DIRECTION('',(0.,-1.,0.));
#1855 = ORIENTED_EDGE('',*,*,#1856,.T.);
#1856 = EDGE_CURVE('',#1849,#1368,#1857,.T.);
#1857 = LINE('',#1858,#1859);
#1858 = CARTESIAN_POINT('',(-13.9480319,-2.739974498748,3.9));
#1859 = VECTOR('',#1860,1.);
#1860 = DIRECTION('',(1.,0.,0.));
#1861 = ORIENTED_EDGE('',*,*,#1367,.F.);
#1862 = PLANE('',#1863);
#1863 = AXIS2_PLACEMENT_3D('',#1864,#1865,#1866);
#1864 = CARTESIAN_POINT('',(-3.98349857169,1.585140168164E-13,3.9));
#1865 = DIRECTION('',(0.,0.,1.));
#1866 = DIRECTION('',(1.,0.,0.));
#1867 = ADVANCED_FACE('',(#1868),#1877,.T.);
#1868 = FACE_BOUND('',#1869,.T.);
#1869 = EDGE_LOOP('',(#1870,#1871));
#1870 = ORIENTED_EDGE('',*,*,#1376,.T.);
#1871 = ORIENTED_EDGE('',*,*,#1872,.F.);
#1872 = EDGE_CURVE('',#1368,#1377,#1873,.T.);
#1873 = LINE('',#1874,#1875);
#1874 = CARTESIAN_POINT('',(-13.9480319,-2.739974498748,3.9));
#1875 = VECTOR('',#1876,1.);
#1876 = DIRECTION('',(1.,0.,0.));
#1877 = PLANE('',#1878);
#1878 = AXIS2_PLACEMENT_3D('',#1879,#1880,#1881);
#1879 = CARTESIAN_POINT('',(-3.98349857169,1.585140168164E-13,3.9));
#1880 = DIRECTION('',(0.,0.,1.));
#1881 = DIRECTION('',(1.,0.,0.));
#1882 = ADVANCED_FACE('',(#1883,#1889),#1923,.T.);
#1883 = FACE_BOUND('',#1884,.T.);
#1884 = EDGE_LOOP('',(#1885,#1886,#1887,#1888));
#1885 = ORIENTED_EDGE('',*,*,#1409,.T.);
#1886 = ORIENTED_EDGE('',*,*,#1433,.T.);
#1887 = ORIENTED_EDGE('',*,*,#1457,.T.);
#1888 = ORIENTED_EDGE('',*,*,#1481,.T.);
#1889 = FACE_BOUND('',#1890,.T.);
#1890 = EDGE_LOOP('',(#1891,#1901,#1909,#1917));
#1891 = ORIENTED_EDGE('',*,*,#1892,.F.);
#1892 = EDGE_CURVE('',#1893,#1895,#1897,.T.);
#1893 = VERTEX_POINT('',#1894);
#1894 = CARTESIAN_POINT('',(7.870804,2.26306,15.5));
#1895 = VERTEX_POINT('',#1896);
#1896 = CARTESIAN_POINT('',(7.870804,-2.26306,15.5));
#1897 = LINE('',#1898,#1899);
#1898 = CARTESIAN_POINT('',(7.870804,2.26306,15.5));
#1899 = VECTOR('',#1900,1.);
#1900 = DIRECTION('',(0.,-1.,0.));
#1901 = ORIENTED_EDGE('',*,*,#1902,.F.);
#1902 = EDGE_CURVE('',#1903,#1893,#1905,.T.);
#1903 = VERTEX_POINT('',#1904);
#1904 = CARTESIAN_POINT('',(9.070122,2.26306,15.5));
#1905 = LINE('',#1906,#1907);
#1906 = CARTESIAN_POINT('',(9.070122,2.26306,15.5));
#1907 = VECTOR('',#1908,1.);
#1908 = DIRECTION('',(-1.,0.,0.));
#1909 = ORIENTED_EDGE('',*,*,#1910,.F.);
#1910 = EDGE_CURVE('',#1911,#1903,#1913,.T.);
#1911 = VERTEX_POINT('',#1912);
#1912 = CARTESIAN_POINT('',(9.070122,-2.26306,15.5));
#1913 = LINE('',#1914,#1915);
#1914 = CARTESIAN_POINT('',(9.070122,-2.26306,15.5));
#1915 = VECTOR('',#1916,1.);
#1916 = DIRECTION('',(0.,1.,0.));
#1917 = ORIENTED_EDGE('',*,*,#1918,.F.);
#1918 = EDGE_CURVE('',#1895,#1911,#1919,.T.);
#1919 = LINE('',#1920,#1921);
#1920 = CARTESIAN_POINT('',(7.870804,-2.26306,15.5));
#1921 = VECTOR('',#1922,1.);
#1922 = DIRECTION('',(1.,0.,0.));
#1923 = PLANE('',#1924);
#1924 = AXIS2_PLACEMENT_3D('',#1925,#1926,#1927);
#1925 = CARTESIAN_POINT('',(8.495497,1.165761658688E-16,15.5));
#1926 = DIRECTION('',(0.,0.,1.));
#1927 = DIRECTION('',(1.,0.,0.));
#1928 = ADVANCED_FACE('',(#1929,#1932),#1943,.T.);
#1929 = FACE_BOUND('',#1930,.T.);
#1930 = EDGE_LOOP('',(#1931));
#1931 = ORIENTED_EDGE('',*,*,#1553,.T.);
#1932 = FACE_BOUND('',#1933,.T.);
#1933 = EDGE_LOOP('',(#1934));
#1934 = ORIENTED_EDGE('',*,*,#1935,.F.);
#1935 = EDGE_CURVE('',#1936,#1936,#1938,.T.);
#1936 = VERTEX_POINT('',#1937);
#1937 = CARTESIAN_POINT('',(-16.64268791719,0.,26.));
#1938 = CIRCLE('',#1939,0.201168082808);
#1939 = AXIS2_PLACEMENT_3D('',#1940,#1941,#1942);
#1940 = CARTESIAN_POINT('',(-16.843856,0.,26.));
#1941 = DIRECTION('',(0.,0.,1.));
#1942 = DIRECTION('',(1.,0.,0.));
#1943 = PLANE('',#1944);
#1944 = AXIS2_PLACEMENT_3D('',#1945,#1946,#1947);
#1945 = CARTESIAN_POINT('',(-16.843856,4.38307759244E-16,26.));
#1946 = DIRECTION('',(0.,0.,1.));
#1947 = DIRECTION('',(1.,0.,0.));
#1948 = ADVANCED_FACE('',(#1949),#1968,.T.);
#1949 = FACE_BOUND('',#1950,.F.);
#1950 = EDGE_LOOP('',(#1951,#1959,#1966,#1967));
#1951 = ORIENTED_EDGE('',*,*,#1952,.T.);
#1952 = EDGE_CURVE('',#1591,#1953,#1955,.T.);
#1953 = VERTEX_POINT('',#1954);
#1954 = CARTESIAN_POINT('',(-15.013685,-8.894887315278,11.044730715725)
  );
#1955 = LINE('',#1956,#1957);
#1956 = CARTESIAN_POINT('',(-15.013685,-8.406019663094,10.939809704257)
  );
#1957 = VECTOR('',#1958,1.);
#1958 = DIRECTION('',(0.,-0.977735304369,0.209842022935));
#1959 = ORIENTED_EDGE('',*,*,#1960,.T.);
#1960 = EDGE_CURVE('',#1953,#1953,#1961,.T.);
#1961 = CIRCLE('',#1962,2.311598);
#1962 = AXIS2_PLACEMENT_3D('',#1963,#1964,#1965);
#1963 = CARTESIAN_POINT('',(-17.325283,-8.894887315278,11.044730715725)
  );
#1964 = DIRECTION('',(0.,-0.977735304369,0.209842022935));
#1965 = DIRECTION('',(1.,0.,0.));
#1966 = ORIENTED_EDGE('',*,*,#1952,.F.);
#1967 = ORIENTED_EDGE('',*,*,#1590,.F.);
#1968 = CYLINDRICAL_SURFACE('',#1969,2.311598);
#1969 = AXIS2_PLACEMENT_3D('',#1970,#1971,#1972);
#1970 = CARTESIAN_POINT('',(-17.325283,-8.406019663094,10.939809704257)
  );
#1971 = DIRECTION('',(0.,0.977735304369,-0.209842022935));
#1972 = DIRECTION('',(1.,0.,0.));
#1973 = ADVANCED_FACE('',(#1974),#1993,.T.);
#1974 = FACE_BOUND('',#1975,.F.);
#1975 = EDGE_LOOP('',(#1976,#1984,#1991,#1992));
#1976 = ORIENTED_EDGE('',*,*,#1977,.T.);
#1977 = EDGE_CURVE('',#1602,#1978,#1980,.T.);
#1978 = VERTEX_POINT('',#1979);
#1979 = CARTESIAN_POINT('',(-6.347018333333,-8.894887315278,
    11.044730715725));
#1980 = LINE('',#1981,#1982);
#1981 = CARTESIAN_POINT('',(-6.347018333333,-8.406019663094,
    10.939809704257));
#1982 = VECTOR('',#1983,1.);
#1983 = DIRECTION('',(0.,-0.977735304369,0.209842022935));
#1984 = ORIENTED_EDGE('',*,*,#1985,.T.);
#1985 = EDGE_CURVE('',#1978,#1978,#1986,.T.);
#1986 = CIRCLE('',#1987,2.311598);
#1987 = AXIS2_PLACEMENT_3D('',#1988,#1989,#1990);
#1988 = CARTESIAN_POINT('',(-8.658616333333,-8.894887315278,
    11.044730715725));
#1989 = DIRECTION('',(0.,-0.977735304369,0.209842022935));
#1990 = DIRECTION('',(1.,0.,0.));
#1991 = ORIENTED_EDGE('',*,*,#1977,.F.);
#1992 = ORIENTED_EDGE('',*,*,#1601,.F.);
#1993 = CYLINDRICAL_SURFACE('',#1994,2.311598);
#1994 = AXIS2_PLACEMENT_3D('',#1995,#1996,#1997);
#1995 = CARTESIAN_POINT('',(-8.658616333333,-8.406019663094,
    10.939809704257));
#1996 = DIRECTION('',(0.,0.977735304369,-0.209842022935));
#1997 = DIRECTION('',(1.,0.,0.));
#1998 = ADVANCED_FACE('',(#1999),#2018,.T.);
#1999 = FACE_BOUND('',#2000,.F.);
#2000 = EDGE_LOOP('',(#2001,#2009,#2016,#2017));
#2001 = ORIENTED_EDGE('',*,*,#2002,.T.);
#2002 = EDGE_CURVE('',#1613,#2003,#2005,.T.);
#2003 = VERTEX_POINT('',#2004);
#2004 = CARTESIAN_POINT('',(2.319648333333,-8.894887315278,
    11.044730715725));
#2005 = LINE('',#2006,#2007);
#2006 = CARTESIAN_POINT('',(2.319648333333,-8.406019663094,
    10.939809704257));
#2007 = VECTOR('',#2008,1.);
#2008 = DIRECTION('',(0.,-0.977735304369,0.209842022935));
#2009 = ORIENTED_EDGE('',*,*,#2010,.T.);
#2010 = EDGE_CURVE('',#2003,#2003,#2011,.T.);
#2011 = CIRCLE('',#2012,2.311598);
#2012 = AXIS2_PLACEMENT_3D('',#2013,#2014,#2015);
#2013 = CARTESIAN_POINT('',(8.050333333333E-03,-8.894887315278,
    11.044730715725));
#2014 = DIRECTION('',(0.,-0.977735304369,0.209842022935));
#2015 = DIRECTION('',(1.,0.,0.));
#2016 = ORIENTED_EDGE('',*,*,#2002,.F.);
#2017 = ORIENTED_EDGE('',*,*,#1612,.F.);
#2018 = CYLINDRICAL_SURFACE('',#2019,2.311598);
#2019 = AXIS2_PLACEMENT_3D('',#2020,#2021,#2022);
#2020 = CARTESIAN_POINT('',(8.050333333333E-03,-8.406019663094,
    10.939809704257));
#2021 = DIRECTION('',(0.,0.977735304369,-0.209842022935));
#2022 = DIRECTION('',(1.,0.,0.));
#2023 = ADVANCED_FACE('',(#2024),#2043,.T.);
#2024 = FACE_BOUND('',#2025,.F.);
#2025 = EDGE_LOOP('',(#2026,#2034,#2041,#2042));
#2026 = ORIENTED_EDGE('',*,*,#2027,.T.);
#2027 = EDGE_CURVE('',#1624,#2028,#2030,.T.);
#2028 = VERTEX_POINT('',#2029);
#2029 = CARTESIAN_POINT('',(10.986315,-8.894887315278,11.044730715725));
#2030 = LINE('',#2031,#2032);
#2031 = CARTESIAN_POINT('',(10.986315,-8.406019663094,10.939809704257));
#2032 = VECTOR('',#2033,1.);
#2033 = DIRECTION('',(0.,-0.977735304369,0.209842022935));
#2034 = ORIENTED_EDGE('',*,*,#2035,.T.);
#2035 = EDGE_CURVE('',#2028,#2028,#2036,.T.);
#2036 = CIRCLE('',#2037,2.311598);
#2037 = AXIS2_PLACEMENT_3D('',#2038,#2039,#2040);
#2038 = CARTESIAN_POINT('',(8.674717,-8.894887315278,11.044730715725));
#2039 = DIRECTION('',(0.,-0.977735304369,0.209842022935));
#2040 = DIRECTION('',(1.,0.,0.));
#2041 = ORIENTED_EDGE('',*,*,#2027,.F.);
#2042 = ORIENTED_EDGE('',*,*,#1623,.F.);
#2043 = CYLINDRICAL_SURFACE('',#2044,2.311598);
#2044 = AXIS2_PLACEMENT_3D('',#2045,#2046,#2047);
#2045 = CARTESIAN_POINT('',(8.674717,-8.406019663094,10.939809704257));
#2046 = DIRECTION('',(0.,0.977735304369,-0.209842022935));
#2047 = DIRECTION('',(1.,0.,0.));
#2048 = ADVANCED_FACE('',(#2049),#2068,.T.);
#2049 = FACE_BOUND('',#2050,.T.);
#2050 = EDGE_LOOP('',(#2051,#2059,#2066,#2067));
#2051 = ORIENTED_EDGE('',*,*,#2052,.T.);
#2052 = EDGE_CURVE('',#1661,#2053,#2055,.T.);
#2053 = VERTEX_POINT('',#2054);
#2054 = CARTESIAN_POINT('',(-15.013685,8.894887315278,11.044730715725));
#2055 = LINE('',#2056,#2057);
#2056 = CARTESIAN_POINT('',(-15.013685,8.406019663094,10.939809704257));
#2057 = VECTOR('',#2058,1.);
#2058 = DIRECTION('',(0.,0.977735304369,0.209842022935));
#2059 = ORIENTED_EDGE('',*,*,#2060,.T.);
#2060 = EDGE_CURVE('',#2053,#2053,#2061,.T.);
#2061 = CIRCLE('',#2062,2.311598);
#2062 = AXIS2_PLACEMENT_3D('',#2063,#2064,#2065);
#2063 = CARTESIAN_POINT('',(-17.325283,8.894887315278,11.044730715725));
#2064 = DIRECTION('',(0.,-0.977735304369,-0.209842022935));
#2065 = DIRECTION('',(1.,0.,0.));
#2066 = ORIENTED_EDGE('',*,*,#2052,.F.);
#2067 = ORIENTED_EDGE('',*,*,#1660,.F.);
#2068 = CYLINDRICAL_SURFACE('',#2069,2.311598);
#2069 = AXIS2_PLACEMENT_3D('',#2070,#2071,#2072);
#2070 = CARTESIAN_POINT('',(-17.325283,8.406019663094,10.939809704257));
#2071 = DIRECTION('',(-0.,-0.977735304369,-0.209842022935));
#2072 = DIRECTION('',(1.,0.,0.));
#2073 = ADVANCED_FACE('',(#2074),#2093,.T.);
#2074 = FACE_BOUND('',#2075,.T.);
#2075 = EDGE_LOOP('',(#2076,#2084,#2091,#2092));
#2076 = ORIENTED_EDGE('',*,*,#2077,.T.);
#2077 = EDGE_CURVE('',#1672,#2078,#2080,.T.);
#2078 = VERTEX_POINT('',#2079);
#2079 = CARTESIAN_POINT('',(-6.347018333333,8.894887315278,
    11.044730715725));
#2080 = LINE('',#2081,#2082);
#2081 = CARTESIAN_POINT('',(-6.347018333333,8.406019663094,
    10.939809704257));
#2082 = VECTOR('',#2083,1.);
#2083 = DIRECTION('',(0.,0.977735304369,0.209842022935));
#2084 = ORIENTED_EDGE('',*,*,#2085,.T.);
#2085 = EDGE_CURVE('',#2078,#2078,#2086,.T.);
#2086 = CIRCLE('',#2087,2.311598);
#2087 = AXIS2_PLACEMENT_3D('',#2088,#2089,#2090);
#2088 = CARTESIAN_POINT('',(-8.658616333333,8.894887315278,
    11.044730715725));
#2089 = DIRECTION('',(0.,-0.977735304369,-0.209842022935));
#2090 = DIRECTION('',(1.,0.,0.));
#2091 = ORIENTED_EDGE('',*,*,#2077,.F.);
#2092 = ORIENTED_EDGE('',*,*,#1671,.F.);
#2093 = CYLINDRICAL_SURFACE('',#2094,2.311598);
#2094 = AXIS2_PLACEMENT_3D('',#2095,#2096,#2097);
#2095 = CARTESIAN_POINT('',(-8.658616333333,8.406019663094,
    10.939809704257));
#2096 = DIRECTION('',(-0.,-0.977735304369,-0.209842022935));
#2097 = DIRECTION('',(1.,0.,0.));
#2098 = ADVANCED_FACE('',(#2099),#2118,.T.);
#2099 = FACE_BOUND('',#2100,.T.);
#2100 = EDGE_LOOP('',(#2101,#2109,#2116,#2117));
#2101 = ORIENTED_EDGE('',*,*,#2102,.T.);
#2102 = EDGE_CURVE('',#1683,#2103,#2105,.T.);
#2103 = VERTEX_POINT('',#2104);
#2104 = CARTESIAN_POINT('',(2.319648333333,8.894887315278,
    11.044730715725));
#2105 = LINE('',#2106,#2107);
#2106 = CARTESIAN_POINT('',(2.319648333333,8.406019663094,
    10.939809704257));
#2107 = VECTOR('',#2108,1.);
#2108 = DIRECTION('',(0.,0.977735304369,0.209842022935));
#2109 = ORIENTED_EDGE('',*,*,#2110,.T.);
#2110 = EDGE_CURVE('',#2103,#2103,#2111,.T.);
#2111 = CIRCLE('',#2112,2.311598);
#2112 = AXIS2_PLACEMENT_3D('',#2113,#2114,#2115);
#2113 = CARTESIAN_POINT('',(8.050333333333E-03,8.894887315278,
    11.044730715725));
#2114 = DIRECTION('',(0.,-0.977735304369,-0.209842022935));
#2115 = DIRECTION('',(1.,0.,0.));
#2116 = ORIENTED_EDGE('',*,*,#2102,.F.);
#2117 = ORIENTED_EDGE('',*,*,#1682,.F.);
#2118 = CYLINDRICAL_SURFACE('',#2119,2.311598);
#2119 = AXIS2_PLACEMENT_3D('',#2120,#2121,#2122);
#2120 = CARTESIAN_POINT('',(8.050333333333E-03,8.406019663094,
    10.939809704257));
#2121 = DIRECTION('',(-0.,-0.977735304369,-0.209842022935));
#2122 = DIRECTION('',(1.,0.,0.));
#2123 = ADVANCED_FACE('',(#2124),#2143,.T.);
#2124 = FACE_BOUND('',#2125,.T.);
#2125 = EDGE_LOOP('',(#2126,#2134,#2141,#2142));
#2126 = ORIENTED_EDGE('',*,*,#2127,.T.);
#2127 = EDGE_CURVE('',#1694,#2128,#2130,.T.);
#2128 = VERTEX_POINT('',#2129);
#2129 = CARTESIAN_POINT('',(10.986315,8.894887315278,11.044730715725));
#2130 = LINE('',#2131,#2132);
#2131 = CARTESIAN_POINT('',(10.986315,8.406019663094,10.939809704257));
#2132 = VECTOR('',#2133,1.);
#2133 = DIRECTION('',(0.,0.977735304369,0.209842022935));
#2134 = ORIENTED_EDGE('',*,*,#2135,.T.);
#2135 = EDGE_CURVE('',#2128,#2128,#2136,.T.);
#2136 = CIRCLE('',#2137,2.311598);
#2137 = AXIS2_PLACEMENT_3D('',#2138,#2139,#2140);
#2138 = CARTESIAN_POINT('',(8.674717,8.894887315278,11.044730715725));
#2139 = DIRECTION('',(0.,-0.977735304369,-0.209842022935));
#2140 = DIRECTION('',(1.,0.,0.));
#2141 = ORIENTED_EDGE('',*,*,#2127,.F.);
#2142 = ORIENTED_EDGE('',*,*,#1693,.F.);
#2143 = CYLINDRICAL_SURFACE('',#2144,2.311598);
#2144 = AXIS2_PLACEMENT_3D('',#2145,#2146,#2147);
#2145 = CARTESIAN_POINT('',(8.674717,8.406019663094,10.939809704257));
#2146 = DIRECTION('',(-0.,-0.977735304369,-0.209842022935));
#2147 = DIRECTION('',(1.,0.,0.));
#2148 = ADVANCED_FACE('',(#2149),#2174,.F.);
#2149 = FACE_BOUND('',#2150,.F.);
#2150 = EDGE_LOOP('',(#2151,#2159,#2160,#2168));
#2151 = ORIENTED_EDGE('',*,*,#2152,.F.);
#2152 = EDGE_CURVE('',#1713,#2153,#2155,.T.);
#2153 = VERTEX_POINT('',#2154);
#2154 = CARTESIAN_POINT('',(15.817874,-10.83498495664,3.9));
#2155 = LINE('',#2156,#2157);
#2156 = CARTESIAN_POINT('',(14.019281,-10.83498495664,14.3));
#2157 = VECTOR('',#2158,1.);
#2158 = DIRECTION('',(0.170411999878,-3.196091147498E-15,-0.985372899109
    ));
#2159 = ORIENTED_EDGE('',*,*,#1710,.F.);
#2160 = ORIENTED_EDGE('',*,*,#2161,.F.);
#2161 = EDGE_CURVE('',#2162,#1711,#2164,.T.);
#2162 = VERTEX_POINT('',#2163);
#2163 = CARTESIAN_POINT('',(15.817874,10.834984956644,3.9));
#2164 = LINE('',#2165,#2166);
#2165 = CARTESIAN_POINT('',(14.435822582077,10.834984956644,
    11.891432606709));
#2166 = VECTOR('',#2167,1.);
#2167 = DIRECTION('',(-0.170411999878,-9.104875875877E-18,0.985372899109
    ));
#2168 = ORIENTED_EDGE('',*,*,#2169,.T.);
#2169 = EDGE_CURVE('',#2162,#2153,#2170,.T.);
#2170 = LINE('',#2171,#2172);
#2171 = CARTESIAN_POINT('',(15.817874,10.834984956644,3.9));
#2172 = VECTOR('',#2173,1.);
#2173 = DIRECTION('',(-4.098660142373E-16,-1.,0.));
#2174 = PLANE('',#2175);
#2175 = AXIS2_PLACEMENT_3D('',#2176,#2177,#2178);
#2176 = CARTESIAN_POINT('',(14.019281,-10.83498495664,14.3));
#2177 = DIRECTION('',(-0.985372899109,1.717776328547E-14,-0.170411999878
    ));
#2178 = DIRECTION('',(0.170411999878,-3.196091147498E-15,-0.985372899109
    ));
#2179 = ADVANCED_FACE('',(#2180),#2198,.T.);
#2180 = FACE_BOUND('',#2181,.T.);
#2181 = EDGE_LOOP('',(#2182,#2190,#2196,#2197));
#2182 = ORIENTED_EDGE('',*,*,#2183,.F.);
#2183 = EDGE_CURVE('',#2184,#2162,#2186,.T.);
#2184 = VERTEX_POINT('',#2185);
#2185 = CARTESIAN_POINT('',(-17.429424,10.834984956644,3.9));
#2186 = LINE('',#2187,#2188);
#2187 = CARTESIAN_POINT('',(-17.429424,10.834984956644,3.9));
#2188 = VECTOR('',#2189,1.);
#2189 = DIRECTION('',(1.,5.342860762399E-17,0.));
#2190 = ORIENTED_EDGE('',*,*,#2191,.T.);
#2191 = EDGE_CURVE('',#2184,#1721,#2192,.T.);
#2192 = LINE('',#2193,#2194);
#2193 = CARTESIAN_POINT('',(-17.429424,10.834984956644,3.9));
#2194 = VECTOR('',#2195,1.);
#2195 = DIRECTION('',(0.,0.,1.));
#2196 = ORIENTED_EDGE('',*,*,#1720,.T.);
#2197 = ORIENTED_EDGE('',*,*,#2161,.F.);
#2198 = PLANE('',#2199);
#2199 = AXIS2_PLACEMENT_3D('',#2200,#2201,#2202);
#2200 = CARTESIAN_POINT('',(-17.429424,10.834984956644,3.9));
#2201 = DIRECTION('',(-5.342860762399E-17,1.,0.));
#2202 = DIRECTION('',(1.,5.342860762399E-17,0.));
#2203 = ADVANCED_FACE('',(#2204),#2225,.T.);
#2204 = FACE_BOUND('',#2205,.F.);
#2205 = EDGE_LOOP('',(#2206,#2207,#2208,#2209,#2210,#2218));
#2206 = ORIENTED_EDGE('',*,*,#2191,.T.);
#2207 = ORIENTED_EDGE('',*,*,#1728,.T.);
#2208 = ORIENTED_EDGE('',*,*,#1737,.T.);
#2209 = ORIENTED_EDGE('',*,*,#1746,.T.);
#2210 = ORIENTED_EDGE('',*,*,#2211,.F.);
#2211 = EDGE_CURVE('',#2212,#1747,#2214,.T.);
#2212 = VERTEX_POINT('',#2213);
#2213 = CARTESIAN_POINT('',(-17.429424,-10.83498495664,3.9));
#2214 = LINE('',#2215,#2216);
#2215 = CARTESIAN_POINT('',(-17.429424,-10.83498495664,3.9));
#2216 = VECTOR('',#2217,1.);
#2217 = DIRECTION('',(0.,0.,1.));
#2218 = ORIENTED_EDGE('',*,*,#2219,.F.);
#2219 = EDGE_CURVE('',#2184,#2212,#2220,.T.);
#2220 = CIRCLE('',#2221,10.834984956644);
#2221 = AXIS2_PLACEMENT_3D('',#2222,#2223,#2224);
#2222 = CARTESIAN_POINT('',(-17.429424,2.887E-13,3.9));
#2223 = DIRECTION('',(0.,0.,1.));
#2224 = DIRECTION('',(1.,0.,0.));
#2225 = CYLINDRICAL_SURFACE('',#2226,10.834984956644);
#2226 = AXIS2_PLACEMENT_3D('',#2227,#2228,#2229);
#2227 = CARTESIAN_POINT('',(-17.429424,2.887E-13,3.9));
#2228 = DIRECTION('',(-0.,-0.,-1.));
#2229 = DIRECTION('',(1.,0.,0.));
#2230 = ADVANCED_FACE('',(#2231),#2242,.T.);
#2231 = FACE_BOUND('',#2232,.T.);
#2232 = EDGE_LOOP('',(#2233,#2239,#2240,#2241));
#2233 = ORIENTED_EDGE('',*,*,#2234,.F.);
#2234 = EDGE_CURVE('',#2153,#2212,#2235,.T.);
#2235 = LINE('',#2236,#2237);
#2236 = CARTESIAN_POINT('',(15.817874,-10.83498495664,3.9));
#2237 = VECTOR('',#2238,1.);
#2238 = DIRECTION('',(-1.,1.747115469305E-14,0.));
#2239 = ORIENTED_EDGE('',*,*,#2152,.F.);
#2240 = ORIENTED_EDGE('',*,*,#1755,.T.);
#2241 = ORIENTED_EDGE('',*,*,#2211,.F.);
#2242 = PLANE('',#2243);
#2243 = AXIS2_PLACEMENT_3D('',#2244,#2245,#2246);
#2244 = CARTESIAN_POINT('',(15.817874,-10.83498495664,3.9));
#2245 = DIRECTION('',(-1.747115469305E-14,-1.,0.));
#2246 = DIRECTION('',(-1.,1.747115469305E-14,0.));
#2247 = ADVANCED_FACE('',(#2248),#2277,.T.);
#2248 = FACE_BOUND('',#2249,.F.);
#2249 = EDGE_LOOP('',(#2250,#2259,#2267,#2274,#2275,#2276));
#2250 = ORIENTED_EDGE('',*,*,#2251,.T.);
#2251 = EDGE_CURVE('',#1794,#2252,#2254,.T.);
#2252 = VERTEX_POINT('',#2253);
#2253 = CARTESIAN_POINT('',(6.1279951,1.739974498748,2.9));
#2254 = ELLIPSE('',#2255,1.414213562373,1.);
#2255 = AXIS2_PLACEMENT_3D('',#2256,#2257,#2258);
#2256 = CARTESIAN_POINT('',(7.1279951,2.739974498748,2.9));
#2257 = DIRECTION('',(0.707106781187,-0.707106781187,0.));
#2258 = DIRECTION('',(-0.707106781187,-0.707106781187,0.));
#2259 = ORIENTED_EDGE('',*,*,#2260,.T.);
#2260 = EDGE_CURVE('',#2252,#2261,#2263,.T.);
#2261 = VERTEX_POINT('',#2262);
#2262 = CARTESIAN_POINT('',(-13.9480319,1.739974498748,2.9));
#2263 = LINE('',#2264,#2265);
#2264 = CARTESIAN_POINT('',(6.1279951,1.739974498748,2.9));
#2265 = VECTOR('',#2266,1.);
#2266 = DIRECTION('',(-1.,0.,0.));
#2267 = ORIENTED_EDGE('',*,*,#2268,.F.);
#2268 = EDGE_CURVE('',#1841,#2261,#2269,.T.);
#2269 = ELLIPSE('',#2270,1.414213562373,1.);
#2270 = AXIS2_PLACEMENT_3D('',#2271,#2272,#2273);
#2271 = CARTESIAN_POINT('',(-14.9480319,2.739974498748,2.9));
#2272 = DIRECTION('',(0.707106781187,0.707106781187,0.));
#2273 = DIRECTION('',(0.707106781187,-0.707106781187,0.));
#2274 = ORIENTED_EDGE('',*,*,#1840,.F.);
#2275 = ORIENTED_EDGE('',*,*,#1825,.F.);
#2276 = ORIENTED_EDGE('',*,*,#1793,.F.);
#2277 = CYLINDRICAL_SURFACE('',#2278,1.);
#2278 = AXIS2_PLACEMENT_3D('',#2279,#2280,#2281);
#2279 = CARTESIAN_POINT('',(6.1279951,2.739974498748,2.9));
#2280 = DIRECTION('',(-1.,0.,0.));
#2281 = DIRECTION('',(0.,0.,1.));
#2282 = ADVANCED_FACE('',(#2283),#2302,.T.);
#2283 = FACE_BOUND('',#2284,.F.);
#2284 = EDGE_LOOP('',(#2285,#2294,#2300,#2301));
#2285 = ORIENTED_EDGE('',*,*,#2286,.T.);
#2286 = EDGE_CURVE('',#1804,#2287,#2289,.T.);
#2287 = VERTEX_POINT('',#2288);
#2288 = CARTESIAN_POINT('',(6.1279951,-1.739974498748,2.9));
#2289 = ELLIPSE('',#2290,1.414213562373,1.);
#2290 = AXIS2_PLACEMENT_3D('',#2291,#2292,#2293);
#2291 = CARTESIAN_POINT('',(7.1279951,-2.739974498748,2.9));
#2292 = DIRECTION('',(-0.707106781187,-0.707106781187,0.));
#2293 = DIRECTION('',(0.707106781187,-0.707106781187,0.));
#2294 = ORIENTED_EDGE('',*,*,#2295,.T.);
#2295 = EDGE_CURVE('',#2287,#2252,#2296,.T.);
#2296 = LINE('',#2297,#2298);
#2297 = CARTESIAN_POINT('',(6.1279951,-1.739974498748,2.9));
#2298 = VECTOR('',#2299,1.);
#2299 = DIRECTION('',(0.,1.,0.));
#2300 = ORIENTED_EDGE('',*,*,#2251,.F.);
#2301 = ORIENTED_EDGE('',*,*,#1811,.F.);
#2302 = CYLINDRICAL_SURFACE('',#2303,1.);
#2303 = AXIS2_PLACEMENT_3D('',#2304,#2305,#2306);
#2304 = CARTESIAN_POINT('',(7.1279951,-1.739974498748,2.9));
#2305 = DIRECTION('',(0.,1.,0.));
#2306 = DIRECTION('',(0.,0.,1.));
#2307 = ADVANCED_FACE('',(#2308),#2329,.T.);
#2308 = FACE_BOUND('',#2309,.F.);
#2309 = EDGE_LOOP('',(#2310,#2319,#2325,#2326,#2327,#2328));
#2310 = ORIENTED_EDGE('',*,*,#2311,.T.);
#2311 = EDGE_CURVE('',#1849,#2312,#2314,.T.);
#2312 = VERTEX_POINT('',#2313);
#2313 = CARTESIAN_POINT('',(-13.9480319,-1.739974498748,2.9));
#2314 = ELLIPSE('',#2315,1.414213562373,1.);
#2315 = AXIS2_PLACEMENT_3D('',#2316,#2317,#2318);
#2316 = CARTESIAN_POINT('',(-14.9480319,-2.739974498748,2.9));
#2317 = DIRECTION('',(-0.707106781187,0.707106781187,0.));
#2318 = DIRECTION('',(0.707106781187,0.707106781187,0.));
#2319 = ORIENTED_EDGE('',*,*,#2320,.T.);
#2320 = EDGE_CURVE('',#2312,#2287,#2321,.T.);
#2321 = LINE('',#2322,#2323);
#2322 = CARTESIAN_POINT('',(-13.9480319,-1.739974498748,2.9));
#2323 = VECTOR('',#2324,1.);
#2324 = DIRECTION('',(1.,0.,0.));
#2325 = ORIENTED_EDGE('',*,*,#2286,.F.);
#2326 = ORIENTED_EDGE('',*,*,#1803,.F.);
#2327 = ORIENTED_EDGE('',*,*,#1872,.F.);
#2328 = ORIENTED_EDGE('',*,*,#1856,.F.);
#2329 = CYLINDRICAL_SURFACE('',#2330,1.);
#2330 = AXIS2_PLACEMENT_3D('',#2331,#2332,#2333);
#2331 = CARTESIAN_POINT('',(-13.9480319,-2.739974498748,2.9));
#2332 = DIRECTION('',(1.,0.,0.));
#2333 = DIRECTION('',(0.,0.,1.));
#2334 = ADVANCED_FACE('',(#2335),#2346,.T.);
#2335 = FACE_BOUND('',#2336,.F.);
#2336 = EDGE_LOOP('',(#2337,#2338,#2344,#2345));
#2337 = ORIENTED_EDGE('',*,*,#2268,.T.);
#2338 = ORIENTED_EDGE('',*,*,#2339,.T.);
#2339 = EDGE_CURVE('',#2261,#2312,#2340,.T.);
#2340 = LINE('',#2341,#2342);
#2341 = CARTESIAN_POINT('',(-13.9480319,1.739974498748,2.9));
#2342 = VECTOR('',#2343,1.);
#2343 = DIRECTION('',(0.,-1.,0.));
#2344 = ORIENTED_EDGE('',*,*,#2311,.F.);
#2345 = ORIENTED_EDGE('',*,*,#1848,.F.);
#2346 = CYLINDRICAL_SURFACE('',#2347,1.);
#2347 = AXIS2_PLACEMENT_3D('',#2348,#2349,#2350);
#2348 = CARTESIAN_POINT('',(-14.9480319,1.739974498748,2.9));
#2349 = DIRECTION('',(0.,-1.,0.));
#2350 = DIRECTION('',(0.,0.,1.));
#2351 = ADVANCED_FACE('',(#2352),#2378,.F.);
#2352 = FACE_BOUND('',#2353,.F.);
#2353 = EDGE_LOOP('',(#2354,#2355,#2363,#2372));
#2354 = ORIENTED_EDGE('',*,*,#1892,.F.);
#2355 = ORIENTED_EDGE('',*,*,#2356,.T.);
#2356 = EDGE_CURVE('',#1893,#2357,#2359,.T.);
#2357 = VERTEX_POINT('',#2358);
#2358 = CARTESIAN_POINT('',(7.870804,2.26306,16.57105362471));
#2359 = LINE('',#2360,#2361);
#2360 = CARTESIAN_POINT('',(7.870804,2.26306,15.5));
#2361 = VECTOR('',#2362,1.);
#2362 = DIRECTION('',(0.,0.,1.));
#2363 = ORIENTED_EDGE('',*,*,#2364,.T.);
#2364 = EDGE_CURVE('',#2357,#2365,#2367,.T.);
#2365 = VERTEX_POINT('',#2366);
#2366 = CARTESIAN_POINT('',(7.870804,-2.26306,16.57105362471));
#2367 = CIRCLE('',#2368,7.3);
#2368 = AXIS2_PLACEMENT_3D('',#2369,#2370,#2371);
#2369 = CARTESIAN_POINT('',(7.870804,0.,23.51141092361));
#2370 = DIRECTION('',(-1.,0.,0.));
#2371 = DIRECTION('',(0.,1.,0.));
#2372 = ORIENTED_EDGE('',*,*,#2373,.F.);
#2373 = EDGE_CURVE('',#1895,#2365,#2374,.T.);
#2374 = LINE('',#2375,#2376);
#2375 = CARTESIAN_POINT('',(7.870804,-2.26306,15.5));
#2376 = VECTOR('',#2377,1.);
#2377 = DIRECTION('',(0.,0.,1.));
#2378 = PLANE('',#2379);
#2379 = AXIS2_PLACEMENT_3D('',#2380,#2381,#2382);
#2380 = CARTESIAN_POINT('',(7.870804,2.26306,15.5));
#2381 = DIRECTION('',(1.,0.,0.));
#2382 = DIRECTION('',(0.,-1.,0.));
#2383 = ADVANCED_FACE('',(#2384),#2402,.F.);
#2384 = FACE_BOUND('',#2385,.F.);
#2385 = EDGE_LOOP('',(#2386,#2387,#2388,#2396));
#2386 = ORIENTED_EDGE('',*,*,#1918,.F.);
#2387 = ORIENTED_EDGE('',*,*,#2373,.T.);
#2388 = ORIENTED_EDGE('',*,*,#2389,.F.);
#2389 = EDGE_CURVE('',#2390,#2365,#2392,.T.);
#2390 = VERTEX_POINT('',#2391);
#2391 = CARTESIAN_POINT('',(9.070122,-2.26306,16.57105362471));
#2392 = LINE('',#2393,#2394);
#2393 = CARTESIAN_POINT('',(4.170122,-2.26306,16.57105362471));
#2394 = VECTOR('',#2395,1.);
#2395 = DIRECTION('',(-1.,-0.,-0.));
#2396 = ORIENTED_EDGE('',*,*,#2397,.F.);
#2397 = EDGE_CURVE('',#1911,#2390,#2398,.T.);
#2398 = LINE('',#2399,#2400);
#2399 = CARTESIAN_POINT('',(9.070122,-2.26306,15.5));
#2400 = VECTOR('',#2401,1.);
#2401 = DIRECTION('',(0.,0.,1.));
#2402 = PLANE('',#2403);
#2403 = AXIS2_PLACEMENT_3D('',#2404,#2405,#2406);
#2404 = CARTESIAN_POINT('',(7.870804,-2.26306,15.5));
#2405 = DIRECTION('',(0.,1.,0.));
#2406 = DIRECTION('',(1.,0.,0.));
#2407 = ADVANCED_FACE('',(#2408),#2427,.F.);
#2408 = FACE_BOUND('',#2409,.F.);
#2409 = EDGE_LOOP('',(#2410,#2411,#2412,#2421));
#2410 = ORIENTED_EDGE('',*,*,#1910,.F.);
#2411 = ORIENTED_EDGE('',*,*,#2397,.T.);
#2412 = ORIENTED_EDGE('',*,*,#2413,.F.);
#2413 = EDGE_CURVE('',#2414,#2390,#2416,.T.);
#2414 = VERTEX_POINT('',#2415);
#2415 = CARTESIAN_POINT('',(9.070122,2.26306,16.57105362471));
#2416 = CIRCLE('',#2417,7.3);
#2417 = AXIS2_PLACEMENT_3D('',#2418,#2419,#2420);
#2418 = CARTESIAN_POINT('',(9.070122,0.,23.51141092361));
#2419 = DIRECTION('',(-1.,0.,0.));
#2420 = DIRECTION('',(0.,1.,0.));
#2421 = ORIENTED_EDGE('',*,*,#2422,.F.);
#2422 = EDGE_CURVE('',#1903,#2414,#2423,.T.);
#2423 = LINE('',#2424,#2425);
#2424 = CARTESIAN_POINT('',(9.070122,2.26306,15.5));
#2425 = VECTOR('',#2426,1.);
#2426 = DIRECTION('',(0.,0.,1.));
#2427 = PLANE('',#2428);
#2428 = AXIS2_PLACEMENT_3D('',#2429,#2430,#2431);
#2429 = CARTESIAN_POINT('',(9.070122,-2.26306,15.5));
#2430 = DIRECTION('',(-1.,0.,0.));
#2431 = DIRECTION('',(0.,1.,0.));
#2432 = ADVANCED_FACE('',(#2433),#2444,.F.);
#2433 = FACE_BOUND('',#2434,.F.);
#2434 = EDGE_LOOP('',(#2435,#2436,#2437,#2443));
#2435 = ORIENTED_EDGE('',*,*,#1902,.F.);
#2436 = ORIENTED_EDGE('',*,*,#2422,.T.);
#2437 = ORIENTED_EDGE('',*,*,#2438,.T.);
#2438 = EDGE_CURVE('',#2414,#2357,#2439,.T.);
#2439 = LINE('',#2440,#2441);
#2440 = CARTESIAN_POINT('',(4.170122,2.26306,16.57105362471));
#2441 = VECTOR('',#2442,1.);
#2442 = DIRECTION('',(-1.,-0.,-0.));
#2443 = ORIENTED_EDGE('',*,*,#2356,.F.);
#2444 = PLANE('',#2445);
#2445 = AXIS2_PLACEMENT_3D('',#2446,#2447,#2448);
#2446 = CARTESIAN_POINT('',(9.070122,2.26306,15.5));
#2447 = DIRECTION('',(0.,-1.,0.));
#2448 = DIRECTION('',(-1.,0.,0.));
#2449 = ADVANCED_FACE('',(#2450),#2503,.T.);
#2450 = FACE_BOUND('',#2451,.F.);
#2451 = EDGE_LOOP('',(#2452,#2453,#2461,#2470,#2478,#2487,#2495,#2502));
#2452 = ORIENTED_EDGE('',*,*,#1935,.F.);
#2453 = ORIENTED_EDGE('',*,*,#2454,.T.);
#2454 = EDGE_CURVE('',#1936,#2455,#2457,.T.);
#2455 = VERTEX_POINT('',#2456);
#2456 = CARTESIAN_POINT('',(-16.64268791719,0.,32.2));
#2457 = LINE('',#2458,#2459);
#2458 = CARTESIAN_POINT('',(-16.64268791719,0.,26.));
#2459 = VECTOR('',#2460,1.);
#2460 = DIRECTION('',(0.,0.,1.));
#2461 = ORIENTED_EDGE('',*,*,#2462,.T.);
#2462 = EDGE_CURVE('',#2455,#2463,#2465,.T.);
#2463 = VERTEX_POINT('',#2464);
#2464 = CARTESIAN_POINT('',(-16.8950240828,-0.194551856435,32.2));
#2465 = CIRCLE('',#2466,0.201168082808);
#2466 = AXIS2_PLACEMENT_3D('',#2467,#2468,#2469);
#2467 = CARTESIAN_POINT('',(-16.843856,0.,32.2));
#2468 = DIRECTION('',(0.,0.,1.));
#2469 = DIRECTION('',(1.,0.,0.));
#2470 = ORIENTED_EDGE('',*,*,#2471,.T.);
#2471 = EDGE_CURVE('',#2463,#2472,#2474,.T.);
#2472 = VERTEX_POINT('',#2473);
#2473 = CARTESIAN_POINT('',(-16.8950240828,-0.194551856435,28.963833));
#2474 = LINE('',#2475,#2476);
#2475 = CARTESIAN_POINT('',(-16.8950240828,-0.194551856435,26.));
#2476 = VECTOR('',#2477,1.);
#2477 = DIRECTION('',(-0.,-0.,-1.));
#2478 = ORIENTED_EDGE('',*,*,#2479,.F.);
#2479 = EDGE_CURVE('',#2480,#2472,#2482,.T.);
#2480 = VERTEX_POINT('',#2481);
#2481 = CARTESIAN_POINT('',(-16.79268791719,-0.194551856435,28.963833));
#2482 = CIRCLE('',#2483,0.201168082808);
#2483 = AXIS2_PLACEMENT_3D('',#2484,#2485,#2486);
#2484 = CARTESIAN_POINT('',(-16.843856,0.,28.963833));
#2485 = DIRECTION('',(0.,0.,-1.));
#2486 = DIRECTION('',(1.,0.,0.));
#2487 = ORIENTED_EDGE('',*,*,#2488,.F.);
#2488 = EDGE_CURVE('',#2489,#2480,#2491,.T.);
#2489 = VERTEX_POINT('',#2490);
#2490 = CARTESIAN_POINT('',(-16.79268791719,-0.194551856435,32.2));
#2491 = LINE('',#2492,#2493);
#2492 = CARTESIAN_POINT('',(-16.79268791719,-0.194551856435,26.));
#2493 = VECTOR('',#2494,1.);
#2494 = DIRECTION('',(-0.,-0.,-1.));
#2495 = ORIENTED_EDGE('',*,*,#2496,.T.);
#2496 = EDGE_CURVE('',#2489,#2455,#2497,.T.);
#2497 = CIRCLE('',#2498,0.201168082808);
#2498 = AXIS2_PLACEMENT_3D('',#2499,#2500,#2501);
#2499 = CARTESIAN_POINT('',(-16.843856,0.,32.2));
#2500 = DIRECTION('',(0.,0.,1.));
#2501 = DIRECTION('',(1.,0.,0.));
#2502 = ORIENTED_EDGE('',*,*,#2454,.F.);
#2503 = CYLINDRICAL_SURFACE('',#2504,0.201168082808);
#2504 = AXIS2_PLACEMENT_3D('',#2505,#2506,#2507);
#2505 = CARTESIAN_POINT('',(-16.843856,0.,26.));
#2506 = DIRECTION('',(-0.,-0.,-1.));
#2507 = DIRECTION('',(1.,0.,0.));
#2508 = ADVANCED_FACE('',(#2509,#2512),#2523,.F.);
#2509 = FACE_BOUND('',#2510,.T.);
#2510 = EDGE_LOOP('',(#2511));
#2511 = ORIENTED_EDGE('',*,*,#1960,.T.);
#2512 = FACE_BOUND('',#2513,.F.);
#2513 = EDGE_LOOP('',(#2514));
#2514 = ORIENTED_EDGE('',*,*,#2515,.T.);
#2515 = EDGE_CURVE('',#2516,#2516,#2518,.T.);
#2516 = VERTEX_POINT('',#2517);
#2517 = CARTESIAN_POINT('',(-15.646824,-8.894887315278,11.044730715725)
  );
#2518 = CIRCLE('',#2519,1.678459);
#2519 = AXIS2_PLACEMENT_3D('',#2520,#2521,#2522);
#2520 = CARTESIAN_POINT('',(-17.325283,-8.894887315278,11.044730715725)
  );
#2521 = DIRECTION('',(0.,-0.977735304369,0.209842022935));
#2522 = DIRECTION('',(1.,0.,0.));
#2523 = PLANE('',#2524);
#2524 = AXIS2_PLACEMENT_3D('',#2525,#2526,#2527);
#2525 = CARTESIAN_POINT('',(-17.325283,-8.894887315278,11.044730715725)
  );
#2526 = DIRECTION('',(0.,0.977735304369,-0.209842022935));
#2527 = DIRECTION('',(0.,0.209842022935,0.977735304369));
#2528 = ADVANCED_FACE('',(#2529,#2532),#2543,.F.);
#2529 = FACE_BOUND('',#2530,.T.);
#2530 = EDGE_LOOP('',(#2531));
#2531 = ORIENTED_EDGE('',*,*,#1985,.T.);
#2532 = FACE_BOUND('',#2533,.F.);
#2533 = EDGE_LOOP('',(#2534));
#2534 = ORIENTED_EDGE('',*,*,#2535,.T.);
#2535 = EDGE_CURVE('',#2536,#2536,#2538,.T.);
#2536 = VERTEX_POINT('',#2537);
#2537 = CARTESIAN_POINT('',(-6.980157333333,-8.894887315278,
    11.044730715725));
#2538 = CIRCLE('',#2539,1.678459);
#2539 = AXIS2_PLACEMENT_3D('',#2540,#2541,#2542);
#2540 = CARTESIAN_POINT('',(-8.658616333333,-8.894887315278,
    11.044730715725));
#2541 = DIRECTION('',(0.,-0.977735304369,0.209842022935));
#2542 = DIRECTION('',(1.,0.,0.));
#2543 = PLANE('',#2544);
#2544 = AXIS2_PLACEMENT_3D('',#2545,#2546,#2547);
#2545 = CARTESIAN_POINT('',(-8.658616333333,-8.894887315278,
    11.044730715725));
#2546 = DIRECTION('',(0.,0.977735304369,-0.209842022935));
#2547 = DIRECTION('',(0.,0.209842022935,0.977735304369));
#2548 = ADVANCED_FACE('',(#2549,#2552),#2563,.F.);
#2549 = FACE_BOUND('',#2550,.T.);
#2550 = EDGE_LOOP('',(#2551));
#2551 = ORIENTED_EDGE('',*,*,#2010,.T.);
#2552 = FACE_BOUND('',#2553,.F.);
#2553 = EDGE_LOOP('',(#2554));
#2554 = ORIENTED_EDGE('',*,*,#2555,.T.);
#2555 = EDGE_CURVE('',#2556,#2556,#2558,.T.);
#2556 = VERTEX_POINT('',#2557);
#2557 = CARTESIAN_POINT('',(1.686509333333,-8.894887315278,
    11.044730715725));
#2558 = CIRCLE('',#2559,1.678459);
#2559 = AXIS2_PLACEMENT_3D('',#2560,#2561,#2562);
#2560 = CARTESIAN_POINT('',(8.050333333333E-03,-8.894887315278,
    11.044730715725));
#2561 = DIRECTION('',(0.,-0.977735304369,0.209842022935));
#2562 = DIRECTION('',(1.,0.,0.));
#2563 = PLANE('',#2564);
#2564 = AXIS2_PLACEMENT_3D('',#2565,#2566,#2567);
#2565 = CARTESIAN_POINT('',(8.050333333333E-03,-8.894887315278,
    11.044730715725));
#2566 = DIRECTION('',(0.,0.977735304369,-0.209842022935));
#2567 = DIRECTION('',(0.,0.209842022935,0.977735304369));
#2568 = ADVANCED_FACE('',(#2569,#2572),#2583,.F.);
#2569 = FACE_BOUND('',#2570,.T.);
#2570 = EDGE_LOOP('',(#2571));
#2571 = ORIENTED_EDGE('',*,*,#2035,.T.);
#2572 = FACE_BOUND('',#2573,.F.);
#2573 = EDGE_LOOP('',(#2574));
#2574 = ORIENTED_EDGE('',*,*,#2575,.T.);
#2575 = EDGE_CURVE('',#2576,#2576,#2578,.T.);
#2576 = VERTEX_POINT('',#2577);
#2577 = CARTESIAN_POINT('',(10.353176,-8.894887315278,11.044730715725));
#2578 = CIRCLE('',#2579,1.678459);
#2579 = AXIS2_PLACEMENT_3D('',#2580,#2581,#2582);
#2580 = CARTESIAN_POINT('',(8.674717,-8.894887315278,11.044730715725));
#2581 = DIRECTION('',(0.,-0.977735304369,0.209842022935));
#2582 = DIRECTION('',(1.,0.,0.));
#2583 = PLANE('',#2584);
#2584 = AXIS2_PLACEMENT_3D('',#2585,#2586,#2587);
#2585 = CARTESIAN_POINT('',(8.674717,-8.894887315278,11.044730715725));
#2586 = DIRECTION('',(0.,0.977735304369,-0.209842022935));
#2587 = DIRECTION('',(0.,0.209842022935,0.977735304369));
#2588 = ADVANCED_FACE('',(#2589,#2592),#2603,.F.);
#2589 = FACE_BOUND('',#2590,.F.);
#2590 = EDGE_LOOP('',(#2591));
#2591 = ORIENTED_EDGE('',*,*,#2060,.T.);
#2592 = FACE_BOUND('',#2593,.T.);
#2593 = EDGE_LOOP('',(#2594));
#2594 = ORIENTED_EDGE('',*,*,#2595,.T.);
#2595 = EDGE_CURVE('',#2596,#2596,#2598,.T.);
#2596 = VERTEX_POINT('',#2597);
#2597 = CARTESIAN_POINT('',(-15.646824,8.894887315278,11.044730715725));
#2598 = CIRCLE('',#2599,1.678459);
#2599 = AXIS2_PLACEMENT_3D('',#2600,#2601,#2602);
#2600 = CARTESIAN_POINT('',(-17.325283,8.894887315278,11.044730715725));
#2601 = DIRECTION('',(0.,-0.977735304369,-0.209842022935));
#2602 = DIRECTION('',(1.,0.,0.));
#2603 = PLANE('',#2604);
#2604 = AXIS2_PLACEMENT_3D('',#2605,#2606,#2607);
#2605 = CARTESIAN_POINT('',(-17.325283,8.894887315278,11.044730715725));
#2606 = DIRECTION('',(-0.,-0.977735304369,-0.209842022935));
#2607 = DIRECTION('',(0.,0.209842022935,-0.977735304369));
#2608 = ADVANCED_FACE('',(#2609,#2612),#2623,.F.);
#2609 = FACE_BOUND('',#2610,.F.);
#2610 = EDGE_LOOP('',(#2611));
#2611 = ORIENTED_EDGE('',*,*,#2085,.T.);
#2612 = FACE_BOUND('',#2613,.T.);
#2613 = EDGE_LOOP('',(#2614));
#2614 = ORIENTED_EDGE('',*,*,#2615,.T.);
#2615 = EDGE_CURVE('',#2616,#2616,#2618,.T.);
#2616 = VERTEX_POINT('',#2617);
#2617 = CARTESIAN_POINT('',(-6.980157333333,8.894887315278,
    11.044730715725));
#2618 = CIRCLE('',#2619,1.678459);
#2619 = AXIS2_PLACEMENT_3D('',#2620,#2621,#2622);
#2620 = CARTESIAN_POINT('',(-8.658616333333,8.894887315278,
    11.044730715725));
#2621 = DIRECTION('',(0.,-0.977735304369,-0.209842022935));
#2622 = DIRECTION('',(1.,0.,0.));
#2623 = PLANE('',#2624);
#2624 = AXIS2_PLACEMENT_3D('',#2625,#2626,#2627);
#2625 = CARTESIAN_POINT('',(-8.658616333333,8.894887315278,
    11.044730715725));
#2626 = DIRECTION('',(-0.,-0.977735304369,-0.209842022935));
#2627 = DIRECTION('',(0.,0.209842022935,-0.977735304369));
#2628 = ADVANCED_FACE('',(#2629,#2632),#2643,.F.);
#2629 = FACE_BOUND('',#2630,.F.);
#2630 = EDGE_LOOP('',(#2631));
#2631 = ORIENTED_EDGE('',*,*,#2110,.T.);
#2632 = FACE_BOUND('',#2633,.T.);
#2633 = EDGE_LOOP('',(#2634));
#2634 = ORIENTED_EDGE('',*,*,#2635,.T.);
#2635 = EDGE_CURVE('',#2636,#2636,#2638,.T.);
#2636 = VERTEX_POINT('',#2637);
#2637 = CARTESIAN_POINT('',(1.686509333333,8.894887315278,
    11.044730715725));
#2638 = CIRCLE('',#2639,1.678459);
#2639 = AXIS2_PLACEMENT_3D('',#2640,#2641,#2642);
#2640 = CARTESIAN_POINT('',(8.050333333333E-03,8.894887315278,
    11.044730715725));
#2641 = DIRECTION('',(0.,-0.977735304369,-0.209842022935));
#2642 = DIRECTION('',(1.,0.,0.));
#2643 = PLANE('',#2644);
#2644 = AXIS2_PLACEMENT_3D('',#2645,#2646,#2647);
#2645 = CARTESIAN_POINT('',(8.050333333333E-03,8.894887315278,
    11.044730715725));
#2646 = DIRECTION('',(-0.,-0.977735304369,-0.209842022935));
#2647 = DIRECTION('',(0.,0.209842022935,-0.977735304369));
#2648 = ADVANCED_FACE('',(#2649,#2652),#2663,.F.);
#2649 = FACE_BOUND('',#2650,.F.);
#2650 = EDGE_LOOP('',(#2651));
#2651 = ORIENTED_EDGE('',*,*,#2135,.T.);
#2652 = FACE_BOUND('',#2653,.T.);
#2653 = EDGE_LOOP('',(#2654));
#2654 = ORIENTED_EDGE('',*,*,#2655,.T.);
#2655 = EDGE_CURVE('',#2656,#2656,#2658,.T.);
#2656 = VERTEX_POINT('',#2657);
#2657 = CARTESIAN_POINT('',(10.353176,8.894887315278,11.044730715725));
#2658 = CIRCLE('',#2659,1.678459);
#2659 = AXIS2_PLACEMENT_3D('',#2660,#2661,#2662);
#2660 = CARTESIAN_POINT('',(8.674717,8.894887315278,11.044730715725));
#2661 = DIRECTION('',(0.,-0.977735304369,-0.209842022935));
#2662 = DIRECTION('',(1.,0.,0.));
#2663 = PLANE('',#2664);
#2664 = AXIS2_PLACEMENT_3D('',#2665,#2666,#2667);
#2665 = CARTESIAN_POINT('',(8.674717,8.894887315278,11.044730715725));
#2666 = DIRECTION('',(-0.,-0.977735304369,-0.209842022935));
#2667 = DIRECTION('',(0.,0.209842022935,-0.977735304369));
#2668 = ADVANCED_FACE('',(#2669,#2675),#2710,.F.);
#2669 = FACE_BOUND('',#2670,.F.);
#2670 = EDGE_LOOP('',(#2671,#2672,#2673,#2674));
#2671 = ORIENTED_EDGE('',*,*,#2183,.F.);
#2672 = ORIENTED_EDGE('',*,*,#2219,.T.);
#2673 = ORIENTED_EDGE('',*,*,#2234,.F.);
#2674 = ORIENTED_EDGE('',*,*,#2169,.F.);
#2675 = FACE_BOUND('',#2676,.F.);
#2676 = EDGE_LOOP('',(#2677,#2687,#2695,#2703));
#2677 = ORIENTED_EDGE('',*,*,#2678,.F.);
#2678 = EDGE_CURVE('',#2679,#2681,#2683,.T.);
#2679 = VERTEX_POINT('',#2680);
#2680 = CARTESIAN_POINT('',(14.217874,9.234984956644,3.9));
#2681 = VERTEX_POINT('',#2682);
#2682 = CARTESIAN_POINT('',(-17.429424,9.234984956644,3.9));
#2683 = LINE('',#2684,#2685);
#2684 = CARTESIAN_POINT('',(15.817874,9.234984956644,3.9));
#2685 = VECTOR('',#2686,1.);
#2686 = DIRECTION('',(-1.,-0.,-0.));
#2687 = ORIENTED_EDGE('',*,*,#2688,.T.);
#2688 = EDGE_CURVE('',#2679,#2689,#2691,.T.);
#2689 = VERTEX_POINT('',#2690);
#2690 = CARTESIAN_POINT('',(14.217874,-9.234984956644,3.9));
#2691 = LINE('',#2692,#2693);
#2692 = CARTESIAN_POINT('',(14.217874,10.834984956644,3.9));
#2693 = VECTOR('',#2694,1.);
#2694 = DIRECTION('',(0.,-1.,0.));
#2695 = ORIENTED_EDGE('',*,*,#2696,.F.);
#2696 = EDGE_CURVE('',#2697,#2689,#2699,.T.);
#2697 = VERTEX_POINT('',#2698);
#2698 = CARTESIAN_POINT('',(-17.429424,-9.234984956644,3.9));
#2699 = LINE('',#2700,#2701);
#2700 = CARTESIAN_POINT('',(-17.429424,-9.234984956644,3.9));
#2701 = VECTOR('',#2702,1.);
#2702 = DIRECTION('',(1.,0.,0.));
#2703 = ORIENTED_EDGE('',*,*,#2704,.F.);
#2704 = EDGE_CURVE('',#2681,#2697,#2705,.T.);
#2705 = CIRCLE('',#2706,9.234984956644);
#2706 = AXIS2_PLACEMENT_3D('',#2707,#2708,#2709);
#2707 = CARTESIAN_POINT('',(-17.429424,0.,3.9));
#2708 = DIRECTION('',(0.,0.,1.));
#2709 = DIRECTION('',(-3.3E-16,1.,0.));
#2710 = PLANE('',#2711);
#2711 = AXIS2_PLACEMENT_3D('',#2712,#2713,#2714);
#2712 = CARTESIAN_POINT('',(-3.98349857169,1.585140168164E-13,3.9));
#2713 = DIRECTION('',(0.,0.,1.));
#2714 = DIRECTION('',(1.,0.,0.));
#2715 = ADVANCED_FACE('',(#2716),#2741,.T.);
#2716 = FACE_BOUND('',#2717,.T.);
#2717 = EDGE_LOOP('',(#2718,#2726,#2727,#2735));
#2718 = ORIENTED_EDGE('',*,*,#2719,.T.);
#2719 = EDGE_CURVE('',#2720,#2252,#2722,.T.);
#2720 = VERTEX_POINT('',#2721);
#2721 = CARTESIAN_POINT('',(6.1279951,1.739974498748,0.1));
#2722 = LINE('',#2723,#2724);
#2723 = CARTESIAN_POINT('',(6.1279951,1.739974498748,0.));
#2724 = VECTOR('',#2725,1.);
#2725 = DIRECTION('',(0.,0.,1.));
#2726 = ORIENTED_EDGE('',*,*,#2260,.T.);
#2727 = ORIENTED_EDGE('',*,*,#2728,.T.);
#2728 = EDGE_CURVE('',#2261,#2729,#2731,.T.);
#2729 = VERTEX_POINT('',#2730);
#2730 = CARTESIAN_POINT('',(-13.9480319,1.739974498748,0.1));
#2731 = LINE('',#2732,#2733);
#2732 = CARTESIAN_POINT('',(-13.9480319,1.739974498748,0.));
#2733 = VECTOR('',#2734,1.);
#2734 = DIRECTION('',(-0.,-0.,-1.));
#2735 = ORIENTED_EDGE('',*,*,#2736,.F.);
#2736 = EDGE_CURVE('',#2720,#2729,#2737,.T.);
#2737 = LINE('',#2738,#2739);
#2738 = CARTESIAN_POINT('',(6.1279951,1.739974498748,1.E-01));
#2739 = VECTOR('',#2740,1.);
#2740 = DIRECTION('',(-1.,0.,0.));
#2741 = PLANE('',#2742);
#2742 = AXIS2_PLACEMENT_3D('',#2743,#2744,#2745);
#2743 = CARTESIAN_POINT('',(-3.9100184,1.739974498748,1.5));
#2744 = DIRECTION('',(-0.,-1.,-0.));
#2745 = DIRECTION('',(0.,0.,-1.));
#2746 = ADVANCED_FACE('',(#2747),#2765,.T.);
#2747 = FACE_BOUND('',#2748,.T.);
#2748 = EDGE_LOOP('',(#2749,#2757,#2758,#2759));
#2749 = ORIENTED_EDGE('',*,*,#2750,.T.);
#2750 = EDGE_CURVE('',#2751,#2287,#2753,.T.);
#2751 = VERTEX_POINT('',#2752);
#2752 = CARTESIAN_POINT('',(6.1279951,-1.739974498748,0.1));
#2753 = LINE('',#2754,#2755);
#2754 = CARTESIAN_POINT('',(6.1279951,-1.739974498748,0.));
#2755 = VECTOR('',#2756,1.);
#2756 = DIRECTION('',(0.,0.,1.));
#2757 = ORIENTED_EDGE('',*,*,#2295,.T.);
#2758 = ORIENTED_EDGE('',*,*,#2719,.F.);
#2759 = ORIENTED_EDGE('',*,*,#2760,.F.);
#2760 = EDGE_CURVE('',#2751,#2720,#2761,.T.);
#2761 = LINE('',#2762,#2763);
#2762 = CARTESIAN_POINT('',(6.1279951,-1.739974498748,1.E-01));
#2763 = VECTOR('',#2764,1.);
#2764 = DIRECTION('',(0.,1.,0.));
#2765 = PLANE('',#2766);
#2766 = AXIS2_PLACEMENT_3D('',#2767,#2768,#2769);
#2767 = CARTESIAN_POINT('',(6.1279951,-5.E-17,1.5));
#2768 = DIRECTION('',(-1.,-0.,-0.));
#2769 = DIRECTION('',(0.,0.,-1.));
#2770 = ADVANCED_FACE('',(#2771),#2789,.T.);
#2771 = FACE_BOUND('',#2772,.T.);
#2772 = EDGE_LOOP('',(#2773,#2781,#2782,#2783));
#2773 = ORIENTED_EDGE('',*,*,#2774,.T.);
#2774 = EDGE_CURVE('',#2775,#2312,#2777,.T.);
#2775 = VERTEX_POINT('',#2776);
#2776 = CARTESIAN_POINT('',(-13.9480319,-1.739974498748,0.1));
#2777 = LINE('',#2778,#2779);
#2778 = CARTESIAN_POINT('',(-13.9480319,-1.739974498748,0.));
#2779 = VECTOR('',#2780,1.);
#2780 = DIRECTION('',(0.,0.,1.));
#2781 = ORIENTED_EDGE('',*,*,#2320,.T.);
#2782 = ORIENTED_EDGE('',*,*,#2750,.F.);
#2783 = ORIENTED_EDGE('',*,*,#2784,.F.);
#2784 = EDGE_CURVE('',#2775,#2751,#2785,.T.);
#2785 = LINE('',#2786,#2787);
#2786 = CARTESIAN_POINT('',(-13.9480319,-1.739974498748,1.E-01));
#2787 = VECTOR('',#2788,1.);
#2788 = DIRECTION('',(1.,0.,0.));
#2789 = PLANE('',#2790);
#2790 = AXIS2_PLACEMENT_3D('',#2791,#2792,#2793);
#2791 = CARTESIAN_POINT('',(-3.9100184,-1.739974498748,1.5));
#2792 = DIRECTION('',(0.,1.,0.));
#2793 = DIRECTION('',(0.,0.,1.));
#2794 = ADVANCED_FACE('',(#2795),#2806,.T.);
#2795 = FACE_BOUND('',#2796,.T.);
#2796 = EDGE_LOOP('',(#2797,#2798,#2804,#2805));
#2797 = ORIENTED_EDGE('',*,*,#2774,.F.);
#2798 = ORIENTED_EDGE('',*,*,#2799,.F.);
#2799 = EDGE_CURVE('',#2729,#2775,#2800,.T.);
#2800 = LINE('',#2801,#2802);
#2801 = CARTESIAN_POINT('',(-13.9480319,1.739974498748,1.E-01));
#2802 = VECTOR('',#2803,1.);
#2803 = DIRECTION('',(0.,-1.,0.));
#2804 = ORIENTED_EDGE('',*,*,#2728,.F.);
#2805 = ORIENTED_EDGE('',*,*,#2339,.T.);
#2806 = PLANE('',#2807);
#2807 = AXIS2_PLACEMENT_3D('',#2808,#2809,#2810);
#2808 = CARTESIAN_POINT('',(-13.9480319,5.E-17,1.5));
#2809 = DIRECTION('',(1.,0.,0.));
#2810 = DIRECTION('',(0.,0.,1.));
#2811 = ADVANCED_FACE('',(#2812,#2839),#2845,.T.);
#2812 = FACE_BOUND('',#2813,.F.);
#2813 = EDGE_LOOP('',(#2814,#2823,#2831,#2838));
#2814 = ORIENTED_EDGE('',*,*,#2815,.F.);
#2815 = EDGE_CURVE('',#2816,#2816,#2818,.T.);
#2816 = VERTEX_POINT('',#2817);
#2817 = CARTESIAN_POINT('',(4.170122,7.3,23.51141092361));
#2818 = CIRCLE('',#2819,7.3);
#2819 = AXIS2_PLACEMENT_3D('',#2820,#2821,#2822);
#2820 = CARTESIAN_POINT('',(4.170122,0.,23.51141092361));
#2821 = DIRECTION('',(1.,0.,0.));
#2822 = DIRECTION('',(0.,1.,0.));
#2823 = ORIENTED_EDGE('',*,*,#2824,.T.);
#2824 = EDGE_CURVE('',#2816,#2825,#2827,.T.);
#2825 = VERTEX_POINT('',#2826);
#2826 = CARTESIAN_POINT('',(12.870122,7.3,23.51141092361));
#2827 = LINE('',#2828,#2829);
#2828 = CARTESIAN_POINT('',(4.170122,7.3,23.51141092361));
#2829 = VECTOR('',#2830,1.);
#2830 = DIRECTION('',(1.,0.,0.));
#2831 = ORIENTED_EDGE('',*,*,#2832,.T.);
#2832 = EDGE_CURVE('',#2825,#2825,#2833,.T.);
#2833 = CIRCLE('',#2834,7.3);
#2834 = AXIS2_PLACEMENT_3D('',#2835,#2836,#2837);
#2835 = CARTESIAN_POINT('',(12.870122,0.,23.51141092361));
#2836 = DIRECTION('',(1.,0.,0.));
#2837 = DIRECTION('',(0.,1.,0.));
#2838 = ORIENTED_EDGE('',*,*,#2824,.F.);
#2839 = FACE_BOUND('',#2840,.F.);
#2840 = EDGE_LOOP('',(#2841,#2842,#2843,#2844));
#2841 = ORIENTED_EDGE('',*,*,#2364,.F.);
#2842 = ORIENTED_EDGE('',*,*,#2438,.F.);
#2843 = ORIENTED_EDGE('',*,*,#2413,.T.);
#2844 = ORIENTED_EDGE('',*,*,#2389,.T.);
#2845 = CYLINDRICAL_SURFACE('',#2846,7.3);
#2846 = AXIS2_PLACEMENT_3D('',#2847,#2848,#2849);
#2847 = CARTESIAN_POINT('',(4.170122,0.,23.51141092361));
#2848 = DIRECTION('',(-1.,-0.,-0.));
#2849 = DIRECTION('',(0.,1.,0.));
#2850 = ADVANCED_FACE('',(#2851),#2877,.T.);
#2851 = FACE_BOUND('',#2852,.T.);
#2852 = EDGE_LOOP('',(#2853,#2854,#2855,#2863,#2871));
#2853 = ORIENTED_EDGE('',*,*,#2496,.T.);
#2854 = ORIENTED_EDGE('',*,*,#2462,.T.);
#2855 = ORIENTED_EDGE('',*,*,#2856,.F.);
#2856 = EDGE_CURVE('',#2857,#2463,#2859,.T.);
#2857 = VERTEX_POINT('',#2858);
#2858 = CARTESIAN_POINT('',(-16.8950240828,-4.634656,32.2));
#2859 = LINE('',#2860,#2861);
#2860 = CARTESIAN_POINT('',(-16.8950240828,-4.634656,32.2));
#2861 = VECTOR('',#2862,1.);
#2862 = DIRECTION('',(0.,1.,-2.22044604925E-16));
#2863 = ORIENTED_EDGE('',*,*,#2864,.F.);
#2864 = EDGE_CURVE('',#2865,#2857,#2867,.T.);
#2865 = VERTEX_POINT('',#2866);
#2866 = CARTESIAN_POINT('',(-16.79268791719,-4.634656,32.2));
#2867 = LINE('',#2868,#2869);
#2868 = CARTESIAN_POINT('',(-16.79268791719,-4.634656,32.2));
#2869 = VECTOR('',#2870,1.);
#2870 = DIRECTION('',(-1.,0.,0.));
#2871 = ORIENTED_EDGE('',*,*,#2872,.T.);
#2872 = EDGE_CURVE('',#2865,#2489,#2873,.T.);
#2873 = LINE('',#2874,#2875);
#2874 = CARTESIAN_POINT('',(-16.79268791719,-4.634656,32.2));
#2875 = VECTOR('',#2876,1.);
#2876 = DIRECTION('',(0.,1.,-2.22044604925E-16));
#2877 = PLANE('',#2878);
#2878 = AXIS2_PLACEMENT_3D('',#2879,#2880,#2881);
#2879 = CARTESIAN_POINT('',(-16.84292481846,-2.177608379,32.2));
#2880 = DIRECTION('',(0.,0.,1.));
#2881 = DIRECTION('',(1.,0.,0.));
#2882 = ADVANCED_FACE('',(#2883),#2909,.T.);
#2883 = FACE_BOUND('',#2884,.T.);
#2884 = EDGE_LOOP('',(#2885,#2895,#2901,#2902,#2903));
#2885 = ORIENTED_EDGE('',*,*,#2886,.F.);
#2886 = EDGE_CURVE('',#2887,#2889,#2891,.T.);
#2887 = VERTEX_POINT('',#2888);
#2888 = CARTESIAN_POINT('',(-16.79268791719,-4.634656,28.963833));
#2889 = VERTEX_POINT('',#2890);
#2890 = CARTESIAN_POINT('',(-16.79268791719,-3.080919,30.548283));
#2891 = LINE('',#2892,#2893);
#2892 = CARTESIAN_POINT('',(-16.79268791719,-3.8577875,29.756058));
#2893 = VECTOR('',#2894,1.);
#2894 = DIRECTION('',(0.,0.700152894952,0.713992943726));
#2895 = ORIENTED_EDGE('',*,*,#2896,.T.);
#2896 = EDGE_CURVE('',#2887,#2480,#2897,.T.);
#2897 = LINE('',#2898,#2899);
#2898 = CARTESIAN_POINT('',(-16.79268791719,-4.634656,28.963833));
#2899 = VECTOR('',#2900,1.);
#2900 = DIRECTION('',(0.,1.,-2.22044604925E-16));
#2901 = ORIENTED_EDGE('',*,*,#2488,.F.);
#2902 = ORIENTED_EDGE('',*,*,#2872,.F.);
#2903 = ORIENTED_EDGE('',*,*,#2904,.F.);
#2904 = EDGE_CURVE('',#2889,#2865,#2905,.T.);
#2905 = LINE('',#2906,#2907);
#2906 = CARTESIAN_POINT('',(-16.79268791719,-3.827124647023,
    31.341545020975));
#2907 = VECTOR('',#2908,1.);
#2908 = DIRECTION('',(0.,-0.685172882873,0.728380477893));
#2909 = PLANE('',#2910);
#2910 = AXIS2_PLACEMENT_3D('',#2911,#2912,#2913);
#2911 = CARTESIAN_POINT('',(-16.79268791719,-4.634656,28.963833));
#2912 = DIRECTION('',(1.,0.,0.));
#2913 = DIRECTION('',(0.,2.22044604925E-16,1.));
#2914 = ADVANCED_FACE('',(#2915),#2933,.T.);
#2915 = FACE_BOUND('',#2916,.T.);
#2916 = EDGE_LOOP('',(#2917,#2925,#2931,#2932));
#2917 = ORIENTED_EDGE('',*,*,#2918,.F.);
#2918 = EDGE_CURVE('',#2919,#2887,#2921,.T.);
#2919 = VERTEX_POINT('',#2920);
#2920 = CARTESIAN_POINT('',(-16.8950240828,-4.634656,28.963833));
#2921 = LINE('',#2922,#2923);
#2922 = CARTESIAN_POINT('',(-16.8950240828,-4.634656,28.963833));
#2923 = VECTOR('',#2924,1.);
#2924 = DIRECTION('',(1.,0.,0.));
#2925 = ORIENTED_EDGE('',*,*,#2926,.T.);
#2926 = EDGE_CURVE('',#2919,#2472,#2927,.T.);
#2927 = LINE('',#2928,#2929);
#2928 = CARTESIAN_POINT('',(-16.8950240828,-4.634656,28.963833));
#2929 = VECTOR('',#2930,1.);
#2930 = DIRECTION('',(0.,1.,-2.22044604925E-16));
#2931 = ORIENTED_EDGE('',*,*,#2479,.F.);
#2932 = ORIENTED_EDGE('',*,*,#2896,.F.);
#2933 = PLANE('',#2934);
#2934 = AXIS2_PLACEMENT_3D('',#2935,#2936,#2937);
#2935 = CARTESIAN_POINT('',(-16.8950240828,-4.634656,28.963833));
#2936 = DIRECTION('',(0.,-2.22044604925E-16,-1.));
#2937 = DIRECTION('',(1.,0.,0.));
#2938 = ADVANCED_FACE('',(#2939),#2958,.T.);
#2939 = FACE_BOUND('',#2940,.T.);
#2940 = EDGE_LOOP('',(#2941,#2949,#2950,#2951,#2952));
#2941 = ORIENTED_EDGE('',*,*,#2942,.F.);
#2942 = EDGE_CURVE('',#2857,#2943,#2945,.T.);
#2943 = VERTEX_POINT('',#2944);
#2944 = CARTESIAN_POINT('',(-16.8950240828,-3.080919,30.548283));
#2945 = LINE('',#2946,#2947);
#2946 = CARTESIAN_POINT('',(-16.8950240828,-4.634656,32.2));
#2947 = VECTOR('',#2948,1.);
#2948 = DIRECTION('',(-0.,0.685172882873,-0.728380477893));
#2949 = ORIENTED_EDGE('',*,*,#2856,.T.);
#2950 = ORIENTED_EDGE('',*,*,#2471,.T.);
#2951 = ORIENTED_EDGE('',*,*,#2926,.F.);
#2952 = ORIENTED_EDGE('',*,*,#2953,.F.);
#2953 = EDGE_CURVE('',#2943,#2919,#2954,.T.);
#2954 = LINE('',#2955,#2956);
#2955 = CARTESIAN_POINT('',(-16.8950240828,-3.080919,30.548283));
#2956 = VECTOR('',#2957,1.);
#2957 = DIRECTION('',(0.,-0.700152894952,-0.713992943726));
#2958 = PLANE('',#2959);
#2959 = AXIS2_PLACEMENT_3D('',#2960,#2961,#2962);
#2960 = CARTESIAN_POINT('',(-16.8950240828,-4.634656,32.2));
#2961 = DIRECTION('',(-1.,0.,0.));
#2962 = DIRECTION('',(0.,-2.22044604925E-16,-1.));
#2963 = ADVANCED_FACE('',(#2964),#2983,.F.);
#2964 = FACE_BOUND('',#2965,.T.);
#2965 = EDGE_LOOP('',(#2966,#2974,#2975,#2976));
#2966 = ORIENTED_EDGE('',*,*,#2967,.T.);
#2967 = EDGE_CURVE('',#2968,#2516,#2970,.T.);
#2968 = VERTEX_POINT('',#2969);
#2969 = CARTESIAN_POINT('',(-15.646824,-8.406019663094,10.939809704257)
  );
#2970 = LINE('',#2971,#2972);
#2971 = CARTESIAN_POINT('',(-15.646824,-8.406019663094,10.939809704257)
  );
#2972 = VECTOR('',#2973,1.);
#2973 = DIRECTION('',(0.,-0.977735304369,0.209842022935));
#2974 = ORIENTED_EDGE('',*,*,#2515,.T.);
#2975 = ORIENTED_EDGE('',*,*,#2967,.F.);
#2976 = ORIENTED_EDGE('',*,*,#2977,.F.);
#2977 = EDGE_CURVE('',#2968,#2968,#2978,.T.);
#2978 = CIRCLE('',#2979,1.678459);
#2979 = AXIS2_PLACEMENT_3D('',#2980,#2981,#2982);
#2980 = CARTESIAN_POINT('',(-17.325283,-8.406019663094,10.939809704257)
  );
#2981 = DIRECTION('',(0.,-0.977735304369,0.209842022935));
#2982 = DIRECTION('',(1.,0.,0.));
#2983 = CYLINDRICAL_SURFACE('',#2984,1.678459);
#2984 = AXIS2_PLACEMENT_3D('',#2985,#2986,#2987);
#2985 = CARTESIAN_POINT('',(-17.325283,-8.406019663094,10.939809704257)
  );
#2986 = DIRECTION('',(0.,0.977735304369,-0.209842022935));
#2987 = DIRECTION('',(1.,0.,0.));
#2988 = ADVANCED_FACE('',(#2989),#3008,.F.);
#2989 = FACE_BOUND('',#2990,.T.);
#2990 = EDGE_LOOP('',(#2991,#2999,#3000,#3001));
#2991 = ORIENTED_EDGE('',*,*,#2992,.T.);
#2992 = EDGE_CURVE('',#2993,#2536,#2995,.T.);
#2993 = VERTEX_POINT('',#2994);
#2994 = CARTESIAN_POINT('',(-6.980157333333,-8.406019663094,
    10.939809704257));
#2995 = LINE('',#2996,#2997);
#2996 = CARTESIAN_POINT('',(-6.980157333333,-8.406019663094,
    10.939809704257));
#2997 = VECTOR('',#2998,1.);
#2998 = DIRECTION('',(0.,-0.977735304369,0.209842022935));
#2999 = ORIENTED_EDGE('',*,*,#2535,.T.);
#3000 = ORIENTED_EDGE('',*,*,#2992,.F.);
#3001 = ORIENTED_EDGE('',*,*,#3002,.F.);
#3002 = EDGE_CURVE('',#2993,#2993,#3003,.T.);
#3003 = CIRCLE('',#3004,1.678459);
#3004 = AXIS2_PLACEMENT_3D('',#3005,#3006,#3007);
#3005 = CARTESIAN_POINT('',(-8.658616333333,-8.406019663094,
    10.939809704257));
#3006 = DIRECTION('',(0.,-0.977735304369,0.209842022935));
#3007 = DIRECTION('',(1.,0.,0.));
#3008 = CYLINDRICAL_SURFACE('',#3009,1.678459);
#3009 = AXIS2_PLACEMENT_3D('',#3010,#3011,#3012);
#3010 = CARTESIAN_POINT('',(-8.658616333333,-8.406019663094,
    10.939809704257));
#3011 = DIRECTION('',(0.,0.977735304369,-0.209842022935));
#3012 = DIRECTION('',(1.,0.,0.));
#3013 = ADVANCED_FACE('',(#3014),#3033,.F.);
#3014 = FACE_BOUND('',#3015,.T.);
#3015 = EDGE_LOOP('',(#3016,#3024,#3025,#3026));
#3016 = ORIENTED_EDGE('',*,*,#3017,.T.);
#3017 = EDGE_CURVE('',#3018,#2556,#3020,.T.);
#3018 = VERTEX_POINT('',#3019);
#3019 = CARTESIAN_POINT('',(1.686509333333,-8.406019663094,
    10.939809704257));
#3020 = LINE('',#3021,#3022);
#3021 = CARTESIAN_POINT('',(1.686509333333,-8.406019663094,
    10.939809704257));
#3022 = VECTOR('',#3023,1.);
#3023 = DIRECTION('',(0.,-0.977735304369,0.209842022935));
#3024 = ORIENTED_EDGE('',*,*,#2555,.T.);
#3025 = ORIENTED_EDGE('',*,*,#3017,.F.);
#3026 = ORIENTED_EDGE('',*,*,#3027,.F.);
#3027 = EDGE_CURVE('',#3018,#3018,#3028,.T.);
#3028 = CIRCLE('',#3029,1.678459);
#3029 = AXIS2_PLACEMENT_3D('',#3030,#3031,#3032);
#3030 = CARTESIAN_POINT('',(8.050333333333E-03,-8.406019663094,
    10.939809704257));
#3031 = DIRECTION('',(0.,-0.977735304369,0.209842022935));
#3032 = DIRECTION('',(1.,0.,0.));
#3033 = CYLINDRICAL_SURFACE('',#3034,1.678459);
#3034 = AXIS2_PLACEMENT_3D('',#3035,#3036,#3037);
#3035 = CARTESIAN_POINT('',(8.050333333333E-03,-8.406019663094,
    10.939809704257));
#3036 = DIRECTION('',(0.,0.977735304369,-0.209842022935));
#3037 = DIRECTION('',(1.,0.,0.));
#3038 = ADVANCED_FACE('',(#3039),#3058,.F.);
#3039 = FACE_BOUND('',#3040,.T.);
#3040 = EDGE_LOOP('',(#3041,#3049,#3050,#3051));
#3041 = ORIENTED_EDGE('',*,*,#3042,.T.);
#3042 = EDGE_CURVE('',#3043,#2576,#3045,.T.);
#3043 = VERTEX_POINT('',#3044);
#3044 = CARTESIAN_POINT('',(10.353176,-8.406019663094,10.939809704257));
#3045 = LINE('',#3046,#3047);
#3046 = CARTESIAN_POINT('',(10.353176,-8.406019663094,10.939809704257));
#3047 = VECTOR('',#3048,1.);
#3048 = DIRECTION('',(0.,-0.977735304369,0.209842022935));
#3049 = ORIENTED_EDGE('',*,*,#2575,.T.);
#3050 = ORIENTED_EDGE('',*,*,#3042,.F.);
#3051 = ORIENTED_EDGE('',*,*,#3052,.F.);
#3052 = EDGE_CURVE('',#3043,#3043,#3053,.T.);
#3053 = CIRCLE('',#3054,1.678459);
#3054 = AXIS2_PLACEMENT_3D('',#3055,#3056,#3057);
#3055 = CARTESIAN_POINT('',(8.674717,-8.406019663094,10.939809704257));
#3056 = DIRECTION('',(0.,-0.977735304369,0.209842022935));
#3057 = DIRECTION('',(1.,0.,0.));
#3058 = CYLINDRICAL_SURFACE('',#3059,1.678459);
#3059 = AXIS2_PLACEMENT_3D('',#3060,#3061,#3062);
#3060 = CARTESIAN_POINT('',(8.674717,-8.406019663094,10.939809704257));
#3061 = DIRECTION('',(0.,0.977735304369,-0.209842022935));
#3062 = DIRECTION('',(1.,0.,0.));
#3063 = ADVANCED_FACE('',(#3064),#3083,.F.);
#3064 = FACE_BOUND('',#3065,.F.);
#3065 = EDGE_LOOP('',(#3066,#3074,#3075,#3076));
#3066 = ORIENTED_EDGE('',*,*,#3067,.T.);
#3067 = EDGE_CURVE('',#3068,#2596,#3070,.T.);
#3068 = VERTEX_POINT('',#3069);
#3069 = CARTESIAN_POINT('',(-15.646824,8.406019663094,10.939809704257));
#3070 = LINE('',#3071,#3072);
#3071 = CARTESIAN_POINT('',(-15.646824,8.406019663094,10.939809704257));
#3072 = VECTOR('',#3073,1.);
#3073 = DIRECTION('',(0.,0.977735304369,0.209842022935));
#3074 = ORIENTED_EDGE('',*,*,#2595,.T.);
#3075 = ORIENTED_EDGE('',*,*,#3067,.F.);
#3076 = ORIENTED_EDGE('',*,*,#3077,.F.);
#3077 = EDGE_CURVE('',#3068,#3068,#3078,.T.);
#3078 = CIRCLE('',#3079,1.678459);
#3079 = AXIS2_PLACEMENT_3D('',#3080,#3081,#3082);
#3080 = CARTESIAN_POINT('',(-17.325283,8.406019663094,10.939809704257));
#3081 = DIRECTION('',(0.,-0.977735304369,-0.209842022935));
#3082 = DIRECTION('',(1.,0.,0.));
#3083 = CYLINDRICAL_SURFACE('',#3084,1.678459);
#3084 = AXIS2_PLACEMENT_3D('',#3085,#3086,#3087);
#3085 = CARTESIAN_POINT('',(-17.325283,8.406019663094,10.939809704257));
#3086 = DIRECTION('',(-0.,-0.977735304369,-0.209842022935));
#3087 = DIRECTION('',(1.,0.,0.));
#3088 = ADVANCED_FACE('',(#3089),#3108,.F.);
#3089 = FACE_BOUND('',#3090,.F.);
#3090 = EDGE_LOOP('',(#3091,#3099,#3100,#3101));
#3091 = ORIENTED_EDGE('',*,*,#3092,.T.);
#3092 = EDGE_CURVE('',#3093,#2616,#3095,.T.);
#3093 = VERTEX_POINT('',#3094);
#3094 = CARTESIAN_POINT('',(-6.980157333333,8.406019663094,
    10.939809704257));
#3095 = LINE('',#3096,#3097);
#3096 = CARTESIAN_POINT('',(-6.980157333333,8.406019663094,
    10.939809704257));
#3097 = VECTOR('',#3098,1.);
#3098 = DIRECTION('',(0.,0.977735304369,0.209842022935));
#3099 = ORIENTED_EDGE('',*,*,#2615,.T.);
#3100 = ORIENTED_EDGE('',*,*,#3092,.F.);
#3101 = ORIENTED_EDGE('',*,*,#3102,.F.);
#3102 = EDGE_CURVE('',#3093,#3093,#3103,.T.);
#3103 = CIRCLE('',#3104,1.678459);
#3104 = AXIS2_PLACEMENT_3D('',#3105,#3106,#3107);
#3105 = CARTESIAN_POINT('',(-8.658616333333,8.406019663094,
    10.939809704257));
#3106 = DIRECTION('',(0.,-0.977735304369,-0.209842022935));
#3107 = DIRECTION('',(1.,0.,0.));
#3108 = CYLINDRICAL_SURFACE('',#3109,1.678459);
#3109 = AXIS2_PLACEMENT_3D('',#3110,#3111,#3112);
#3110 = CARTESIAN_POINT('',(-8.658616333333,8.406019663094,
    10.939809704257));
#3111 = DIRECTION('',(-0.,-0.977735304369,-0.209842022935));
#3112 = DIRECTION('',(1.,0.,0.));
#3113 = ADVANCED_FACE('',(#3114),#3133,.F.);
#3114 = FACE_BOUND('',#3115,.F.);
#3115 = EDGE_LOOP('',(#3116,#3124,#3125,#3126));
#3116 = ORIENTED_EDGE('',*,*,#3117,.T.);
#3117 = EDGE_CURVE('',#3118,#2636,#3120,.T.);
#3118 = VERTEX_POINT('',#3119);
#3119 = CARTESIAN_POINT('',(1.686509333333,8.406019663094,
    10.939809704257));
#3120 = LINE('',#3121,#3122);
#3121 = CARTESIAN_POINT('',(1.686509333333,8.406019663094,
    10.939809704257));
#3122 = VECTOR('',#3123,1.);
#3123 = DIRECTION('',(0.,0.977735304369,0.209842022935));
#3124 = ORIENTED_EDGE('',*,*,#2635,.T.);
#3125 = ORIENTED_EDGE('',*,*,#3117,.F.);
#3126 = ORIENTED_EDGE('',*,*,#3127,.F.);
#3127 = EDGE_CURVE('',#3118,#3118,#3128,.T.);
#3128 = CIRCLE('',#3129,1.678459);
#3129 = AXIS2_PLACEMENT_3D('',#3130,#3131,#3132);
#3130 = CARTESIAN_POINT('',(8.050333333333E-03,8.406019663094,
    10.939809704257));
#3131 = DIRECTION('',(0.,-0.977735304369,-0.209842022935));
#3132 = DIRECTION('',(1.,0.,0.));
#3133 = CYLINDRICAL_SURFACE('',#3134,1.678459);
#3134 = AXIS2_PLACEMENT_3D('',#3135,#3136,#3137);
#3135 = CARTESIAN_POINT('',(8.050333333333E-03,8.406019663094,
    10.939809704257));
#3136 = DIRECTION('',(-0.,-0.977735304369,-0.209842022935));
#3137 = DIRECTION('',(1.,0.,0.));
#3138 = ADVANCED_FACE('',(#3139),#3158,.F.);
#3139 = FACE_BOUND('',#3140,.F.);
#3140 = EDGE_LOOP('',(#3141,#3149,#3150,#3151));
#3141 = ORIENTED_EDGE('',*,*,#3142,.T.);
#3142 = EDGE_CURVE('',#3143,#2656,#3145,.T.);
#3143 = VERTEX_POINT('',#3144);
#3144 = CARTESIAN_POINT('',(10.353176,8.406019663094,10.939809704257));
#3145 = LINE('',#3146,#3147);
#3146 = CARTESIAN_POINT('',(10.353176,8.406019663094,10.939809704257));
#3147 = VECTOR('',#3148,1.);
#3148 = DIRECTION('',(0.,0.977735304369,0.209842022935));
#3149 = ORIENTED_EDGE('',*,*,#2655,.T.);
#3150 = ORIENTED_EDGE('',*,*,#3142,.F.);
#3151 = ORIENTED_EDGE('',*,*,#3152,.F.);
#3152 = EDGE_CURVE('',#3143,#3143,#3153,.T.);
#3153 = CIRCLE('',#3154,1.678459);
#3154 = AXIS2_PLACEMENT_3D('',#3155,#3156,#3157);
#3155 = CARTESIAN_POINT('',(8.674717,8.406019663094,10.939809704257));
#3156 = DIRECTION('',(0.,-0.977735304369,-0.209842022935));
#3157 = DIRECTION('',(1.,0.,0.));
#3158 = CYLINDRICAL_SURFACE('',#3159,1.678459);
#3159 = AXIS2_PLACEMENT_3D('',#3160,#3161,#3162);
#3160 = CARTESIAN_POINT('',(8.674717,8.406019663094,10.939809704257));
#3161 = DIRECTION('',(-0.,-0.977735304369,-0.209842022935));
#3162 = DIRECTION('',(1.,0.,0.));
#3163 = ADVANCED_FACE('',(#3164),#3191,.T.);
#3164 = FACE_BOUND('',#3165,.T.);
#3165 = EDGE_LOOP('',(#3166,#3175,#3183,#3190));
#3166 = ORIENTED_EDGE('',*,*,#3167,.T.);
#3167 = EDGE_CURVE('',#2679,#3168,#3170,.T.);
#3168 = VERTEX_POINT('',#3169);
#3169 = CARTESIAN_POINT('',(15.817874,10.834984956644,2.3));
#3170 = ELLIPSE('',#3171,2.262741699797,1.6);
#3171 = AXIS2_PLACEMENT_3D('',#3172,#3173,#3174);
#3172 = CARTESIAN_POINT('',(14.217874,9.234984956644,2.3));
#3173 = DIRECTION('',(-0.707106781187,0.707106781187,0.));
#3174 = DIRECTION('',(-0.707106781187,-0.707106781187,0.));
#3175 = ORIENTED_EDGE('',*,*,#3176,.T.);
#3176 = EDGE_CURVE('',#3168,#3177,#3179,.T.);
#3177 = VERTEX_POINT('',#3178);
#3178 = CARTESIAN_POINT('',(-17.429424,10.834984956644,2.3));
#3179 = LINE('',#3180,#3181);
#3180 = CARTESIAN_POINT('',(15.817874,10.834984956644,2.3));
#3181 = VECTOR('',#3182,1.);
#3182 = DIRECTION('',(-1.,-0.,-0.));
#3183 = ORIENTED_EDGE('',*,*,#3184,.F.);
#3184 = EDGE_CURVE('',#2681,#3177,#3185,.T.);
#3185 = CIRCLE('',#3186,1.6);
#3186 = AXIS2_PLACEMENT_3D('',#3187,#3188,#3189);
#3187 = CARTESIAN_POINT('',(-17.429424,9.234984956644,2.3));
#3188 = DIRECTION('',(-1.,0.,0.));
#3189 = DIRECTION('',(0.,0.,1.));
#3190 = ORIENTED_EDGE('',*,*,#2678,.F.);
#3191 = CYLINDRICAL_SURFACE('',#3192,1.6);
#3192 = AXIS2_PLACEMENT_3D('',#3193,#3194,#3195);
#3193 = CARTESIAN_POINT('',(15.817874,9.234984956644,2.3));
#3194 = DIRECTION('',(-1.,-0.,-0.));
#3195 = DIRECTION('',(0.,0.,1.));
#3196 = ADVANCED_FACE('',(#3197),#3217,.T.);
#3197 = FACE_BOUND('',#3198,.F.);
#3198 = EDGE_LOOP('',(#3199,#3200,#3201,#3210));
#3199 = ORIENTED_EDGE('',*,*,#3184,.F.);
#3200 = ORIENTED_EDGE('',*,*,#2704,.T.);
#3201 = ORIENTED_EDGE('',*,*,#3202,.T.);
#3202 = EDGE_CURVE('',#2697,#3203,#3205,.T.);
#3203 = VERTEX_POINT('',#3204);
#3204 = CARTESIAN_POINT('',(-17.429424,-10.83498495664,2.3));
#3205 = CIRCLE('',#3206,1.6);
#3206 = AXIS2_PLACEMENT_3D('',#3207,#3208,#3209);
#3207 = CARTESIAN_POINT('',(-17.429424,-9.234984956644,2.3));
#3208 = DIRECTION('',(1.,-2.4E-16,0.));
#3209 = DIRECTION('',(-2.4E-16,-1.,0.));
#3210 = ORIENTED_EDGE('',*,*,#3211,.F.);
#3211 = EDGE_CURVE('',#3177,#3203,#3212,.T.);
#3212 = CIRCLE('',#3213,10.834984956644);
#3213 = AXIS2_PLACEMENT_3D('',#3214,#3215,#3216);
#3214 = CARTESIAN_POINT('',(-17.429424,0.,2.3));
#3215 = DIRECTION('',(0.,0.,1.));
#3216 = DIRECTION('',(-3.3E-16,1.,0.));
#3217 = TOROIDAL_SURFACE('',#3218,9.234984956644,1.6);
#3218 = AXIS2_PLACEMENT_3D('',#3219,#3220,#3221);
#3219 = CARTESIAN_POINT('',(-17.429424,0.,2.3));
#3220 = DIRECTION('',(-0.,-0.,-1.));
#3221 = DIRECTION('',(-3.3E-16,1.,0.));
#3222 = ADVANCED_FACE('',(#3223),#3242,.T.);
#3223 = FACE_BOUND('',#3224,.T.);
#3224 = EDGE_LOOP('',(#3225,#3226,#3234,#3241));
#3225 = ORIENTED_EDGE('',*,*,#3202,.T.);
#3226 = ORIENTED_EDGE('',*,*,#3227,.T.);
#3227 = EDGE_CURVE('',#3203,#3228,#3230,.T.);
#3228 = VERTEX_POINT('',#3229);
#3229 = CARTESIAN_POINT('',(15.817874,-10.83498495664,2.3));
#3230 = LINE('',#3231,#3232);
#3231 = CARTESIAN_POINT('',(-17.429424,-10.83498495664,2.3));
#3232 = VECTOR('',#3233,1.);
#3233 = DIRECTION('',(1.,0.,0.));
#3234 = ORIENTED_EDGE('',*,*,#3235,.F.);
#3235 = EDGE_CURVE('',#2689,#3228,#3236,.T.);
#3236 = ELLIPSE('',#3237,2.262741699797,1.6);
#3237 = AXIS2_PLACEMENT_3D('',#3238,#3239,#3240);
#3238 = CARTESIAN_POINT('',(14.217874,-9.234984956644,2.3));
#3239 = DIRECTION('',(0.707106781187,0.707106781187,0.));
#3240 = DIRECTION('',(0.707106781187,-0.707106781187,0.));
#3241 = ORIENTED_EDGE('',*,*,#2696,.F.);
#3242 = CYLINDRICAL_SURFACE('',#3243,1.6);
#3243 = AXIS2_PLACEMENT_3D('',#3244,#3245,#3246);
#3244 = CARTESIAN_POINT('',(-17.429424,-9.234984956644,2.3));
#3245 = DIRECTION('',(1.,0.,0.));
#3246 = DIRECTION('',(0.,0.,1.));
#3247 = ADVANCED_FACE('',(#3248),#3259,.T.);
#3248 = FACE_BOUND('',#3249,.F.);
#3249 = EDGE_LOOP('',(#3250,#3251,#3257,#3258));
#3250 = ORIENTED_EDGE('',*,*,#3167,.T.);
#3251 = ORIENTED_EDGE('',*,*,#3252,.T.);
#3252 = EDGE_CURVE('',#3168,#3228,#3253,.T.);
#3253 = LINE('',#3254,#3255);
#3254 = CARTESIAN_POINT('',(15.817874,10.834984956644,2.3));
#3255 = VECTOR('',#3256,1.);
#3256 = DIRECTION('',(0.,-1.,0.));
#3257 = ORIENTED_EDGE('',*,*,#3235,.F.);
#3258 = ORIENTED_EDGE('',*,*,#2688,.F.);
#3259 = CYLINDRICAL_SURFACE('',#3260,1.6);
#3260 = AXIS2_PLACEMENT_3D('',#3261,#3262,#3263);
#3261 = CARTESIAN_POINT('',(14.217874,10.834984956644,2.3));
#3262 = DIRECTION('',(0.,-1.,0.));
#3263 = DIRECTION('',(0.,0.,1.));
#3264 = ADVANCED_FACE('',(#3265),#3292,.T.);
#3265 = FACE_BOUND('',#3266,.F.);
#3266 = EDGE_LOOP('',(#3267,#3276,#3284,#3291));
#3267 = ORIENTED_EDGE('',*,*,#3268,.T.);
#3268 = EDGE_CURVE('',#2720,#3269,#3271,.T.);
#3269 = VERTEX_POINT('',#3270);
#3270 = CARTESIAN_POINT('',(7.1279951,2.739974498748,-0.9));
#3271 = ELLIPSE('',#3272,1.414213562373,1.);
#3272 = AXIS2_PLACEMENT_3D('',#3273,#3274,#3275);
#3273 = CARTESIAN_POINT('',(7.1279951,2.739974498748,1.E-01));
#3274 = DIRECTION('',(0.707106781187,-0.707106781187,0.));
#3275 = DIRECTION('',(0.707106781187,0.707106781187,0.));
#3276 = ORIENTED_EDGE('',*,*,#3277,.T.);
#3277 = EDGE_CURVE('',#3269,#3278,#3280,.T.);
#3278 = VERTEX_POINT('',#3279);
#3279 = CARTESIAN_POINT('',(-14.9480319,2.739974498748,-0.9));
#3280 = LINE('',#3281,#3282);
#3281 = CARTESIAN_POINT('',(6.1279951,2.739974498748,-0.9));
#3282 = VECTOR('',#3283,1.);
#3283 = DIRECTION('',(-1.,0.,0.));
#3284 = ORIENTED_EDGE('',*,*,#3285,.F.);
#3285 = EDGE_CURVE('',#2729,#3278,#3286,.T.);
#3286 = ELLIPSE('',#3287,1.414213562373,1.);
#3287 = AXIS2_PLACEMENT_3D('',#3288,#3289,#3290);
#3288 = CARTESIAN_POINT('',(-14.9480319,2.739974498748,1.E-01));
#3289 = DIRECTION('',(0.707106781187,0.707106781187,-0.));
#3290 = DIRECTION('',(-0.707106781187,0.707106781187,0.));
#3291 = ORIENTED_EDGE('',*,*,#2736,.F.);
#3292 = CYLINDRICAL_SURFACE('',#3293,1.);
#3293 = AXIS2_PLACEMENT_3D('',#3294,#3295,#3296);
#3294 = CARTESIAN_POINT('',(6.1279951,2.739974498748,1.E-01));
#3295 = DIRECTION('',(-1.,0.,0.));
#3296 = DIRECTION('',(0.,-1.,0.));
#3297 = ADVANCED_FACE('',(#3298),#3317,.T.);
#3298 = FACE_BOUND('',#3299,.F.);
#3299 = EDGE_LOOP('',(#3300,#3309,#3315,#3316));
#3300 = ORIENTED_EDGE('',*,*,#3301,.T.);
#3301 = EDGE_CURVE('',#2751,#3302,#3304,.T.);
#3302 = VERTEX_POINT('',#3303);
#3303 = CARTESIAN_POINT('',(7.1279951,-2.739974498748,-0.9));
#3304 = ELLIPSE('',#3305,1.414213562373,1.);
#3305 = AXIS2_PLACEMENT_3D('',#3306,#3307,#3308);
#3306 = CARTESIAN_POINT('',(7.1279951,-2.739974498748,1.E-01));
#3307 = DIRECTION('',(-0.707106781187,-0.707106781187,-0.));
#3308 = DIRECTION('',(-0.707106781187,0.707106781187,0.));
#3309 = ORIENTED_EDGE('',*,*,#3310,.T.);
#3310 = EDGE_CURVE('',#3302,#3269,#3311,.T.);
#3311 = LINE('',#3312,#3313);
#3312 = CARTESIAN_POINT('',(7.1279951,-1.739974498748,-0.9));
#3313 = VECTOR('',#3314,1.);
#3314 = DIRECTION('',(0.,1.,0.));
#3315 = ORIENTED_EDGE('',*,*,#3268,.F.);
#3316 = ORIENTED_EDGE('',*,*,#2760,.F.);
#3317 = CYLINDRICAL_SURFACE('',#3318,1.);
#3318 = AXIS2_PLACEMENT_3D('',#3319,#3320,#3321);
#3319 = CARTESIAN_POINT('',(7.1279951,-1.739974498748,1.E-01));
#3320 = DIRECTION('',(0.,1.,0.));
#3321 = DIRECTION('',(-1.,0.,0.));
#3322 = ADVANCED_FACE('',(#3323),#3342,.T.);
#3323 = FACE_BOUND('',#3324,.F.);
#3324 = EDGE_LOOP('',(#3325,#3334,#3340,#3341));
#3325 = ORIENTED_EDGE('',*,*,#3326,.T.);
#3326 = EDGE_CURVE('',#2775,#3327,#3329,.T.);
#3327 = VERTEX_POINT('',#3328);
#3328 = CARTESIAN_POINT('',(-14.9480319,-2.739974498748,-0.9));
#3329 = ELLIPSE('',#3330,1.414213562373,1.);
#3330 = AXIS2_PLACEMENT_3D('',#3331,#3332,#3333);
#3331 = CARTESIAN_POINT('',(-14.9480319,-2.739974498748,1.E-01));
#3332 = DIRECTION('',(-0.707106781187,0.707106781187,0.));
#3333 = DIRECTION('',(0.707106781187,0.707106781187,0.));
#3334 = ORIENTED_EDGE('',*,*,#3335,.T.);
#3335 = EDGE_CURVE('',#3327,#3302,#3336,.T.);
#3336 = LINE('',#3337,#3338);
#3337 = CARTESIAN_POINT('',(-13.9480319,-2.739974498748,-0.9));
#3338 = VECTOR('',#3339,1.);
#3339 = DIRECTION('',(1.,0.,0.));
#3340 = ORIENTED_EDGE('',*,*,#3301,.F.);
#3341 = ORIENTED_EDGE('',*,*,#2784,.F.);
#3342 = CYLINDRICAL_SURFACE('',#3343,1.);
#3343 = AXIS2_PLACEMENT_3D('',#3344,#3345,#3346);
#3344 = CARTESIAN_POINT('',(-13.9480319,-2.739974498748,1.E-01));
#3345 = DIRECTION('',(1.,0.,0.));
#3346 = DIRECTION('',(0.,1.,0.));
#3347 = ADVANCED_FACE('',(#3348),#3359,.T.);
#3348 = FACE_BOUND('',#3349,.F.);
#3349 = EDGE_LOOP('',(#3350,#3351,#3357,#3358));
#3350 = ORIENTED_EDGE('',*,*,#3285,.T.);
#3351 = ORIENTED_EDGE('',*,*,#3352,.T.);
#3352 = EDGE_CURVE('',#3278,#3327,#3353,.T.);
#3353 = LINE('',#3354,#3355);
#3354 = CARTESIAN_POINT('',(-14.9480319,1.739974498748,-0.9));
#3355 = VECTOR('',#3356,1.);
#3356 = DIRECTION('',(0.,-1.,0.));
#3357 = ORIENTED_EDGE('',*,*,#3326,.F.);
#3358 = ORIENTED_EDGE('',*,*,#2799,.F.);
#3359 = CYLINDRICAL_SURFACE('',#3360,1.);
#3360 = AXIS2_PLACEMENT_3D('',#3361,#3362,#3363);
#3361 = CARTESIAN_POINT('',(-14.9480319,1.739974498748,1.E-01));
#3362 = DIRECTION('',(0.,-1.,0.));
#3363 = DIRECTION('',(1.,0.,0.));
#3364 = ADVANCED_FACE('',(#3365,#3368),#3379,.F.);
#3365 = FACE_BOUND('',#3366,.F.);
#3366 = EDGE_LOOP('',(#3367));
#3367 = ORIENTED_EDGE('',*,*,#2815,.T.);
#3368 = FACE_BOUND('',#3369,.F.);
#3369 = EDGE_LOOP('',(#3370));
#3370 = ORIENTED_EDGE('',*,*,#3371,.F.);
#3371 = EDGE_CURVE('',#3372,#3372,#3374,.T.);
#3372 = VERTEX_POINT('',#3373);
#3373 = CARTESIAN_POINT('',(4.170122,6.76,23.51141092361));
#3374 = CIRCLE('',#3375,6.76);
#3375 = AXIS2_PLACEMENT_3D('',#3376,#3377,#3378);
#3376 = CARTESIAN_POINT('',(4.170122,0.,23.51141092361));
#3377 = DIRECTION('',(1.,0.,0.));
#3378 = DIRECTION('',(0.,1.,0.));
#3379 = PLANE('',#3380);
#3380 = AXIS2_PLACEMENT_3D('',#3381,#3382,#3383);
#3381 = CARTESIAN_POINT('',(4.170122,-5.619616983039E-16,23.51141092361)
  );
#3382 = DIRECTION('',(1.,0.,0.));
#3383 = DIRECTION('',(0.,0.,1.));
#3384 = ADVANCED_FACE('',(#3385,#3388),#3531,.T.);
#3385 = FACE_BOUND('',#3386,.T.);
#3386 = EDGE_LOOP('',(#3387));
#3387 = ORIENTED_EDGE('',*,*,#2832,.T.);
#3388 = FACE_BOUND('',#3389,.T.);
#3389 = EDGE_LOOP('',(#3390,#3401,#3410,#3418,#3426,#3434,#3443,#3451,
    #3459,#3467,#3476,#3484,#3492,#3500,#3509,#3517,#3525));
#3390 = ORIENTED_EDGE('',*,*,#3391,.F.);
#3391 = EDGE_CURVE('',#3392,#3394,#3396,.T.);
#3392 = VERTEX_POINT('',#3393);
#3393 = CARTESIAN_POINT('',(12.870122,6.76,23.51141092361));
#3394 = VERTEX_POINT('',#3395);
#3395 = CARTESIAN_POINT('',(12.870122,5.115007362134,27.931173325065));
#3396 = CIRCLE('',#3397,6.76);
#3397 = AXIS2_PLACEMENT_3D('',#3398,#3399,#3400);
#3398 = CARTESIAN_POINT('',(12.870122,0.,23.51141092361));
#3399 = DIRECTION('',(1.,0.,0.));
#3400 = DIRECTION('',(0.,1.,0.));
#3401 = ORIENTED_EDGE('',*,*,#3402,.F.);
#3402 = EDGE_CURVE('',#3403,#3392,#3405,.T.);
#3403 = VERTEX_POINT('',#3404);
#3404 = CARTESIAN_POINT('',(12.870122,5.115007362134,19.091648522156));
#3405 = CIRCLE('',#3406,6.76);
#3406 = AXIS2_PLACEMENT_3D('',#3407,#3408,#3409);
#3407 = CARTESIAN_POINT('',(12.870122,0.,23.51141092361));
#3408 = DIRECTION('',(1.,0.,0.));
#3409 = DIRECTION('',(0.,1.,0.));
#3410 = ORIENTED_EDGE('',*,*,#3411,.T.);
#3411 = EDGE_CURVE('',#3403,#3412,#3414,.T.);
#3412 = VERTEX_POINT('',#3413);
#3413 = CARTESIAN_POINT('',(12.870122,3.692739742119,19.091648522156));
#3414 = LINE('',#3415,#3416);
#3415 = CARTESIAN_POINT('',(12.870122,5.530155592836,19.091648522156));
#3416 = VECTOR('',#3417,1.);
#3417 = DIRECTION('',(0.,-1.,0.));
#3418 = ORIENTED_EDGE('',*,*,#3419,.F.);
#3419 = EDGE_CURVE('',#3420,#3412,#3422,.T.);
#3420 = VERTEX_POINT('',#3421);
#3421 = CARTESIAN_POINT('',(12.870122,3.692739742119,18.759621847221));
#3422 = LINE('',#3423,#3424);
#3423 = CARTESIAN_POINT('',(12.870122,3.692739742119,26.151529722883));
#3424 = VECTOR('',#3425,1.);
#3425 = DIRECTION('',(0.,0.,1.));
#3426 = ORIENTED_EDGE('',*,*,#3427,.T.);
#3427 = EDGE_CURVE('',#3420,#3428,#3430,.T.);
#3428 = VERTEX_POINT('',#3429);
#3429 = CARTESIAN_POINT('',(12.870122,4.808128593695,18.759621847221));
#3430 = LINE('',#3431,#3432);
#3431 = CARTESIAN_POINT('',(12.870122,-5.189971346401,18.759621847221));
#3432 = VECTOR('',#3433,1.);
#3433 = DIRECTION('',(0.,1.,0.));
#3434 = ORIENTED_EDGE('',*,*,#3435,.F.);
#3435 = EDGE_CURVE('',#3436,#3428,#3438,.T.);
#3436 = VERTEX_POINT('',#3437);
#3437 = CARTESIAN_POINT('',(12.870122,-4.808128593695,18.759621847221));
#3438 = CIRCLE('',#3439,6.76);
#3439 = AXIS2_PLACEMENT_3D('',#3440,#3441,#3442);
#3440 = CARTESIAN_POINT('',(12.870122,0.,23.51141092361));
#3441 = DIRECTION('',(1.,0.,0.));
#3442 = DIRECTION('',(0.,1.,0.));
#3443 = ORIENTED_EDGE('',*,*,#3444,.T.);
#3444 = EDGE_CURVE('',#3436,#3445,#3447,.T.);
#3445 = VERTEX_POINT('',#3446);
#3446 = CARTESIAN_POINT('',(12.870122,-3.692739742119,18.759621847221));
#3447 = LINE('',#3448,#3449);
#3448 = CARTESIAN_POINT('',(12.870122,-5.189971346401,18.759621847221));
#3449 = VECTOR('',#3450,1.);
#3450 = DIRECTION('',(0.,1.,0.));
#3451 = ORIENTED_EDGE('',*,*,#3452,.T.);
#3452 = EDGE_CURVE('',#3445,#3453,#3455,.T.);
#3453 = VERTEX_POINT('',#3454);
#3454 = CARTESIAN_POINT('',(12.870122,-3.692739742119,19.091648522156));
#3455 = LINE('',#3456,#3457);
#3456 = CARTESIAN_POINT('',(12.870122,-3.692739742119,26.151529722883));
#3457 = VECTOR('',#3458,1.);
#3458 = DIRECTION('',(0.,0.,1.));
#3459 = ORIENTED_EDGE('',*,*,#3460,.T.);
#3460 = EDGE_CURVE('',#3453,#3461,#3463,.T.);
#3461 = VERTEX_POINT('',#3462);
#3462 = CARTESIAN_POINT('',(12.870122,-5.115007362134,19.091648522156));
#3463 = LINE('',#3464,#3465);
#3464 = CARTESIAN_POINT('',(12.870122,5.530155592836,19.091648522156));
#3465 = VECTOR('',#3466,1.);
#3466 = DIRECTION('',(0.,-1.,0.));
#3467 = ORIENTED_EDGE('',*,*,#3468,.F.);
#3468 = EDGE_CURVE('',#3469,#3461,#3471,.T.);
#3469 = VERTEX_POINT('',#3470);
#3470 = CARTESIAN_POINT('',(12.870122,-5.115007362134,27.931173325065));
#3471 = CIRCLE('',#3472,6.76);
#3472 = AXIS2_PLACEMENT_3D('',#3473,#3474,#3475);
#3473 = CARTESIAN_POINT('',(12.870122,0.,23.51141092361));
#3474 = DIRECTION('',(1.,0.,0.));
#3475 = DIRECTION('',(0.,1.,0.));
#3476 = ORIENTED_EDGE('',*,*,#3477,.F.);
#3477 = EDGE_CURVE('',#3478,#3469,#3480,.T.);
#3478 = VERTEX_POINT('',#3479);
#3479 = CARTESIAN_POINT('',(12.870122,-3.692739742119,27.931173325065));
#3480 = LINE('',#3481,#3482);
#3481 = CARTESIAN_POINT('',(12.870122,5.530155592836,27.931173325065));
#3482 = VECTOR('',#3483,1.);
#3483 = DIRECTION('',(0.,-1.,0.));
#3484 = ORIENTED_EDGE('',*,*,#3485,.T.);
#3485 = EDGE_CURVE('',#3478,#3486,#3488,.T.);
#3486 = VERTEX_POINT('',#3487);
#3487 = CARTESIAN_POINT('',(12.870122,-3.692739742119,28.2632));
#3488 = LINE('',#3489,#3490);
#3489 = CARTESIAN_POINT('',(12.870122,-3.692739742119,26.151529722883));
#3490 = VECTOR('',#3491,1.);
#3491 = DIRECTION('',(0.,0.,1.));
#3492 = ORIENTED_EDGE('',*,*,#3493,.F.);
#3493 = EDGE_CURVE('',#3494,#3486,#3496,.T.);
#3494 = VERTEX_POINT('',#3495);
#3495 = CARTESIAN_POINT('',(12.870122,-4.808128593695,28.2632));
#3496 = LINE('',#3497,#3498);
#3497 = CARTESIAN_POINT('',(12.870122,-5.189971346401,28.2632));
#3498 = VECTOR('',#3499,1.);
#3499 = DIRECTION('',(0.,1.,0.));
#3500 = ORIENTED_EDGE('',*,*,#3501,.F.);
#3501 = EDGE_CURVE('',#3502,#3494,#3504,.T.);
#3502 = VERTEX_POINT('',#3503);
#3503 = CARTESIAN_POINT('',(12.870122,4.808128593695,28.2632));
#3504 = CIRCLE('',#3505,6.76);
#3505 = AXIS2_PLACEMENT_3D('',#3506,#3507,#3508);
#3506 = CARTESIAN_POINT('',(12.870122,0.,23.51141092361));
#3507 = DIRECTION('',(1.,0.,0.));
#3508 = DIRECTION('',(0.,1.,0.));
#3509 = ORIENTED_EDGE('',*,*,#3510,.F.);
#3510 = EDGE_CURVE('',#3511,#3502,#3513,.T.);
#3511 = VERTEX_POINT('',#3512);
#3512 = CARTESIAN_POINT('',(12.870122,3.692739742119,28.2632));
#3513 = LINE('',#3514,#3515);
#3514 = CARTESIAN_POINT('',(12.870122,-5.189971346401,28.2632));
#3515 = VECTOR('',#3516,1.);
#3516 = DIRECTION('',(0.,1.,0.));
#3517 = ORIENTED_EDGE('',*,*,#3518,.F.);
#3518 = EDGE_CURVE('',#3519,#3511,#3521,.T.);
#3519 = VERTEX_POINT('',#3520);
#3520 = CARTESIAN_POINT('',(12.870122,3.692739742119,27.931173325065));
#3521 = LINE('',#3522,#3523);
#3522 = CARTESIAN_POINT('',(12.870122,3.692739742119,26.151529722883));
#3523 = VECTOR('',#3524,1.);
#3524 = DIRECTION('',(0.,0.,1.));
#3525 = ORIENTED_EDGE('',*,*,#3526,.F.);
#3526 = EDGE_CURVE('',#3394,#3519,#3527,.T.);
#3527 = LINE('',#3528,#3529);
#3528 = CARTESIAN_POINT('',(12.870122,5.530155592836,27.931173325065));
#3529 = VECTOR('',#3530,1.);
#3530 = DIRECTION('',(0.,-1.,0.));
#3531 = PLANE('',#3532);
#3532 = AXIS2_PLACEMENT_3D('',#3533,#3534,#3535);
#3533 = CARTESIAN_POINT('',(12.870122,-5.619616983039E-16,23.51141092361
    ));
#3534 = DIRECTION('',(1.,0.,0.));
#3535 = DIRECTION('',(0.,0.,1.));
#3536 = ADVANCED_FACE('',(#3537),#3548,.F.);
#3537 = FACE_BOUND('',#3538,.F.);
#3538 = EDGE_LOOP('',(#3539,#3540,#3541,#3547));
#3539 = ORIENTED_EDGE('',*,*,#2864,.F.);
#3540 = ORIENTED_EDGE('',*,*,#2904,.F.);
#3541 = ORIENTED_EDGE('',*,*,#3542,.F.);
#3542 = EDGE_CURVE('',#2943,#2889,#3543,.T.);
#3543 = LINE('',#3544,#3545);
#3544 = CARTESIAN_POINT('',(-16.8950240828,-3.080919,30.548283));
#3545 = VECTOR('',#3546,1.);
#3546 = DIRECTION('',(1.,0.,0.));
#3547 = ORIENTED_EDGE('',*,*,#2942,.F.);
#3548 = PLANE('',#3549);
#3549 = AXIS2_PLACEMENT_3D('',#3550,#3551,#3552);
#3550 = CARTESIAN_POINT('',(-16.8950240828,-4.634656,32.2));
#3551 = DIRECTION('',(0.,0.728380477893,0.685172882873));
#3552 = DIRECTION('',(0.,0.685172882873,-0.728380477893));
#3553 = ADVANCED_FACE('',(#3554),#3560,.F.);
#3554 = FACE_BOUND('',#3555,.F.);
#3555 = EDGE_LOOP('',(#3556,#3557,#3558,#3559));
#3556 = ORIENTED_EDGE('',*,*,#2953,.F.);
#3557 = ORIENTED_EDGE('',*,*,#3542,.T.);
#3558 = ORIENTED_EDGE('',*,*,#2886,.F.);
#3559 = ORIENTED_EDGE('',*,*,#2918,.F.);
#3560 = PLANE('',#3561);
#3561 = AXIS2_PLACEMENT_3D('',#3562,#3563,#3564);
#3562 = CARTESIAN_POINT('',(-16.8950240828,-3.080919,30.548283));
#3563 = DIRECTION('',(0.,0.713992943726,-0.700152894952));
#3564 = DIRECTION('',(0.,-0.700152894952,-0.713992943726));
#3565 = ADVANCED_FACE('',(#3566),#3569,.T.);
#3566 = FACE_BOUND('',#3567,.T.);
#3567 = EDGE_LOOP('',(#3568));
#3568 = ORIENTED_EDGE('',*,*,#2977,.T.);
#3569 = PLANE('',#3570);
#3570 = AXIS2_PLACEMENT_3D('',#3571,#3572,#3573);
#3571 = CARTESIAN_POINT('',(15.817874,-7.684854,14.3));
#3572 = DIRECTION('',(0.,-0.977735304369,0.209842022935));
#3573 = DIRECTION('',(0.,-0.209842022935,-0.977735304369));
#3574 = ADVANCED_FACE('',(#3575),#3578,.T.);
#3575 = FACE_BOUND('',#3576,.T.);
#3576 = EDGE_LOOP('',(#3577));
#3577 = ORIENTED_EDGE('',*,*,#3002,.T.);
#3578 = PLANE('',#3579);
#3579 = AXIS2_PLACEMENT_3D('',#3580,#3581,#3582);
#3580 = CARTESIAN_POINT('',(15.817874,-7.684854,14.3));
#3581 = DIRECTION('',(0.,-0.977735304369,0.209842022935));
#3582 = DIRECTION('',(0.,-0.209842022935,-0.977735304369));
#3583 = ADVANCED_FACE('',(#3584),#3587,.T.);
#3584 = FACE_BOUND('',#3585,.T.);
#3585 = EDGE_LOOP('',(#3586));
#3586 = ORIENTED_EDGE('',*,*,#3027,.T.);
#3587 = PLANE('',#3588);
#3588 = AXIS2_PLACEMENT_3D('',#3589,#3590,#3591);
#3589 = CARTESIAN_POINT('',(15.817874,-7.684854,14.3));
#3590 = DIRECTION('',(0.,-0.977735304369,0.209842022935));
#3591 = DIRECTION('',(0.,-0.209842022935,-0.977735304369));
#3592 = ADVANCED_FACE('',(#3593),#3596,.T.);
#3593 = FACE_BOUND('',#3594,.T.);
#3594 = EDGE_LOOP('',(#3595));
#3595 = ORIENTED_EDGE('',*,*,#3052,.T.);
#3596 = PLANE('',#3597);
#3597 = AXIS2_PLACEMENT_3D('',#3598,#3599,#3600);
#3598 = CARTESIAN_POINT('',(15.817874,-7.684854,14.3));
#3599 = DIRECTION('',(0.,-0.977735304369,0.209842022935));
#3600 = DIRECTION('',(0.,-0.209842022935,-0.977735304369));
#3601 = ADVANCED_FACE('',(#3602),#3605,.F.);
#3602 = FACE_BOUND('',#3603,.F.);
#3603 = EDGE_LOOP('',(#3604));
#3604 = ORIENTED_EDGE('',*,*,#3077,.T.);
#3605 = PLANE('',#3606);
#3606 = AXIS2_PLACEMENT_3D('',#3607,#3608,#3609);
#3607 = CARTESIAN_POINT('',(15.817874,7.684854,14.3));
#3608 = DIRECTION('',(0.,-0.977735304369,-0.209842022935));
#3609 = DIRECTION('',(0.,0.209842022935,-0.977735304369));
#3610 = ADVANCED_FACE('',(#3611),#3614,.F.);
#3611 = FACE_BOUND('',#3612,.F.);
#3612 = EDGE_LOOP('',(#3613));
#3613 = ORIENTED_EDGE('',*,*,#3102,.T.);
#3614 = PLANE('',#3615);
#3615 = AXIS2_PLACEMENT_3D('',#3616,#3617,#3618);
#3616 = CARTESIAN_POINT('',(15.817874,7.684854,14.3));
#3617 = DIRECTION('',(0.,-0.977735304369,-0.209842022935));
#3618 = DIRECTION('',(0.,0.209842022935,-0.977735304369));
#3619 = ADVANCED_FACE('',(#3620),#3623,.F.);
#3620 = FACE_BOUND('',#3621,.F.);
#3621 = EDGE_LOOP('',(#3622));
#3622 = ORIENTED_EDGE('',*,*,#3127,.T.);
#3623 = PLANE('',#3624);
#3624 = AXIS2_PLACEMENT_3D('',#3625,#3626,#3627);
#3625 = CARTESIAN_POINT('',(15.817874,7.684854,14.3));
#3626 = DIRECTION('',(0.,-0.977735304369,-0.209842022935));
#3627 = DIRECTION('',(0.,0.209842022935,-0.977735304369));
#3628 = ADVANCED_FACE('',(#3629),#3632,.F.);
#3629 = FACE_BOUND('',#3630,.F.);
#3630 = EDGE_LOOP('',(#3631));
#3631 = ORIENTED_EDGE('',*,*,#3152,.T.);
#3632 = PLANE('',#3633);
#3633 = AXIS2_PLACEMENT_3D('',#3634,#3635,#3636);
#3634 = CARTESIAN_POINT('',(15.817874,7.684854,14.3));
#3635 = DIRECTION('',(0.,-0.977735304369,-0.209842022935));
#3636 = DIRECTION('',(0.,0.209842022935,-0.977735304369));
#3637 = ADVANCED_FACE('',(#3638),#3663,.T.);
#3638 = FACE_BOUND('',#3639,.T.);
#3639 = EDGE_LOOP('',(#3640,#3648,#3656,#3662));
#3640 = ORIENTED_EDGE('',*,*,#3641,.F.);
#3641 = EDGE_CURVE('',#3642,#3168,#3644,.T.);
#3642 = VERTEX_POINT('',#3643);
#3643 = CARTESIAN_POINT('',(15.817874,10.834984956644,0.7));
#3644 = LINE('',#3645,#3646);
#3645 = CARTESIAN_POINT('',(15.817874,10.834984956644,0.));
#3646 = VECTOR('',#3647,1.);
#3647 = DIRECTION('',(0.,0.,1.));
#3648 = ORIENTED_EDGE('',*,*,#3649,.T.);
#3649 = EDGE_CURVE('',#3642,#3650,#3652,.T.);
#3650 = VERTEX_POINT('',#3651);
#3651 = CARTESIAN_POINT('',(-17.429424,10.834984956644,0.7));
#3652 = LINE('',#3653,#3654);
#3653 = CARTESIAN_POINT('',(15.817874,10.834984956644,0.7));
#3654 = VECTOR('',#3655,1.);
#3655 = DIRECTION('',(-1.,-0.,-0.));
#3656 = ORIENTED_EDGE('',*,*,#3657,.F.);
#3657 = EDGE_CURVE('',#3177,#3650,#3658,.T.);
#3658 = LINE('',#3659,#3660);
#3659 = CARTESIAN_POINT('',(-17.429424,10.834984956644,0.));
#3660 = VECTOR('',#3661,1.);
#3661 = DIRECTION('',(-0.,-0.,-1.));
#3662 = ORIENTED_EDGE('',*,*,#3176,.F.);
#3663 = PLANE('',#3664);
#3664 = AXIS2_PLACEMENT_3D('',#3665,#3666,#3667);
#3665 = CARTESIAN_POINT('',(-0.805775000003,10.834984956644,1.5));
#3666 = DIRECTION('',(0.,1.,0.));
#3667 = DIRECTION('',(0.,0.,1.));
#3668 = ADVANCED_FACE('',(#3669),#3688,.T.);
#3669 = FACE_BOUND('',#3670,.F.);
#3670 = EDGE_LOOP('',(#3671,#3672,#3673,#3681));
#3671 = ORIENTED_EDGE('',*,*,#3657,.F.);
#3672 = ORIENTED_EDGE('',*,*,#3211,.T.);
#3673 = ORIENTED_EDGE('',*,*,#3674,.F.);
#3674 = EDGE_CURVE('',#3675,#3203,#3677,.T.);
#3675 = VERTEX_POINT('',#3676);
#3676 = CARTESIAN_POINT('',(-17.429424,-10.83498495664,0.7));
#3677 = LINE('',#3678,#3679);
#3678 = CARTESIAN_POINT('',(-17.429424,-10.83498495664,0.));
#3679 = VECTOR('',#3680,1.);
#3680 = DIRECTION('',(0.,0.,1.));
#3681 = ORIENTED_EDGE('',*,*,#3682,.F.);
#3682 = EDGE_CURVE('',#3650,#3675,#3683,.T.);
#3683 = CIRCLE('',#3684,10.834984956644);
#3684 = AXIS2_PLACEMENT_3D('',#3685,#3686,#3687);
#3685 = CARTESIAN_POINT('',(-17.429424,0.,0.7));
#3686 = DIRECTION('',(0.,0.,1.));
#3687 = DIRECTION('',(-3.3E-16,1.,0.));
#3688 = CYLINDRICAL_SURFACE('',#3689,10.834984956644);
#3689 = AXIS2_PLACEMENT_3D('',#3690,#3691,#3692);
#3690 = CARTESIAN_POINT('',(-17.429424,0.,0.));
#3691 = DIRECTION('',(-0.,-0.,-1.));
#3692 = DIRECTION('',(1.,0.,0.));
#3693 = ADVANCED_FACE('',(#3694),#3712,.T.);
#3694 = FACE_BOUND('',#3695,.T.);
#3695 = EDGE_LOOP('',(#3696,#3704,#3705,#3706));
#3696 = ORIENTED_EDGE('',*,*,#3697,.T.);
#3697 = EDGE_CURVE('',#3698,#3228,#3700,.T.);
#3698 = VERTEX_POINT('',#3699);
#3699 = CARTESIAN_POINT('',(15.817874,-10.83498495664,0.7));
#3700 = LINE('',#3701,#3702);
#3701 = CARTESIAN_POINT('',(15.817874,-10.83498495664,0.));
#3702 = VECTOR('',#3703,1.);
#3703 = DIRECTION('',(0.,0.,1.));
#3704 = ORIENTED_EDGE('',*,*,#3227,.F.);
#3705 = ORIENTED_EDGE('',*,*,#3674,.F.);
#3706 = ORIENTED_EDGE('',*,*,#3707,.T.);
#3707 = EDGE_CURVE('',#3675,#3698,#3708,.T.);
#3708 = LINE('',#3709,#3710);
#3709 = CARTESIAN_POINT('',(-17.429424,-10.83498495664,0.7));
#3710 = VECTOR('',#3711,1.);
#3711 = DIRECTION('',(1.,0.,0.));
#3712 = PLANE('',#3713);
#3713 = AXIS2_PLACEMENT_3D('',#3714,#3715,#3716);
#3714 = CARTESIAN_POINT('',(-0.805775000003,-10.83498495664,1.5));
#3715 = DIRECTION('',(-0.,-1.,-0.));
#3716 = DIRECTION('',(0.,0.,-1.));
#3717 = ADVANCED_FACE('',(#3718),#3729,.T.);
#3718 = FACE_BOUND('',#3719,.T.);
#3719 = EDGE_LOOP('',(#3720,#3721,#3722,#3723));
#3720 = ORIENTED_EDGE('',*,*,#3641,.T.);
#3721 = ORIENTED_EDGE('',*,*,#3252,.T.);
#3722 = ORIENTED_EDGE('',*,*,#3697,.F.);
#3723 = ORIENTED_EDGE('',*,*,#3724,.F.);
#3724 = EDGE_CURVE('',#3642,#3698,#3725,.T.);
#3725 = LINE('',#3726,#3727);
#3726 = CARTESIAN_POINT('',(15.817874,10.834984956644,0.7));
#3727 = VECTOR('',#3728,1.);
#3728 = DIRECTION('',(0.,-1.,0.));
#3729 = PLANE('',#3730);
#3730 = AXIS2_PLACEMENT_3D('',#3731,#3732,#3733);
#3731 = CARTESIAN_POINT('',(15.817874,7.E-17,1.5));
#3732 = DIRECTION('',(1.,0.,0.));
#3733 = DIRECTION('',(0.,0.,1.));
#3734 = ADVANCED_FACE('',(#3735,#3741),#3776,.F.);
#3735 = FACE_BOUND('',#3736,.F.);
#3736 = EDGE_LOOP('',(#3737,#3738,#3739,#3740));
#3737 = ORIENTED_EDGE('',*,*,#3310,.F.);
#3738 = ORIENTED_EDGE('',*,*,#3335,.F.);
#3739 = ORIENTED_EDGE('',*,*,#3352,.F.);
#3740 = ORIENTED_EDGE('',*,*,#3277,.F.);
#3741 = FACE_BOUND('',#3742,.F.);
#3742 = EDGE_LOOP('',(#3743,#3753,#3762,#3770));
#3743 = ORIENTED_EDGE('',*,*,#3744,.T.);
#3744 = EDGE_CURVE('',#3745,#3747,#3749,.T.);
#3745 = VERTEX_POINT('',#3746);
#3746 = CARTESIAN_POINT('',(14.217874,9.234984956644,-0.9));
#3747 = VERTEX_POINT('',#3748);
#3748 = CARTESIAN_POINT('',(-17.429424,9.234984956644,-0.9));
#3749 = LINE('',#3750,#3751);
#3750 = CARTESIAN_POINT('',(15.817874,9.234984956644,-0.9));
#3751 = VECTOR('',#3752,1.);
#3752 = DIRECTION('',(-1.,-0.,-0.));
#3753 = ORIENTED_EDGE('',*,*,#3754,.T.);
#3754 = EDGE_CURVE('',#3747,#3755,#3757,.T.);
#3755 = VERTEX_POINT('',#3756);
#3756 = CARTESIAN_POINT('',(-17.429424,-9.234984956644,-0.9));
#3757 = CIRCLE('',#3758,9.234984956644);
#3758 = AXIS2_PLACEMENT_3D('',#3759,#3760,#3761);
#3759 = CARTESIAN_POINT('',(-17.429424,0.,-0.9));
#3760 = DIRECTION('',(0.,0.,1.));
#3761 = DIRECTION('',(-3.3E-16,1.,0.));
#3762 = ORIENTED_EDGE('',*,*,#3763,.T.);
#3763 = EDGE_CURVE('',#3755,#3764,#3766,.T.);
#3764 = VERTEX_POINT('',#3765);
#3765 = CARTESIAN_POINT('',(14.217874,-9.234984956644,-0.9));
#3766 = LINE('',#3767,#3768);
#3767 = CARTESIAN_POINT('',(-17.429424,-9.234984956644,-0.9));
#3768 = VECTOR('',#3769,1.);
#3769 = DIRECTION('',(1.,0.,0.));
#3770 = ORIENTED_EDGE('',*,*,#3771,.F.);
#3771 = EDGE_CURVE('',#3745,#3764,#3772,.T.);
#3772 = LINE('',#3773,#3774);
#3773 = CARTESIAN_POINT('',(14.217874,10.834984956644,-0.9));
#3774 = VECTOR('',#3775,1.);
#3775 = DIRECTION('',(0.,-1.,0.));
#3776 = PLANE('',#3777);
#3777 = AXIS2_PLACEMENT_3D('',#3778,#3779,#3780);
#3778 = CARTESIAN_POINT('',(-3.962865814903,-8.E-17,-0.9));
#3779 = DIRECTION('',(0.,0.,1.));
#3780 = DIRECTION('',(1.,0.,0.));
#3781 = ADVANCED_FACE('',(#3782,#3889),#3940,.F.);
#3782 = FACE_BOUND('',#3783,.F.);
#3783 = EDGE_LOOP('',(#3784,#3785,#3791,#3792,#3793,#3794,#3802,#3811,
    #3817,#3818,#3826,#3835,#3841,#3842,#3850,#3859,#3865,#3866,#3874,
    #3883));
#3784 = ORIENTED_EDGE('',*,*,#3391,.F.);
#3785 = ORIENTED_EDGE('',*,*,#3786,.T.);
#3786 = EDGE_CURVE('',#3392,#3372,#3787,.T.);
#3787 = LINE('',#3788,#3789);
#3788 = CARTESIAN_POINT('',(12.870122,6.76,23.51141092361));
#3789 = VECTOR('',#3790,1.);
#3790 = DIRECTION('',(-1.,-0.,-0.));
#3791 = ORIENTED_EDGE('',*,*,#3371,.T.);
#3792 = ORIENTED_EDGE('',*,*,#3786,.F.);
#3793 = ORIENTED_EDGE('',*,*,#3402,.F.);
#3794 = ORIENTED_EDGE('',*,*,#3795,.F.);
#3795 = EDGE_CURVE('',#3796,#3403,#3798,.T.);
#3796 = VERTEX_POINT('',#3797);
#3797 = CARTESIAN_POINT('',(9.470122,5.115007362134,19.091648522156));
#3798 = LINE('',#3799,#3800);
#3799 = CARTESIAN_POINT('',(12.870122,5.115007362134,19.091648522156));
#3800 = VECTOR('',#3801,1.);
#3801 = DIRECTION('',(1.,0.,0.));
#3802 = ORIENTED_EDGE('',*,*,#3803,.F.);
#3803 = EDGE_CURVE('',#3804,#3796,#3806,.T.);
#3804 = VERTEX_POINT('',#3805);
#3805 = CARTESIAN_POINT('',(9.470122,4.808128593695,18.759621847221));
#3806 = CIRCLE('',#3807,6.76);
#3807 = AXIS2_PLACEMENT_3D('',#3808,#3809,#3810);
#3808 = CARTESIAN_POINT('',(9.470122,0.,23.51141092361));
#3809 = DIRECTION('',(1.,0.,0.));
#3810 = DIRECTION('',(0.,1.,0.));
#3811 = ORIENTED_EDGE('',*,*,#3812,.T.);
#3812 = EDGE_CURVE('',#3804,#3428,#3813,.T.);
#3813 = LINE('',#3814,#3815);
#3814 = CARTESIAN_POINT('',(12.870122,4.808128593695,18.759621847221));
#3815 = VECTOR('',#3816,1.);
#3816 = DIRECTION('',(1.,0.,0.));
#3817 = ORIENTED_EDGE('',*,*,#3435,.F.);
#3818 = ORIENTED_EDGE('',*,*,#3819,.F.);
#3819 = EDGE_CURVE('',#3820,#3436,#3822,.T.);
#3820 = VERTEX_POINT('',#3821);
#3821 = CARTESIAN_POINT('',(9.470122,-4.808128593695,18.759621847221));
#3822 = LINE('',#3823,#3824);
#3823 = CARTESIAN_POINT('',(12.870122,-4.808128593695,18.759621847221));
#3824 = VECTOR('',#3825,1.);
#3825 = DIRECTION('',(1.,0.,0.));
#3826 = ORIENTED_EDGE('',*,*,#3827,.F.);
#3827 = EDGE_CURVE('',#3828,#3820,#3830,.T.);
#3828 = VERTEX_POINT('',#3829);
#3829 = CARTESIAN_POINT('',(9.470122,-5.115007362134,19.091648522156));
#3830 = CIRCLE('',#3831,6.76);
#3831 = AXIS2_PLACEMENT_3D('',#3832,#3833,#3834);
#3832 = CARTESIAN_POINT('',(9.470122,0.,23.51141092361));
#3833 = DIRECTION('',(1.,0.,0.));
#3834 = DIRECTION('',(0.,1.,0.));
#3835 = ORIENTED_EDGE('',*,*,#3836,.T.);
#3836 = EDGE_CURVE('',#3828,#3461,#3837,.T.);
#3837 = LINE('',#3838,#3839);
#3838 = CARTESIAN_POINT('',(12.870122,-5.115007362134,19.091648522156));
#3839 = VECTOR('',#3840,1.);
#3840 = DIRECTION('',(1.,0.,0.));
#3841 = ORIENTED_EDGE('',*,*,#3468,.F.);
#3842 = ORIENTED_EDGE('',*,*,#3843,.F.);
#3843 = EDGE_CURVE('',#3844,#3469,#3846,.T.);
#3844 = VERTEX_POINT('',#3845);
#3845 = CARTESIAN_POINT('',(9.470122,-5.115007362134,27.931173325065));
#3846 = LINE('',#3847,#3848);
#3847 = CARTESIAN_POINT('',(12.870122,-5.115007362134,27.931173325065));
#3848 = VECTOR('',#3849,1.);
#3849 = DIRECTION('',(1.,0.,0.));
#3850 = ORIENTED_EDGE('',*,*,#3851,.F.);
#3851 = EDGE_CURVE('',#3852,#3844,#3854,.T.);
#3852 = VERTEX_POINT('',#3853);
#3853 = CARTESIAN_POINT('',(9.470122,-4.808128593695,28.2632));
#3854 = CIRCLE('',#3855,6.76);
#3855 = AXIS2_PLACEMENT_3D('',#3856,#3857,#3858);
#3856 = CARTESIAN_POINT('',(9.470122,0.,23.51141092361));
#3857 = DIRECTION('',(1.,0.,0.));
#3858 = DIRECTION('',(0.,1.,0.));
#3859 = ORIENTED_EDGE('',*,*,#3860,.T.);
#3860 = EDGE_CURVE('',#3852,#3494,#3861,.T.);
#3861 = LINE('',#3862,#3863);
#3862 = CARTESIAN_POINT('',(12.870122,-4.808128593695,28.2632));
#3863 = VECTOR('',#3864,1.);
#3864 = DIRECTION('',(1.,0.,0.));
#3865 = ORIENTED_EDGE('',*,*,#3501,.F.);
#3866 = ORIENTED_EDGE('',*,*,#3867,.F.);
#3867 = EDGE_CURVE('',#3868,#3502,#3870,.T.);
#3868 = VERTEX_POINT('',#3869);
#3869 = CARTESIAN_POINT('',(9.470122,4.808128593695,28.2632));
#3870 = LINE('',#3871,#3872);
#3871 = CARTESIAN_POINT('',(12.870122,4.808128593695,28.2632));
#3872 = VECTOR('',#3873,1.);
#3873 = DIRECTION('',(1.,0.,0.));
#3874 = ORIENTED_EDGE('',*,*,#3875,.F.);
#3875 = EDGE_CURVE('',#3876,#3868,#3878,.T.);
#3876 = VERTEX_POINT('',#3877);
#3877 = CARTESIAN_POINT('',(9.470122,5.115007362134,27.931173325065));
#3878 = CIRCLE('',#3879,6.76);
#3879 = AXIS2_PLACEMENT_3D('',#3880,#3881,#3882);
#3880 = CARTESIAN_POINT('',(9.470122,0.,23.51141092361));
#3881 = DIRECTION('',(1.,0.,0.));
#3882 = DIRECTION('',(0.,1.,0.));
#3883 = ORIENTED_EDGE('',*,*,#3884,.T.);
#3884 = EDGE_CURVE('',#3876,#3394,#3885,.T.);
#3885 = LINE('',#3886,#3887);
#3886 = CARTESIAN_POINT('',(12.870122,5.115007362134,27.931173325065));
#3887 = VECTOR('',#3888,1.);
#3888 = DIRECTION('',(1.,0.,0.));
#3889 = FACE_BOUND('',#3890,.F.);
#3890 = EDGE_LOOP('',(#3891));
#3891 = ORIENTED_EDGE('',*,*,#3892,.F.);
#3892 = EDGE_CURVE('',#3893,#3893,#3895,.T.);
#3893 = VERTEX_POINT('',#3894);
#3894 = CARTESIAN_POINT('',(12.217868,0.,16.75141092361));
#3895 = B_SPLINE_CURVE_WITH_KNOTS('',8,(#3896,#3897,#3898,#3899,#3900,
    #3901,#3902,#3903,#3904,#3905,#3906,#3907,#3908,#3909,#3910,#3911,
    #3912,#3913,#3914,#3915,#3916,#3917,#3918,#3919,#3920,#3921,#3922,
    #3923,#3924,#3925,#3926,#3927,#3928,#3929,#3930,#3931,#3932,#3933,
    #3934,#3935,#3936,#3937,#3938,#3939),.UNSPECIFIED.,.T.,.F.,(9,7,7,7,
    7,7,9),(0.,0.138035160583,0.251291471054,0.499720987869,
    0.748150504682,0.901811684701,1.),.UNSPECIFIED.);
#3896 = CARTESIAN_POINT('',(12.217868,-5.551115123126E-16,16.75141092361
    ));
#3897 = CARTESIAN_POINT('',(12.217868,-0.112673316859,16.75141092361));
#3898 = CARTESIAN_POINT('',(12.202297255452,-0.223709034671,
    16.75355729953));
#3899 = CARTESIAN_POINT('',(12.171947213258,-0.33061362491,
    16.757740312037));
#3900 = CARTESIAN_POINT('',(12.128068054058,-0.431111020616,
    16.763592342237));
#3901 = CARTESIAN_POINT('',(12.072347489418,-0.523225404085,
    16.770534207535));
#3902 = CARTESIAN_POINT('',(12.006893689529,-0.605376749625,
    16.777899361658));
#3903 = CARTESIAN_POINT('',(11.934213307552,-0.676508263127,
    16.785078320445));
#3904 = CARTESIAN_POINT('',(11.793966959277,-0.785294481984,
    16.7969976701));
#3905 = CARTESIAN_POINT('',(11.727044751525,-0.827271715836,
    16.802010785172));
#3906 = CARTESIAN_POINT('',(11.657191738104,-0.862191760658,
    16.806457232527));
#3907 = CARTESIAN_POINT('',(11.585097307679,-0.890074135355,
    16.810172898515));
#3908 = CARTESIAN_POINT('',(11.511380774002,-0.910949878835,
    16.813037073498));
#3909 = CARTESIAN_POINT('',(11.436612545536,-0.924850403178,
    16.814971452567));
#3910 = CARTESIAN_POINT('',(11.361333133744,-0.931798,16.815938387098));
#3911 = CARTESIAN_POINT('',(11.1209791201,-0.931798,16.815938387098));
#3912 = CARTESIAN_POINT('',(10.95191144962,-0.898370386457,
    16.811285745265));
#3913 = CARTESIAN_POINT('',(10.78659775328,-0.828690232335,
    16.801591727743));
#3914 = CARTESIAN_POINT('',(10.634070322535,-0.721919664621,
    16.787676334811));
#3915 = CARTESIAN_POINT('',(10.504261649232,-0.579483356957,
    16.772082460076));
#3916 = CARTESIAN_POINT('',(10.40759438522,-0.405859855709,
    16.758761461927));
#3917 = CARTESIAN_POINT('',(10.354272,-0.208508116379,16.75141092361));
#3918 = CARTESIAN_POINT('',(10.354272,0.208508116378,16.75141092361));
#3919 = CARTESIAN_POINT('',(10.407594385221,0.405859855711,
    16.758761461927));
#3920 = CARTESIAN_POINT('',(10.504261649231,0.579483356954,
    16.772082460076));
#3921 = CARTESIAN_POINT('',(10.634070322537,0.721919664623,
    16.787676334811));
#3922 = CARTESIAN_POINT('',(10.786597753278,0.828690232334,
    16.801591727743));
#3923 = CARTESIAN_POINT('',(10.951911449621,0.898370386457,
    16.811285745265));
#3924 = CARTESIAN_POINT('',(11.1209791201,0.931798,16.815938387098));
#3925 = CARTESIAN_POINT('',(11.388183709116,0.931798,16.815938387098));
#3926 = CARTESIAN_POINT('',(11.4904333915,0.919009023245,16.814158616372
    ));
#3927 = CARTESIAN_POINT('',(11.591465901606,0.893371035966,
    16.810590422759));
#3928 = CARTESIAN_POINT('',(11.689857368435,0.854791480723,
    16.805361114291));
#3929 = CARTESIAN_POINT('',(11.784047205216,0.803201138676,
    16.798742326088));
#3930 = CARTESIAN_POINT('',(11.872281124761,0.738595244607,
    16.791163401801));
#3931 = CARTESIAN_POINT('',(11.952527931381,0.661100117166,
    16.783208795584));
#3932 = CARTESIAN_POINT('',(12.066940952263,0.51359973943,16.77070280055
    ));
#3933 = CARTESIAN_POINT('',(12.107467955059,0.450753548156,
    16.765939649348));
#3934 = CARTESIAN_POINT('',(12.14284932036,0.383064764102,
    16.761512236497));
#3935 = CARTESIAN_POINT('',(12.172195308092,0.311216165599,
    16.757657877719));
#3936 = CARTESIAN_POINT('',(12.194797274105,0.236031382511,
    16.75459129284));
#3937 = CARTESIAN_POINT('',(12.210132276421,0.158434964553,
    16.752477013926));
#3938 = CARTESIAN_POINT('',(12.217868,7.941667360195E-02,16.75141092361)
  );
#3939 = CARTESIAN_POINT('',(12.217868,-5.551115123126E-16,16.75141092361
    ));
#3940 = CYLINDRICAL_SURFACE('',#3941,6.76);
#3941 = AXIS2_PLACEMENT_3D('',#3942,#3943,#3944);
#3942 = CARTESIAN_POINT('',(12.870122,0.,23.51141092361));
#3943 = DIRECTION('',(1.,0.,0.));
#3944 = DIRECTION('',(0.,1.,0.));
#3945 = ADVANCED_FACE('',(#3946),#4014,.F.);
#3946 = FACE_BOUND('',#3947,.F.);
#3947 = EDGE_LOOP('',(#3948,#3949,#3950,#3956,#3957,#3958,#3966,#3975,
    #3983,#3991,#3999,#4008));
#3948 = ORIENTED_EDGE('',*,*,#3526,.F.);
#3949 = ORIENTED_EDGE('',*,*,#3884,.F.);
#3950 = ORIENTED_EDGE('',*,*,#3951,.T.);
#3951 = EDGE_CURVE('',#3876,#3844,#3952,.T.);
#3952 = LINE('',#3953,#3954);
#3953 = CARTESIAN_POINT('',(9.470122,5.530155592836,27.931173325065));
#3954 = VECTOR('',#3955,1.);
#3955 = DIRECTION('',(0.,-1.,0.));
#3956 = ORIENTED_EDGE('',*,*,#3843,.T.);
#3957 = ORIENTED_EDGE('',*,*,#3477,.F.);
#3958 = ORIENTED_EDGE('',*,*,#3959,.T.);
#3959 = EDGE_CURVE('',#3478,#3960,#3962,.T.);
#3960 = VERTEX_POINT('',#3961);
#3961 = CARTESIAN_POINT('',(12.357581274694,-3.70265009092,
    27.931173325065));
#3962 = LINE('',#3963,#3964);
#3963 = CARTESIAN_POINT('',(15.74864338055,-3.637081431463,
    27.931173325065));
#3964 = VECTOR('',#3965,1.);
#3965 = DIRECTION('',(-0.999813117184,-1.93321159433E-02,0.));
#3966 = ORIENTED_EDGE('',*,*,#3967,.F.);
#3967 = EDGE_CURVE('',#3968,#3960,#3970,.T.);
#3968 = VERTEX_POINT('',#3969);
#3969 = CARTESIAN_POINT('',(12.374482007475,-3.219893038676,
    27.931173325065));
#3970 = CIRCLE('',#3971,0.241883271992);
#3971 = AXIS2_PLACEMENT_3D('',#3972,#3973,#3974);
#3972 = CARTESIAN_POINT('',(12.352905159235,-3.460812022755,
    27.931173325065));
#3973 = DIRECTION('',(0.,0.,1.));
#3974 = DIRECTION('',(1.,0.,0.));
#3975 = ORIENTED_EDGE('',*,*,#3976,.T.);
#3976 = EDGE_CURVE('',#3968,#3977,#3979,.T.);
#3977 = VERTEX_POINT('',#3978);
#3978 = CARTESIAN_POINT('',(12.870122,-3.24967320504,27.931173325065));
#3979 = LINE('',#3980,#3981);
#3980 = CARTESIAN_POINT('',(12.359486005642,-3.218992014876,
    27.931173325065));
#3981 = VECTOR('',#3982,1.);
#3982 = DIRECTION('',(0.998199813046,-5.997610553119E-02,0.));
#3983 = ORIENTED_EDGE('',*,*,#3984,.F.);
#3984 = EDGE_CURVE('',#3985,#3977,#3987,.T.);
#3985 = VERTEX_POINT('',#3986);
#3986 = CARTESIAN_POINT('',(12.870122,3.24967320504,27.931173325065));
#3987 = LINE('',#3988,#3989);
#3988 = CARTESIAN_POINT('',(12.870122,5.530155592836,27.931173325065));
#3989 = VECTOR('',#3990,1.);
#3990 = DIRECTION('',(0.,-1.,0.));
#3991 = ORIENTED_EDGE('',*,*,#3992,.F.);
#3992 = EDGE_CURVE('',#3993,#3985,#3995,.T.);
#3993 = VERTEX_POINT('',#3994);
#3994 = CARTESIAN_POINT('',(12.374482007475,3.219893038676,
    27.931173325065));
#3995 = LINE('',#3996,#3997);
#3996 = CARTESIAN_POINT('',(12.690566120122,3.238884721352,
    27.931173325065));
#3997 = VECTOR('',#3998,1.);
#3998 = DIRECTION('',(0.998199813046,5.997610553119E-02,0.));
#3999 = ORIENTED_EDGE('',*,*,#4000,.F.);
#4000 = EDGE_CURVE('',#4001,#3993,#4003,.T.);
#4001 = VERTEX_POINT('',#4002);
#4002 = CARTESIAN_POINT('',(12.357581274694,3.70265009092,
    27.931173325065));
#4003 = CIRCLE('',#4004,0.241883271992);
#4004 = AXIS2_PLACEMENT_3D('',#4005,#4006,#4007);
#4005 = CARTESIAN_POINT('',(12.352905159235,3.460812022755,
    27.931173325065));
#4006 = DIRECTION('',(0.,0.,1.));
#4007 = DIRECTION('',(1.,0.,0.));
#4008 = ORIENTED_EDGE('',*,*,#4009,.F.);
#4009 = EDGE_CURVE('',#3519,#4001,#4010,.T.);
#4010 = LINE('',#4011,#4012);
#4011 = CARTESIAN_POINT('',(15.641753751014,3.639148220422,
    27.931173325065));
#4012 = VECTOR('',#4013,1.);
#4013 = DIRECTION('',(-0.999813117184,1.93321159433E-02,0.));
#4014 = PLANE('',#4015);
#4015 = AXIS2_PLACEMENT_3D('',#4016,#4017,#4018);
#4016 = CARTESIAN_POINT('',(12.870122,5.530155592836,27.931173325065));
#4017 = DIRECTION('',(0.,0.,1.));
#4018 = DIRECTION('',(0.,-1.,0.));
#4019 = ADVANCED_FACE('',(#4020),#4101,.T.);
#4020 = FACE_BOUND('',#4021,.T.);
#4021 = EDGE_LOOP('',(#4022,#4032,#4040,#4048,#4056,#4064,#4070,#4071,
    #4079,#4085,#4086,#4087,#4095));
#4022 = ORIENTED_EDGE('',*,*,#4023,.F.);
#4023 = EDGE_CURVE('',#4024,#4026,#4028,.T.);
#4024 = VERTEX_POINT('',#4025);
#4025 = CARTESIAN_POINT('',(18.4489,3.58487,28.791648522156));
#4026 = VERTEX_POINT('',#4027);
#4027 = CARTESIAN_POINT('',(12.357581274694,3.70265009092,
    28.791648522156));
#4028 = LINE('',#4029,#4030);
#4029 = CARTESIAN_POINT('',(18.4489,3.58487,28.791648522156));
#4030 = VECTOR('',#4031,1.);
#4031 = DIRECTION('',(-0.999813117184,1.93321159433E-02,0.));
#4032 = ORIENTED_EDGE('',*,*,#4033,.T.);
#4033 = EDGE_CURVE('',#4024,#4034,#4036,.T.);
#4034 = VERTEX_POINT('',#4035);
#4035 = CARTESIAN_POINT('',(18.4489,3.58487,18.191648522156));
#4036 = LINE('',#4037,#4038);
#4037 = CARTESIAN_POINT('',(18.4489,3.58487,28.791648522156));
#4038 = VECTOR('',#4039,1.);
#4039 = DIRECTION('',(-0.,-0.,-1.));
#4040 = ORIENTED_EDGE('',*,*,#4041,.T.);
#4041 = EDGE_CURVE('',#4034,#4042,#4044,.T.);
#4042 = VERTEX_POINT('',#4043);
#4043 = CARTESIAN_POINT('',(13.396629215529,3.682559341041,
    18.191648522156));
#4044 = LINE('',#4045,#4046);
#4045 = CARTESIAN_POINT('',(18.4489,3.58487,18.191648522156));
#4046 = VECTOR('',#4047,1.);
#4047 = DIRECTION('',(-0.999813117184,1.93321159433E-02,0.));
#4048 = ORIENTED_EDGE('',*,*,#4049,.T.);
#4049 = EDGE_CURVE('',#4042,#4050,#4052,.T.);
#4050 = VERTEX_POINT('',#4051);
#4051 = CARTESIAN_POINT('',(12.357581274694,3.70265009092,
    18.191648522156));
#4052 = LINE('',#4053,#4054);
#4053 = CARTESIAN_POINT('',(18.4489,3.58487,18.191648522156));
#4054 = VECTOR('',#4055,1.);
#4055 = DIRECTION('',(-0.999813117184,1.93321159433E-02,0.));
#4056 = ORIENTED_EDGE('',*,*,#4057,.F.);
#4057 = EDGE_CURVE('',#4058,#4050,#4060,.T.);
#4058 = VERTEX_POINT('',#4059);
#4059 = CARTESIAN_POINT('',(12.357581274694,3.70265009092,
    18.759621847221));
#4060 = LINE('',#4061,#4062);
#4061 = CARTESIAN_POINT('',(12.357581274694,3.70265009092,
    28.791648522156));
#4062 = VECTOR('',#4063,1.);
#4063 = DIRECTION('',(-0.,-0.,-1.));
#4064 = ORIENTED_EDGE('',*,*,#4065,.T.);
#4065 = EDGE_CURVE('',#4058,#3420,#4066,.T.);
#4066 = LINE('',#4067,#4068);
#4067 = CARTESIAN_POINT('',(15.745355754419,3.637145000113,
    18.759621847221));
#4068 = VECTOR('',#4069,1.);
#4069 = DIRECTION('',(0.999813117184,-1.93321159433E-02,0.));
#4070 = ORIENTED_EDGE('',*,*,#3419,.T.);
#4071 = ORIENTED_EDGE('',*,*,#4072,.T.);
#4072 = EDGE_CURVE('',#3412,#4073,#4075,.T.);
#4073 = VERTEX_POINT('',#4074);
#4074 = CARTESIAN_POINT('',(12.357581274694,3.70265009092,
    19.091648522156));
#4075 = LINE('',#4076,#4077);
#4076 = CARTESIAN_POINT('',(15.641753751014,3.639148220422,
    19.091648522156));
#4077 = VECTOR('',#4078,1.);
#4078 = DIRECTION('',(-0.999813117184,1.93321159433E-02,0.));
#4079 = ORIENTED_EDGE('',*,*,#4080,.F.);
#4080 = EDGE_CURVE('',#4001,#4073,#4081,.T.);
#4081 = LINE('',#4082,#4083);
#4082 = CARTESIAN_POINT('',(12.357581274694,3.70265009092,
    28.791648522156));
#4083 = VECTOR('',#4084,1.);
#4084 = DIRECTION('',(-0.,-0.,-1.));
#4085 = ORIENTED_EDGE('',*,*,#4009,.F.);
#4086 = ORIENTED_EDGE('',*,*,#3518,.T.);
#4087 = ORIENTED_EDGE('',*,*,#4088,.F.);
#4088 = EDGE_CURVE('',#4089,#3511,#4091,.T.);
#4089 = VERTEX_POINT('',#4090);
#4090 = CARTESIAN_POINT('',(12.357581274694,3.70265009092,28.2632));
#4091 = LINE('',#4092,#4093);
#4092 = CARTESIAN_POINT('',(15.745355754419,3.637145000113,28.2632));
#4093 = VECTOR('',#4094,1.);
#4094 = DIRECTION('',(0.999813117184,-1.93321159433E-02,0.));
#4095 = ORIENTED_EDGE('',*,*,#4096,.F.);
#4096 = EDGE_CURVE('',#4026,#4089,#4097,.T.);
#4097 = LINE('',#4098,#4099);
#4098 = CARTESIAN_POINT('',(12.357581274694,3.70265009092,
    28.791648522156));
#4099 = VECTOR('',#4100,1.);
#4100 = DIRECTION('',(-0.,-0.,-1.));
#4101 = PLANE('',#4102);
#4102 = AXIS2_PLACEMENT_3D('',#4103,#4104,#4105);
#4103 = CARTESIAN_POINT('',(18.4489,3.58487,28.791648522156));
#4104 = DIRECTION('',(1.93321159433E-02,0.999813117184,0.));
#4105 = DIRECTION('',(-0.999813117184,1.93321159433E-02,0.));
#4106 = ADVANCED_FACE('',(#4107),#4168,.F.);
#4107 = FACE_BOUND('',#4108,.F.);
#4108 = EDGE_LOOP('',(#4109,#4110,#4111,#4117,#4118,#4119,#4120,#4129,
    #4137,#4145,#4153,#4162));
#4109 = ORIENTED_EDGE('',*,*,#3493,.F.);
#4110 = ORIENTED_EDGE('',*,*,#3860,.F.);
#4111 = ORIENTED_EDGE('',*,*,#4112,.T.);
#4112 = EDGE_CURVE('',#3852,#3868,#4113,.T.);
#4113 = LINE('',#4114,#4115);
#4114 = CARTESIAN_POINT('',(9.470122,-5.189971346401,28.2632));
#4115 = VECTOR('',#4116,1.);
#4116 = DIRECTION('',(0.,1.,0.));
#4117 = ORIENTED_EDGE('',*,*,#3867,.T.);
#4118 = ORIENTED_EDGE('',*,*,#3510,.F.);
#4119 = ORIENTED_EDGE('',*,*,#4088,.F.);
#4120 = ORIENTED_EDGE('',*,*,#4121,.T.);
#4121 = EDGE_CURVE('',#4089,#4122,#4124,.T.);
#4122 = VERTEX_POINT('',#4123);
#4123 = CARTESIAN_POINT('',(12.374482007475,3.219893038676,28.2632));
#4124 = CIRCLE('',#4125,0.241883271992);
#4125 = AXIS2_PLACEMENT_3D('',#4126,#4127,#4128);
#4126 = CARTESIAN_POINT('',(12.352905159235,3.460812022755,28.2632));
#4127 = DIRECTION('',(0.,0.,1.));
#4128 = DIRECTION('',(1.,0.,0.));
#4129 = ORIENTED_EDGE('',*,*,#4130,.F.);
#4130 = EDGE_CURVE('',#4131,#4122,#4133,.T.);
#4131 = VERTEX_POINT('',#4132);
#4132 = CARTESIAN_POINT('',(12.870122,3.24967320504,28.2632));
#4133 = LINE('',#4134,#4135);
#4134 = CARTESIAN_POINT('',(12.369669104233,3.219603858905,28.2632));
#4135 = VECTOR('',#4136,1.);
#4136 = DIRECTION('',(-0.998199813046,-5.997610553119E-02,-0.));
#4137 = ORIENTED_EDGE('',*,*,#4138,.F.);
#4138 = EDGE_CURVE('',#4139,#4131,#4141,.T.);
#4139 = VERTEX_POINT('',#4140);
#4140 = CARTESIAN_POINT('',(12.870122,-3.24967320504,28.2632));
#4141 = LINE('',#4142,#4143);
#4142 = CARTESIAN_POINT('',(12.870122,-5.189971346401,28.2632));
#4143 = VECTOR('',#4144,1.);
#4144 = DIRECTION('',(0.,1.,0.));
#4145 = ORIENTED_EDGE('',*,*,#4146,.T.);
#4146 = EDGE_CURVE('',#4139,#4147,#4149,.T.);
#4147 = VERTEX_POINT('',#4148);
#4148 = CARTESIAN_POINT('',(12.374482007475,-3.219893038676,28.2632));
#4149 = LINE('',#4150,#4151);
#4150 = CARTESIAN_POINT('',(12.68038302153,-3.238272877322,28.2632));
#4151 = VECTOR('',#4152,1.);
#4152 = DIRECTION('',(-0.998199813046,5.997610553119E-02,0.));
#4153 = ORIENTED_EDGE('',*,*,#4154,.T.);
#4154 = EDGE_CURVE('',#4147,#4155,#4157,.T.);
#4155 = VERTEX_POINT('',#4156);
#4156 = CARTESIAN_POINT('',(12.357581274694,-3.70265009092,28.2632));
#4157 = CIRCLE('',#4158,0.241883271992);
#4158 = AXIS2_PLACEMENT_3D('',#4159,#4160,#4161);
#4159 = CARTESIAN_POINT('',(12.352905159235,-3.460812022755,28.2632));
#4160 = DIRECTION('',(0.,0.,1.));
#4161 = DIRECTION('',(1.,0.,0.));
#4162 = ORIENTED_EDGE('',*,*,#4163,.T.);
#4163 = EDGE_CURVE('',#4155,#3486,#4164,.T.);
#4164 = LINE('',#4165,#4166);
#4165 = CARTESIAN_POINT('',(15.645041377145,-3.639084651772,28.2632));
#4166 = VECTOR('',#4167,1.);
#4167 = DIRECTION('',(0.999813117184,1.93321159433E-02,0.));
#4168 = PLANE('',#4169);
#4169 = AXIS2_PLACEMENT_3D('',#4170,#4171,#4172);
#4170 = CARTESIAN_POINT('',(12.870122,-5.189971346401,28.2632));
#4171 = DIRECTION('',(0.,0.,-1.));
#4172 = DIRECTION('',(0.,1.,0.));
#4173 = ADVANCED_FACE('',(#4174),#4248,.F.);
#4174 = FACE_BOUND('',#4175,.F.);
#4175 = EDGE_LOOP('',(#4176,#4186,#4194,#4202,#4210,#4218,#4224,#4225,
    #4233,#4239,#4240,#4241,#4242));
#4176 = ORIENTED_EDGE('',*,*,#4177,.F.);
#4177 = EDGE_CURVE('',#4178,#4180,#4182,.T.);
#4178 = VERTEX_POINT('',#4179);
#4179 = CARTESIAN_POINT('',(18.4489,-3.58487,28.791648522156));
#4180 = VERTEX_POINT('',#4181);
#4181 = CARTESIAN_POINT('',(12.357581274694,-3.70265009092,
    28.791648522156));
#4182 = LINE('',#4183,#4184);
#4183 = CARTESIAN_POINT('',(18.4489,-3.58487,28.791648522156));
#4184 = VECTOR('',#4185,1.);
#4185 = DIRECTION('',(-0.999813117184,-1.93321159433E-02,0.));
#4186 = ORIENTED_EDGE('',*,*,#4187,.T.);
#4187 = EDGE_CURVE('',#4178,#4188,#4190,.T.);
#4188 = VERTEX_POINT('',#4189);
#4189 = CARTESIAN_POINT('',(18.4489,-3.58487,18.191648522156));
#4190 = LINE('',#4191,#4192);
#4191 = CARTESIAN_POINT('',(18.4489,-3.58487,28.791648522156));
#4192 = VECTOR('',#4193,1.);
#4193 = DIRECTION('',(-0.,-0.,-1.));
#4194 = ORIENTED_EDGE('',*,*,#4195,.T.);
#4195 = EDGE_CURVE('',#4188,#4196,#4198,.T.);
#4196 = VERTEX_POINT('',#4197);
#4197 = CARTESIAN_POINT('',(13.396629215529,-3.682559341041,
    18.191648522156));
#4198 = LINE('',#4199,#4200);
#4199 = CARTESIAN_POINT('',(18.4489,-3.58487,18.191648522156));
#4200 = VECTOR('',#4201,1.);
#4201 = DIRECTION('',(-0.999813117184,-1.93321159433E-02,0.));
#4202 = ORIENTED_EDGE('',*,*,#4203,.T.);
#4203 = EDGE_CURVE('',#4196,#4204,#4206,.T.);
#4204 = VERTEX_POINT('',#4205);
#4205 = CARTESIAN_POINT('',(12.357581274694,-3.70265009092,
    18.191648522156));
#4206 = LINE('',#4207,#4208);
#4207 = CARTESIAN_POINT('',(18.4489,-3.58487,18.191648522156));
#4208 = VECTOR('',#4209,1.);
#4209 = DIRECTION('',(-0.999813117184,-1.93321159433E-02,0.));
#4210 = ORIENTED_EDGE('',*,*,#4211,.F.);
#4211 = EDGE_CURVE('',#4212,#4204,#4214,.T.);
#4212 = VERTEX_POINT('',#4213);
#4213 = CARTESIAN_POINT('',(12.357581274694,-3.70265009092,
    18.759621847221));
#4214 = LINE('',#4215,#4216);
#4215 = CARTESIAN_POINT('',(12.357581274694,-3.70265009092,
    28.791648522156));
#4216 = VECTOR('',#4217,1.);
#4217 = DIRECTION('',(-0.,-0.,-1.));
#4218 = ORIENTED_EDGE('',*,*,#4219,.T.);
#4219 = EDGE_CURVE('',#4212,#3445,#4220,.T.);
#4220 = LINE('',#4221,#4222);
#4221 = CARTESIAN_POINT('',(15.645041377145,-3.639084651772,
    18.759621847221));
#4222 = VECTOR('',#4223,1.);
#4223 = DIRECTION('',(0.999813117184,1.93321159433E-02,0.));
#4224 = ORIENTED_EDGE('',*,*,#3452,.T.);
#4225 = ORIENTED_EDGE('',*,*,#4226,.T.);
#4226 = EDGE_CURVE('',#3453,#4227,#4229,.T.);
#4227 = VERTEX_POINT('',#4228);
#4228 = CARTESIAN_POINT('',(12.357581274694,-3.70265009092,
    19.091648522156));
#4229 = LINE('',#4230,#4231);
#4230 = CARTESIAN_POINT('',(15.74864338055,-3.637081431463,
    19.091648522156));
#4231 = VECTOR('',#4232,1.);
#4232 = DIRECTION('',(-0.999813117184,-1.93321159433E-02,0.));
#4233 = ORIENTED_EDGE('',*,*,#4234,.F.);
#4234 = EDGE_CURVE('',#3960,#4227,#4235,.T.);
#4235 = LINE('',#4236,#4237);
#4236 = CARTESIAN_POINT('',(12.357581274694,-3.70265009092,
    28.791648522156));
#4237 = VECTOR('',#4238,1.);
#4238 = DIRECTION('',(-0.,-0.,-1.));
#4239 = ORIENTED_EDGE('',*,*,#3959,.F.);
#4240 = ORIENTED_EDGE('',*,*,#3485,.T.);
#4241 = ORIENTED_EDGE('',*,*,#4163,.F.);
#4242 = ORIENTED_EDGE('',*,*,#4243,.F.);
#4243 = EDGE_CURVE('',#4180,#4155,#4244,.T.);
#4244 = LINE('',#4245,#4246);
#4245 = CARTESIAN_POINT('',(12.357581274694,-3.70265009092,
    28.791648522156));
#4246 = VECTOR('',#4247,1.);
#4247 = DIRECTION('',(-0.,-0.,-1.));
#4248 = PLANE('',#4249);
#4249 = AXIS2_PLACEMENT_3D('',#4250,#4251,#4252);
#4250 = CARTESIAN_POINT('',(18.4489,-3.58487,28.791648522156));
#4251 = DIRECTION('',(-1.93321159433E-02,0.999813117184,0.));
#4252 = DIRECTION('',(-0.999813117184,-1.93321159433E-02,0.));
#4253 = ADVANCED_FACE('',(#4254),#4308,.T.);
#4254 = FACE_BOUND('',#4255,.T.);
#4255 = EDGE_LOOP('',(#4256,#4257,#4258,#4264,#4265,#4266,#4267,#4276,
    #4284,#4292,#4300,#4307));
#4256 = ORIENTED_EDGE('',*,*,#3411,.F.);
#4257 = ORIENTED_EDGE('',*,*,#3795,.F.);
#4258 = ORIENTED_EDGE('',*,*,#4259,.T.);
#4259 = EDGE_CURVE('',#3796,#3828,#4260,.T.);
#4260 = LINE('',#4261,#4262);
#4261 = CARTESIAN_POINT('',(9.470122,5.530155592836,19.091648522156));
#4262 = VECTOR('',#4263,1.);
#4263 = DIRECTION('',(0.,-1.,0.));
#4264 = ORIENTED_EDGE('',*,*,#3836,.T.);
#4265 = ORIENTED_EDGE('',*,*,#3460,.F.);
#4266 = ORIENTED_EDGE('',*,*,#4226,.T.);
#4267 = ORIENTED_EDGE('',*,*,#4268,.F.);
#4268 = EDGE_CURVE('',#4269,#4227,#4271,.T.);
#4269 = VERTEX_POINT('',#4270);
#4270 = CARTESIAN_POINT('',(12.374482007475,-3.219893038676,
    19.091648522156));
#4271 = CIRCLE('',#4272,0.241883271992);
#4272 = AXIS2_PLACEMENT_3D('',#4273,#4274,#4275);
#4273 = CARTESIAN_POINT('',(12.352905159235,-3.460812022755,
    19.091648522156));
#4274 = DIRECTION('',(0.,0.,1.));
#4275 = DIRECTION('',(1.,0.,0.));
#4276 = ORIENTED_EDGE('',*,*,#4277,.T.);
#4277 = EDGE_CURVE('',#4269,#4278,#4280,.T.);
#4278 = VERTEX_POINT('',#4279);
#4279 = CARTESIAN_POINT('',(12.870122,-3.24967320504,19.091648522156));
#4280 = LINE('',#4281,#4282);
#4281 = CARTESIAN_POINT('',(12.359486005642,-3.218992014876,
    19.091648522156));
#4282 = VECTOR('',#4283,1.);
#4283 = DIRECTION('',(0.998199813046,-5.997610553119E-02,0.));
#4284 = ORIENTED_EDGE('',*,*,#4285,.F.);
#4285 = EDGE_CURVE('',#4286,#4278,#4288,.T.);
#4286 = VERTEX_POINT('',#4287);
#4287 = CARTESIAN_POINT('',(12.870122,3.24967320504,19.091648522156));
#4288 = LINE('',#4289,#4290);
#4289 = CARTESIAN_POINT('',(12.870122,5.530155592836,19.091648522156));
#4290 = VECTOR('',#4291,1.);
#4291 = DIRECTION('',(0.,-1.,0.));
#4292 = ORIENTED_EDGE('',*,*,#4293,.F.);
#4293 = EDGE_CURVE('',#4294,#4286,#4296,.T.);
#4294 = VERTEX_POINT('',#4295);
#4295 = CARTESIAN_POINT('',(12.374482007475,3.219893038676,
    19.091648522156));
#4296 = LINE('',#4297,#4298);
#4297 = CARTESIAN_POINT('',(12.690566120122,3.238884721352,
    19.091648522156));
#4298 = VECTOR('',#4299,1.);
#4299 = DIRECTION('',(0.998199813046,5.997610553119E-02,0.));
#4300 = ORIENTED_EDGE('',*,*,#4301,.F.);
#4301 = EDGE_CURVE('',#4073,#4294,#4302,.T.);
#4302 = CIRCLE('',#4303,0.241883271992);
#4303 = AXIS2_PLACEMENT_3D('',#4304,#4305,#4306);
#4304 = CARTESIAN_POINT('',(12.352905159235,3.460812022755,
    19.091648522156));
#4305 = DIRECTION('',(0.,0.,1.));
#4306 = DIRECTION('',(1.,0.,0.));
#4307 = ORIENTED_EDGE('',*,*,#4072,.F.);
#4308 = PLANE('',#4309);
#4309 = AXIS2_PLACEMENT_3D('',#4310,#4311,#4312);
#4310 = CARTESIAN_POINT('',(12.870122,5.530155592836,19.091648522156));
#4311 = DIRECTION('',(0.,0.,1.));
#4312 = DIRECTION('',(0.,-1.,0.));
#4313 = ADVANCED_FACE('',(#4314,#4368),#4379,.T.);
#4314 = FACE_BOUND('',#4315,.T.);
#4315 = EDGE_LOOP('',(#4316,#4317,#4318,#4324,#4325,#4326,#4327,#4336,
    #4344,#4352,#4360,#4367));
#4316 = ORIENTED_EDGE('',*,*,#3444,.F.);
#4317 = ORIENTED_EDGE('',*,*,#3819,.F.);
#4318 = ORIENTED_EDGE('',*,*,#4319,.T.);
#4319 = EDGE_CURVE('',#3820,#3804,#4320,.T.);
#4320 = LINE('',#4321,#4322);
#4321 = CARTESIAN_POINT('',(9.470122,-5.189971346401,18.759621847221));
#4322 = VECTOR('',#4323,1.);
#4323 = DIRECTION('',(0.,1.,0.));
#4324 = ORIENTED_EDGE('',*,*,#3812,.T.);
#4325 = ORIENTED_EDGE('',*,*,#3427,.F.);
#4326 = ORIENTED_EDGE('',*,*,#4065,.F.);
#4327 = ORIENTED_EDGE('',*,*,#4328,.T.);
#4328 = EDGE_CURVE('',#4058,#4329,#4331,.T.);
#4329 = VERTEX_POINT('',#4330);
#4330 = CARTESIAN_POINT('',(12.374482007475,3.219893038676,
    18.759621847221));
#4331 = CIRCLE('',#4332,0.241883271992);
#4332 = AXIS2_PLACEMENT_3D('',#4333,#4334,#4335);
#4333 = CARTESIAN_POINT('',(12.352905159235,3.460812022755,
    18.759621847221));
#4334 = DIRECTION('',(0.,0.,1.));
#4335 = DIRECTION('',(1.,0.,0.));
#4336 = ORIENTED_EDGE('',*,*,#4337,.F.);
#4337 = EDGE_CURVE('',#4338,#4329,#4340,.T.);
#4338 = VERTEX_POINT('',#4339);
#4339 = CARTESIAN_POINT('',(12.870122,3.24967320504,18.759621847221));
#4340 = LINE('',#4341,#4342);
#4341 = CARTESIAN_POINT('',(12.369669104233,3.219603858905,
    18.759621847221));
#4342 = VECTOR('',#4343,1.);
#4343 = DIRECTION('',(-0.998199813046,-5.997610553119E-02,-0.));
#4344 = ORIENTED_EDGE('',*,*,#4345,.F.);
#4345 = EDGE_CURVE('',#4346,#4338,#4348,.T.);
#4346 = VERTEX_POINT('',#4347);
#4347 = CARTESIAN_POINT('',(12.870122,-3.24967320504,18.759621847221));
#4348 = LINE('',#4349,#4350);
#4349 = CARTESIAN_POINT('',(12.870122,-5.189971346401,18.759621847221));
#4350 = VECTOR('',#4351,1.);
#4351 = DIRECTION('',(0.,1.,0.));
#4352 = ORIENTED_EDGE('',*,*,#4353,.T.);
#4353 = EDGE_CURVE('',#4346,#4354,#4356,.T.);
#4354 = VERTEX_POINT('',#4355);
#4355 = CARTESIAN_POINT('',(12.374482007475,-3.219893038676,
    18.759621847221));
#4356 = LINE('',#4357,#4358);
#4357 = CARTESIAN_POINT('',(12.68038302153,-3.238272877322,
    18.759621847221));
#4358 = VECTOR('',#4359,1.);
#4359 = DIRECTION('',(-0.998199813046,5.997610553119E-02,0.));
#4360 = ORIENTED_EDGE('',*,*,#4361,.T.);
#4361 = EDGE_CURVE('',#4354,#4212,#4362,.T.);
#4362 = CIRCLE('',#4363,0.241883271992);
#4363 = AXIS2_PLACEMENT_3D('',#4364,#4365,#4366);
#4364 = CARTESIAN_POINT('',(12.352905159235,-3.460812022755,
    18.759621847221));
#4365 = DIRECTION('',(0.,0.,1.));
#4366 = DIRECTION('',(1.,0.,0.));
#4367 = ORIENTED_EDGE('',*,*,#4219,.T.);
#4368 = FACE_BOUND('',#4369,.T.);
#4369 = EDGE_LOOP('',(#4370));
#4370 = ORIENTED_EDGE('',*,*,#4371,.F.);
#4371 = EDGE_CURVE('',#4372,#4372,#4374,.T.);
#4372 = VERTEX_POINT('',#4373);
#4373 = CARTESIAN_POINT('',(12.217868,0.,18.759621847221));
#4374 = CIRCLE('',#4375,0.931798);
#4375 = AXIS2_PLACEMENT_3D('',#4376,#4377,#4378);
#4376 = CARTESIAN_POINT('',(11.28607,0.,18.759621847221));
#4377 = DIRECTION('',(0.,0.,-1.));
#4378 = DIRECTION('',(1.,0.,0.));
#4379 = PLANE('',#4380);
#4380 = AXIS2_PLACEMENT_3D('',#4381,#4382,#4383);
#4381 = CARTESIAN_POINT('',(12.870122,-5.189971346401,18.759621847221));
#4382 = DIRECTION('',(0.,0.,-1.));
#4383 = DIRECTION('',(0.,1.,0.));
#4384 = ADVANCED_FACE('',(#4385),#4403,.T.);
#4385 = FACE_BOUND('',#4386,.F.);
#4386 = EDGE_LOOP('',(#4387,#4394,#4395,#4402));
#4387 = ORIENTED_EDGE('',*,*,#4388,.T.);
#4388 = EDGE_CURVE('',#3745,#3642,#4389,.T.);
#4389 = ELLIPSE('',#4390,2.262741699797,1.6);
#4390 = AXIS2_PLACEMENT_3D('',#4391,#4392,#4393);
#4391 = CARTESIAN_POINT('',(14.217874,9.234984956644,0.7));
#4392 = DIRECTION('',(0.707106781187,-0.707106781187,0.));
#4393 = DIRECTION('',(-0.707106781187,-0.707106781187,0.));
#4394 = ORIENTED_EDGE('',*,*,#3649,.T.);
#4395 = ORIENTED_EDGE('',*,*,#4396,.F.);
#4396 = EDGE_CURVE('',#3747,#3650,#4397,.T.);
#4397 = CIRCLE('',#4398,1.6);
#4398 = AXIS2_PLACEMENT_3D('',#4399,#4400,#4401);
#4399 = CARTESIAN_POINT('',(-17.429424,9.234984956644,0.7));
#4400 = DIRECTION('',(1.,-0.,0.));
#4401 = DIRECTION('',(0.,0.,-1.));
#4402 = ORIENTED_EDGE('',*,*,#3744,.F.);
#4403 = CYLINDRICAL_SURFACE('',#4404,1.6);
#4404 = AXIS2_PLACEMENT_3D('',#4405,#4406,#4407);
#4405 = CARTESIAN_POINT('',(15.817874,9.234984956644,0.7));
#4406 = DIRECTION('',(-1.,-0.,-0.));
#4407 = DIRECTION('',(0.,0.,-1.));
#4408 = ADVANCED_FACE('',(#4409),#4421,.T.);
#4409 = FACE_BOUND('',#4410,.T.);
#4410 = EDGE_LOOP('',(#4411,#4412,#4413,#4420));
#4411 = ORIENTED_EDGE('',*,*,#4396,.F.);
#4412 = ORIENTED_EDGE('',*,*,#3754,.T.);
#4413 = ORIENTED_EDGE('',*,*,#4414,.T.);
#4414 = EDGE_CURVE('',#3755,#3675,#4415,.T.);
#4415 = CIRCLE('',#4416,1.6);
#4416 = AXIS2_PLACEMENT_3D('',#4417,#4418,#4419);
#4417 = CARTESIAN_POINT('',(-17.429424,-9.234984956644,0.7));
#4418 = DIRECTION('',(-1.,2.4E-16,0.));
#4419 = DIRECTION('',(-2.4E-16,-1.,0.));
#4420 = ORIENTED_EDGE('',*,*,#3682,.F.);
#4421 = TOROIDAL_SURFACE('',#4422,9.234984956644,1.6);
#4422 = AXIS2_PLACEMENT_3D('',#4423,#4424,#4425);
#4423 = CARTESIAN_POINT('',(-17.429424,0.,0.7));
#4424 = DIRECTION('',(0.,0.,1.));
#4425 = DIRECTION('',(-3.3E-16,1.,0.));
#4426 = ADVANCED_FACE('',(#4427),#4439,.T.);
#4427 = FACE_BOUND('',#4428,.F.);
#4428 = EDGE_LOOP('',(#4429,#4430,#4431,#4438));
#4429 = ORIENTED_EDGE('',*,*,#4414,.T.);
#4430 = ORIENTED_EDGE('',*,*,#3707,.T.);
#4431 = ORIENTED_EDGE('',*,*,#4432,.F.);
#4432 = EDGE_CURVE('',#3764,#3698,#4433,.T.);
#4433 = ELLIPSE('',#4434,2.262741699797,1.6);
#4434 = AXIS2_PLACEMENT_3D('',#4435,#4436,#4437);
#4435 = CARTESIAN_POINT('',(14.217874,-9.234984956644,0.7));
#4436 = DIRECTION('',(-0.707106781187,-0.707106781187,0.));
#4437 = DIRECTION('',(0.707106781187,-0.707106781187,0.));
#4438 = ORIENTED_EDGE('',*,*,#3763,.F.);
#4439 = CYLINDRICAL_SURFACE('',#4440,1.6);
#4440 = AXIS2_PLACEMENT_3D('',#4441,#4442,#4443);
#4441 = CARTESIAN_POINT('',(-17.429424,-9.234984956644,0.7));
#4442 = DIRECTION('',(1.,0.,0.));
#4443 = DIRECTION('',(-0.,-0.,-1.));
#4444 = ADVANCED_FACE('',(#4445),#4451,.T.);
#4445 = FACE_BOUND('',#4446,.T.);
#4446 = EDGE_LOOP('',(#4447,#4448,#4449,#4450));
#4447 = ORIENTED_EDGE('',*,*,#4388,.T.);
#4448 = ORIENTED_EDGE('',*,*,#3724,.T.);
#4449 = ORIENTED_EDGE('',*,*,#4432,.F.);
#4450 = ORIENTED_EDGE('',*,*,#3771,.F.);
#4451 = CYLINDRICAL_SURFACE('',#4452,1.6);
#4452 = AXIS2_PLACEMENT_3D('',#4453,#4454,#4455);
#4453 = CARTESIAN_POINT('',(14.217874,10.834984956644,0.7));
#4454 = DIRECTION('',(0.,-1.,0.));
#4455 = DIRECTION('',(-0.,-0.,-1.));
#4456 = ADVANCED_FACE('',(#4457),#4463,.F.);
#4457 = FACE_BOUND('',#4458,.F.);
#4458 = EDGE_LOOP('',(#4459,#4460,#4461,#4462));
#4459 = ORIENTED_EDGE('',*,*,#4112,.F.);
#4460 = ORIENTED_EDGE('',*,*,#3851,.T.);
#4461 = ORIENTED_EDGE('',*,*,#3951,.F.);
#4462 = ORIENTED_EDGE('',*,*,#3875,.T.);
#4463 = PLANE('',#4464);
#4464 = AXIS2_PLACEMENT_3D('',#4465,#4466,#4467);
#4465 = CARTESIAN_POINT('',(9.470122,1.303932679956E-02,23.51141092361)
  );
#4466 = DIRECTION('',(1.,0.,0.));
#4467 = DIRECTION('',(0.,0.,1.));
#4468 = ADVANCED_FACE('',(#4469),#4475,.F.);
#4469 = FACE_BOUND('',#4470,.F.);
#4470 = EDGE_LOOP('',(#4471,#4472,#4473,#4474));
#4471 = ORIENTED_EDGE('',*,*,#3803,.T.);
#4472 = ORIENTED_EDGE('',*,*,#4259,.T.);
#4473 = ORIENTED_EDGE('',*,*,#3827,.T.);
#4474 = ORIENTED_EDGE('',*,*,#4319,.T.);
#4475 = PLANE('',#4476);
#4476 = AXIS2_PLACEMENT_3D('',#4477,#4478,#4479);
#4477 = CARTESIAN_POINT('',(9.470122,1.303932679956E-02,23.51141092361)
  );
#4478 = DIRECTION('',(1.,0.,0.));
#4479 = DIRECTION('',(0.,0.,1.));
#4480 = ADVANCED_FACE('',(#4481,#4492),#4528,.T.);
#4481 = FACE_BOUND('',#4482,.F.);
#4482 = EDGE_LOOP('',(#4483,#4489,#4490,#4491));
#4483 = ORIENTED_EDGE('',*,*,#4484,.F.);
#4484 = EDGE_CURVE('',#4372,#3893,#4485,.T.);
#4485 = LINE('',#4486,#4487);
#4486 = CARTESIAN_POINT('',(12.217868,0.,18.759621847221));
#4487 = VECTOR('',#4488,1.);
#4488 = DIRECTION('',(0.,0.,-1.));
#4489 = ORIENTED_EDGE('',*,*,#4371,.F.);
#4490 = ORIENTED_EDGE('',*,*,#4484,.T.);
#4491 = ORIENTED_EDGE('',*,*,#3892,.T.);
#4492 = FACE_BOUND('',#4493,.F.);
#4493 = EDGE_LOOP('',(#4494,#4504,#4513,#4521));
#4494 = ORIENTED_EDGE('',*,*,#4495,.F.);
#4495 = EDGE_CURVE('',#4496,#4498,#4500,.T.);
#4496 = VERTEX_POINT('',#4497);
#4497 = CARTESIAN_POINT('',(11.660381222014,-0.853310390115,
    17.791648522156));
#4498 = VERTEX_POINT('',#4499);
#4499 = CARTESIAN_POINT('',(11.660381222014,-0.853310390115,
    18.191648522156));
#4500 = LINE('',#4501,#4502);
#4501 = CARTESIAN_POINT('',(11.660381222014,-0.853310390115,
    18.759621847221));
#4502 = VECTOR('',#4503,1.);
#4503 = DIRECTION('',(0.,0.,1.));
#4504 = ORIENTED_EDGE('',*,*,#4505,.T.);
#4505 = EDGE_CURVE('',#4496,#4506,#4508,.T.);
#4506 = VERTEX_POINT('',#4507);
#4507 = CARTESIAN_POINT('',(12.148429097083,-0.352965013113,
    17.791648522156));
#4508 = CIRCLE('',#4509,0.931798);
#4509 = AXIS2_PLACEMENT_3D('',#4510,#4511,#4512);
#4510 = CARTESIAN_POINT('',(11.28607,0.,17.791648522156));
#4511 = DIRECTION('',(0.,0.,1.));
#4512 = DIRECTION('',(1.,0.,0.));
#4513 = ORIENTED_EDGE('',*,*,#4514,.T.);
#4514 = EDGE_CURVE('',#4506,#4515,#4517,.T.);
#4515 = VERTEX_POINT('',#4516);
#4516 = CARTESIAN_POINT('',(12.148429097083,-0.352965013113,
    18.191648522156));
#4517 = LINE('',#4518,#4519);
#4518 = CARTESIAN_POINT('',(12.148429097083,-0.352965013113,
    18.759621847221));
#4519 = VECTOR('',#4520,1.);
#4520 = DIRECTION('',(0.,0.,1.));
#4521 = ORIENTED_EDGE('',*,*,#4522,.F.);
#4522 = EDGE_CURVE('',#4498,#4515,#4523,.T.);
#4523 = CIRCLE('',#4524,0.931798);
#4524 = AXIS2_PLACEMENT_3D('',#4525,#4526,#4527);
#4525 = CARTESIAN_POINT('',(11.28607,0.,18.191648522156));
#4526 = DIRECTION('',(0.,0.,1.));
#4527 = DIRECTION('',(1.,0.,0.));
#4528 = CYLINDRICAL_SURFACE('',#4529,0.931798);
#4529 = AXIS2_PLACEMENT_3D('',#4530,#4531,#4532);
#4530 = CARTESIAN_POINT('',(11.28607,0.,18.759621847221));
#4531 = DIRECTION('',(0.,0.,1.));
#4532 = DIRECTION('',(1.,0.,0.));
#4533 = ADVANCED_FACE('',(#4534),#4545,.T.);
#4534 = FACE_BOUND('',#4535,.T.);
#4535 = EDGE_LOOP('',(#4536,#4537,#4538,#4539));
#4536 = ORIENTED_EDGE('',*,*,#4000,.F.);
#4537 = ORIENTED_EDGE('',*,*,#4080,.T.);
#4538 = ORIENTED_EDGE('',*,*,#4301,.T.);
#4539 = ORIENTED_EDGE('',*,*,#4540,.F.);
#4540 = EDGE_CURVE('',#3993,#4294,#4541,.T.);
#4541 = LINE('',#4542,#4543);
#4542 = CARTESIAN_POINT('',(12.374482007475,3.219893038676,
    28.791648522156));
#4543 = VECTOR('',#4544,1.);
#4544 = DIRECTION('',(-0.,-0.,-1.));
#4545 = CYLINDRICAL_SURFACE('',#4546,0.241883271992);
#4546 = AXIS2_PLACEMENT_3D('',#4547,#4548,#4549);
#4547 = CARTESIAN_POINT('',(12.352905159235,3.460812022755,
    28.791648522156));
#4548 = DIRECTION('',(0.,0.,1.));
#4549 = DIRECTION('',(1.,0.,0.));
#4550 = ADVANCED_FACE('',(#4551),#4607,.T.);
#4551 = FACE_BOUND('',#4552,.T.);
#4552 = EDGE_LOOP('',(#4553,#4561,#4567,#4568,#4574,#4575,#4576,#4577,
    #4583,#4584,#4592,#4600,#4606));
#4553 = ORIENTED_EDGE('',*,*,#4554,.F.);
#4554 = EDGE_CURVE('',#4555,#4024,#4557,.T.);
#4555 = VERTEX_POINT('',#4556);
#4556 = CARTESIAN_POINT('',(12.374482007475,3.219893038676,
    28.791648522156));
#4557 = LINE('',#4558,#4559);
#4558 = CARTESIAN_POINT('',(12.374482007475,3.219893038676,
    28.791648522156));
#4559 = VECTOR('',#4560,1.);
#4560 = DIRECTION('',(0.998199813046,5.997610553119E-02,0.));
#4561 = ORIENTED_EDGE('',*,*,#4562,.T.);
#4562 = EDGE_CURVE('',#4555,#4122,#4563,.T.);
#4563 = LINE('',#4564,#4565);
#4564 = CARTESIAN_POINT('',(12.374482007475,3.219893038676,
    28.791648522156));
#4565 = VECTOR('',#4566,1.);
#4566 = DIRECTION('',(-0.,-0.,-1.));
#4567 = ORIENTED_EDGE('',*,*,#4130,.F.);
#4568 = ORIENTED_EDGE('',*,*,#4569,.T.);
#4569 = EDGE_CURVE('',#4131,#3985,#4570,.T.);
#4570 = LINE('',#4571,#4572);
#4571 = CARTESIAN_POINT('',(12.870122,3.24967320504,26.151529722883));
#4572 = VECTOR('',#4573,1.);
#4573 = DIRECTION('',(0.,0.,-1.));
#4574 = ORIENTED_EDGE('',*,*,#3992,.F.);
#4575 = ORIENTED_EDGE('',*,*,#4540,.T.);
#4576 = ORIENTED_EDGE('',*,*,#4293,.T.);
#4577 = ORIENTED_EDGE('',*,*,#4578,.T.);
#4578 = EDGE_CURVE('',#4286,#4338,#4579,.T.);
#4579 = LINE('',#4580,#4581);
#4580 = CARTESIAN_POINT('',(12.870122,3.24967320504,26.151529722883));
#4581 = VECTOR('',#4582,1.);
#4582 = DIRECTION('',(0.,0.,-1.));
#4583 = ORIENTED_EDGE('',*,*,#4337,.T.);
#4584 = ORIENTED_EDGE('',*,*,#4585,.T.);
#4585 = EDGE_CURVE('',#4329,#4586,#4588,.T.);
#4586 = VERTEX_POINT('',#4587);
#4587 = CARTESIAN_POINT('',(12.374482007475,3.219893038676,
    18.191648522156));
#4588 = LINE('',#4589,#4590);
#4589 = CARTESIAN_POINT('',(12.374482007475,3.219893038676,
    28.791648522156));
#4590 = VECTOR('',#4591,1.);
#4591 = DIRECTION('',(-0.,-0.,-1.));
#4592 = ORIENTED_EDGE('',*,*,#4593,.T.);
#4593 = EDGE_CURVE('',#4586,#4594,#4596,.T.);
#4594 = VERTEX_POINT('',#4595);
#4595 = CARTESIAN_POINT('',(13.444009334774,3.284154805721,
    18.191648522156));
#4596 = LINE('',#4597,#4598);
#4597 = CARTESIAN_POINT('',(12.374482007475,3.219893038676,
    18.191648522156));
#4598 = VECTOR('',#4599,1.);
#4599 = DIRECTION('',(0.998199813046,5.997610553119E-02,0.));
#4600 = ORIENTED_EDGE('',*,*,#4601,.T.);
#4601 = EDGE_CURVE('',#4594,#4034,#4602,.T.);
#4602 = LINE('',#4603,#4604);
#4603 = CARTESIAN_POINT('',(12.374482007475,3.219893038676,
    18.191648522156));
#4604 = VECTOR('',#4605,1.);
#4605 = DIRECTION('',(0.998199813046,5.997610553119E-02,0.));
#4606 = ORIENTED_EDGE('',*,*,#4033,.F.);
#4607 = PLANE('',#4608);
#4608 = AXIS2_PLACEMENT_3D('',#4609,#4610,#4611);
#4609 = CARTESIAN_POINT('',(12.374482007475,3.219893038676,
    28.791648522156));
#4610 = DIRECTION('',(5.997610553119E-02,-0.998199813046,0.));
#4611 = DIRECTION('',(0.998199813046,5.997610553119E-02,0.));
#4612 = ADVANCED_FACE('',(#4613),#4624,.T.);
#4613 = FACE_BOUND('',#4614,.T.);
#4614 = EDGE_LOOP('',(#4615,#4616,#4617,#4618));
#4615 = ORIENTED_EDGE('',*,*,#3984,.F.);
#4616 = ORIENTED_EDGE('',*,*,#4569,.F.);
#4617 = ORIENTED_EDGE('',*,*,#4138,.F.);
#4618 = ORIENTED_EDGE('',*,*,#4619,.T.);
#4619 = EDGE_CURVE('',#4139,#3977,#4620,.T.);
#4620 = LINE('',#4621,#4622);
#4621 = CARTESIAN_POINT('',(12.870122,-3.24967320504,26.151529722883));
#4622 = VECTOR('',#4623,1.);
#4623 = DIRECTION('',(0.,0.,-1.));
#4624 = PLANE('',#4625);
#4625 = AXIS2_PLACEMENT_3D('',#4626,#4627,#4628);
#4626 = CARTESIAN_POINT('',(12.870122,-5.619616983039E-16,23.51141092361
    ));
#4627 = DIRECTION('',(1.,0.,0.));
#4628 = DIRECTION('',(0.,0.,1.));
#4629 = ADVANCED_FACE('',(#4630),#4686,.F.);
#4630 = FACE_BOUND('',#4631,.F.);
#4631 = EDGE_LOOP('',(#4632,#4640,#4646,#4647,#4648,#4649,#4655,#4656,
    #4662,#4663,#4671,#4679,#4685));
#4632 = ORIENTED_EDGE('',*,*,#4633,.F.);
#4633 = EDGE_CURVE('',#4634,#4178,#4636,.T.);
#4634 = VERTEX_POINT('',#4635);
#4635 = CARTESIAN_POINT('',(12.374482007475,-3.219893038676,
    28.791648522156));
#4636 = LINE('',#4637,#4638);
#4637 = CARTESIAN_POINT('',(12.374482007475,-3.219893038676,
    28.791648522156));
#4638 = VECTOR('',#4639,1.);
#4639 = DIRECTION('',(0.998199813046,-5.997610553119E-02,0.));
#4640 = ORIENTED_EDGE('',*,*,#4641,.T.);
#4641 = EDGE_CURVE('',#4634,#4147,#4642,.T.);
#4642 = LINE('',#4643,#4644);
#4643 = CARTESIAN_POINT('',(12.374482007475,-3.219893038676,
    28.791648522156));
#4644 = VECTOR('',#4645,1.);
#4645 = DIRECTION('',(-0.,-0.,-1.));
#4646 = ORIENTED_EDGE('',*,*,#4146,.F.);
#4647 = ORIENTED_EDGE('',*,*,#4619,.T.);
#4648 = ORIENTED_EDGE('',*,*,#3976,.F.);
#4649 = ORIENTED_EDGE('',*,*,#4650,.T.);
#4650 = EDGE_CURVE('',#3968,#4269,#4651,.T.);
#4651 = LINE('',#4652,#4653);
#4652 = CARTESIAN_POINT('',(12.374482007475,-3.219893038676,
    28.791648522156));
#4653 = VECTOR('',#4654,1.);
#4654 = DIRECTION('',(-0.,-0.,-1.));
#4655 = ORIENTED_EDGE('',*,*,#4277,.T.);
#4656 = ORIENTED_EDGE('',*,*,#4657,.T.);
#4657 = EDGE_CURVE('',#4278,#4346,#4658,.T.);
#4658 = LINE('',#4659,#4660);
#4659 = CARTESIAN_POINT('',(12.870122,-3.24967320504,26.151529722883));
#4660 = VECTOR('',#4661,1.);
#4661 = DIRECTION('',(0.,0.,-1.));
#4662 = ORIENTED_EDGE('',*,*,#4353,.T.);
#4663 = ORIENTED_EDGE('',*,*,#4664,.T.);
#4664 = EDGE_CURVE('',#4354,#4665,#4667,.T.);
#4665 = VERTEX_POINT('',#4666);
#4666 = CARTESIAN_POINT('',(12.374482007475,-3.219893038676,
    18.191648522156));
#4667 = LINE('',#4668,#4669);
#4668 = CARTESIAN_POINT('',(12.374482007475,-3.219893038676,
    28.791648522156));
#4669 = VECTOR('',#4670,1.);
#4670 = DIRECTION('',(-0.,-0.,-1.));
#4671 = ORIENTED_EDGE('',*,*,#4672,.T.);
#4672 = EDGE_CURVE('',#4665,#4673,#4675,.T.);
#4673 = VERTEX_POINT('',#4674);
#4674 = CARTESIAN_POINT('',(13.444009334774,-3.284154805721,
    18.191648522156));
#4675 = LINE('',#4676,#4677);
#4676 = CARTESIAN_POINT('',(12.374482007475,-3.219893038676,
    18.191648522156));
#4677 = VECTOR('',#4678,1.);
#4678 = DIRECTION('',(0.998199813046,-5.997610553119E-02,0.));
#4679 = ORIENTED_EDGE('',*,*,#4680,.T.);
#4680 = EDGE_CURVE('',#4673,#4188,#4681,.T.);
#4681 = LINE('',#4682,#4683);
#4682 = CARTESIAN_POINT('',(12.374482007475,-3.219893038676,
    18.191648522156));
#4683 = VECTOR('',#4684,1.);
#4684 = DIRECTION('',(0.998199813046,-5.997610553119E-02,0.));
#4685 = ORIENTED_EDGE('',*,*,#4187,.F.);
#4686 = PLANE('',#4687);
#4687 = AXIS2_PLACEMENT_3D('',#4688,#4689,#4690);
#4688 = CARTESIAN_POINT('',(12.374482007475,-3.219893038676,
    28.791648522156));
#4689 = DIRECTION('',(-5.997610553119E-02,-0.998199813046,0.));
#4690 = DIRECTION('',(0.998199813046,-5.997610553119E-02,0.));
#4691 = ADVANCED_FACE('',(#4692),#4698,.T.);
#4692 = FACE_BOUND('',#4693,.T.);
#4693 = EDGE_LOOP('',(#4694,#4695,#4696,#4697));
#4694 = ORIENTED_EDGE('',*,*,#3967,.F.);
#4695 = ORIENTED_EDGE('',*,*,#4650,.T.);
#4696 = ORIENTED_EDGE('',*,*,#4268,.T.);
#4697 = ORIENTED_EDGE('',*,*,#4234,.F.);
#4698 = CYLINDRICAL_SURFACE('',#4699,0.241883271992);
#4699 = AXIS2_PLACEMENT_3D('',#4700,#4701,#4702);
#4700 = CARTESIAN_POINT('',(12.352905159235,-3.460812022755,
    28.791648522156));
#4701 = DIRECTION('',(0.,0.,1.));
#4702 = DIRECTION('',(1.,0.,0.));
#4703 = ADVANCED_FACE('',(#4704),#4715,.T.);
#4704 = FACE_BOUND('',#4705,.T.);
#4705 = EDGE_LOOP('',(#4706,#4707,#4708));
#4706 = ORIENTED_EDGE('',*,*,#4554,.T.);
#4707 = ORIENTED_EDGE('',*,*,#4023,.T.);
#4708 = ORIENTED_EDGE('',*,*,#4709,.T.);
#4709 = EDGE_CURVE('',#4026,#4555,#4710,.T.);
#4710 = CIRCLE('',#4711,0.241883271992);
#4711 = AXIS2_PLACEMENT_3D('',#4712,#4713,#4714);
#4712 = CARTESIAN_POINT('',(12.352905159235,3.460812022755,
    28.791648522156));
#4713 = DIRECTION('',(0.,0.,1.));
#4714 = DIRECTION('',(1.,0.,0.));
#4715 = PLANE('',#4716);
#4716 = AXIS2_PLACEMENT_3D('',#4717,#4718,#4719);
#4717 = CARTESIAN_POINT('',(15.222895270751,-1.438655596209E-16,
    28.791648522156));
#4718 = DIRECTION('',(0.,0.,1.));
#4719 = DIRECTION('',(1.,0.,0.));
#4720 = ADVANCED_FACE('',(#4721),#4727,.T.);
#4721 = FACE_BOUND('',#4722,.T.);
#4722 = EDGE_LOOP('',(#4723,#4724,#4725,#4726));
#4723 = ORIENTED_EDGE('',*,*,#4709,.F.);
#4724 = ORIENTED_EDGE('',*,*,#4096,.T.);
#4725 = ORIENTED_EDGE('',*,*,#4121,.T.);
#4726 = ORIENTED_EDGE('',*,*,#4562,.F.);
#4727 = CYLINDRICAL_SURFACE('',#4728,0.241883271992);
#4728 = AXIS2_PLACEMENT_3D('',#4729,#4730,#4731);
#4729 = CARTESIAN_POINT('',(12.352905159235,3.460812022755,
    28.791648522156));
#4730 = DIRECTION('',(0.,0.,1.));
#4731 = DIRECTION('',(1.,0.,0.));
#4732 = ADVANCED_FACE('',(#4733),#4745,.T.);
#4733 = FACE_BOUND('',#4734,.T.);
#4734 = EDGE_LOOP('',(#4735,#4736,#4737,#4744));
#4735 = ORIENTED_EDGE('',*,*,#4328,.F.);
#4736 = ORIENTED_EDGE('',*,*,#4057,.T.);
#4737 = ORIENTED_EDGE('',*,*,#4738,.T.);
#4738 = EDGE_CURVE('',#4050,#4586,#4739,.T.);
#4739 = CIRCLE('',#4740,0.241883271992);
#4740 = AXIS2_PLACEMENT_3D('',#4741,#4742,#4743);
#4741 = CARTESIAN_POINT('',(12.352905159235,3.460812022755,
    18.191648522156));
#4742 = DIRECTION('',(0.,0.,1.));
#4743 = DIRECTION('',(1.,0.,0.));
#4744 = ORIENTED_EDGE('',*,*,#4585,.F.);
#4745 = CYLINDRICAL_SURFACE('',#4746,0.241883271992);
#4746 = AXIS2_PLACEMENT_3D('',#4747,#4748,#4749);
#4747 = CARTESIAN_POINT('',(12.352905159235,3.460812022755,
    28.791648522156));
#4748 = DIRECTION('',(0.,0.,1.));
#4749 = DIRECTION('',(1.,0.,0.));
#4750 = ADVANCED_FACE('',(#4751),#4796,.T.);
#4751 = FACE_BOUND('',#4752,.T.);
#4752 = EDGE_LOOP('',(#4753,#4762,#4770,#4779,#4787,#4794,#4795));
#4753 = ORIENTED_EDGE('',*,*,#4754,.F.);
#4754 = EDGE_CURVE('',#4755,#4594,#4757,.T.);
#4755 = VERTEX_POINT('',#4756);
#4756 = CARTESIAN_POINT('',(13.845115923374,3.065562243467,
    18.191648522156));
#4757 = CIRCLE('',#4758,0.467720054932);
#4758 = AXIS2_PLACEMENT_3D('',#4759,#4760,#4761);
#4759 = CARTESIAN_POINT('',(13.8398781946,3.533252970318,18.191648522156
    ));
#4760 = DIRECTION('',(0.,0.,-1.));
#4761 = DIRECTION('',(1.,0.,0.));
#4762 = ORIENTED_EDGE('',*,*,#4763,.T.);
#4763 = EDGE_CURVE('',#4755,#4764,#4766,.T.);
#4764 = VERTEX_POINT('',#4765);
#4765 = CARTESIAN_POINT('',(18.454137728774,3.117179273148,
    18.191648522156));
#4766 = LINE('',#4767,#4768);
#4767 = CARTESIAN_POINT('',(13.845115923374,3.065562243467,
    18.191648522156));
#4768 = VECTOR('',#4769,1.);
#4769 = DIRECTION('',(0.999937295653,1.119842674838E-02,0.));
#4770 = ORIENTED_EDGE('',*,*,#4771,.F.);
#4771 = EDGE_CURVE('',#4772,#4764,#4774,.T.);
#4772 = VERTEX_POINT('',#4773);
#4773 = CARTESIAN_POINT('',(18.443662271226,4.052560726852,
    18.191648522156));
#4774 = CIRCLE('',#4775,0.467720054932);
#4775 = AXIS2_PLACEMENT_3D('',#4776,#4777,#4778);
#4776 = CARTESIAN_POINT('',(18.4489,3.58487,18.191648522156));
#4777 = DIRECTION('',(0.,0.,-1.));
#4778 = DIRECTION('',(1.,0.,0.));
#4779 = ORIENTED_EDGE('',*,*,#4780,.F.);
#4780 = EDGE_CURVE('',#4781,#4772,#4783,.T.);
#4781 = VERTEX_POINT('',#4782);
#4782 = CARTESIAN_POINT('',(13.834640465826,4.00094369717,
    18.191648522156));
#4783 = LINE('',#4784,#4785);
#4784 = CARTESIAN_POINT('',(13.834640465826,4.00094369717,
    18.191648522156));
#4785 = VECTOR('',#4786,1.);
#4786 = DIRECTION('',(0.999937295653,1.119842674838E-02,0.));
#4787 = ORIENTED_EDGE('',*,*,#4788,.F.);
#4788 = EDGE_CURVE('',#4042,#4781,#4789,.T.);
#4789 = CIRCLE('',#4790,0.467720054932);
#4790 = AXIS2_PLACEMENT_3D('',#4791,#4792,#4793);
#4791 = CARTESIAN_POINT('',(13.8398781946,3.533252970318,18.191648522156
    ));
#4792 = DIRECTION('',(0.,0.,-1.));
#4793 = DIRECTION('',(1.,0.,0.));
#4794 = ORIENTED_EDGE('',*,*,#4041,.F.);
#4795 = ORIENTED_EDGE('',*,*,#4601,.F.);
#4796 = PLANE('',#4797);
#4797 = AXIS2_PLACEMENT_3D('',#4798,#4799,#4800);
#4798 = CARTESIAN_POINT('',(16.1443890973,0.,18.191648522156));
#4799 = DIRECTION('',(0.,0.,1.));
#4800 = DIRECTION('',(1.,0.,0.));
#4801 = ADVANCED_FACE('',(#4802),#4814,.F.);
#4802 = FACE_BOUND('',#4803,.F.);
#4803 = EDGE_LOOP('',(#4804,#4805,#4806,#4813));
#4804 = ORIENTED_EDGE('',*,*,#4738,.T.);
#4805 = ORIENTED_EDGE('',*,*,#4593,.T.);
#4806 = ORIENTED_EDGE('',*,*,#4807,.T.);
#4807 = EDGE_CURVE('',#4594,#4042,#4808,.T.);
#4808 = CIRCLE('',#4809,0.467720054932);
#4809 = AXIS2_PLACEMENT_3D('',#4810,#4811,#4812);
#4810 = CARTESIAN_POINT('',(13.8398781946,3.533252970318,18.191648522156
    ));
#4811 = DIRECTION('',(0.,0.,-1.));
#4812 = DIRECTION('',(1.,0.,0.));
#4813 = ORIENTED_EDGE('',*,*,#4049,.T.);
#4814 = PLANE('',#4815);
#4815 = AXIS2_PLACEMENT_3D('',#4816,#4817,#4818);
#4816 = CARTESIAN_POINT('',(15.222895270751,-1.438655596209E-16,
    18.191648522156));
#4817 = DIRECTION('',(0.,0.,1.));
#4818 = DIRECTION('',(1.,0.,0.));
#4819 = ADVANCED_FACE('',(#4820),#4832,.T.);
#4820 = FACE_BOUND('',#4821,.T.);
#4821 = EDGE_LOOP('',(#4822,#4829,#4830,#4831));
#4822 = ORIENTED_EDGE('',*,*,#4823,.F.);
#4823 = EDGE_CURVE('',#4634,#4180,#4824,.T.);
#4824 = CIRCLE('',#4825,0.241883271992);
#4825 = AXIS2_PLACEMENT_3D('',#4826,#4827,#4828);
#4826 = CARTESIAN_POINT('',(12.352905159235,-3.460812022755,
    28.791648522156));
#4827 = DIRECTION('',(0.,0.,1.));
#4828 = DIRECTION('',(1.,0.,0.));
#4829 = ORIENTED_EDGE('',*,*,#4641,.T.);
#4830 = ORIENTED_EDGE('',*,*,#4154,.T.);
#4831 = ORIENTED_EDGE('',*,*,#4243,.F.);
#4832 = CYLINDRICAL_SURFACE('',#4833,0.241883271992);
#4833 = AXIS2_PLACEMENT_3D('',#4834,#4835,#4836);
#4834 = CARTESIAN_POINT('',(12.352905159235,-3.460812022755,
    28.791648522156));
#4835 = DIRECTION('',(0.,0.,1.));
#4836 = DIRECTION('',(1.,0.,0.));
#4837 = ADVANCED_FACE('',(#4838),#4843,.T.);
#4838 = FACE_BOUND('',#4839,.F.);
#4839 = EDGE_LOOP('',(#4840,#4841,#4842));
#4840 = ORIENTED_EDGE('',*,*,#4633,.T.);
#4841 = ORIENTED_EDGE('',*,*,#4177,.T.);
#4842 = ORIENTED_EDGE('',*,*,#4823,.F.);
#4843 = PLANE('',#4844);
#4844 = AXIS2_PLACEMENT_3D('',#4845,#4846,#4847);
#4845 = CARTESIAN_POINT('',(15.222895270751,-1.438655596209E-16,
    28.791648522156));
#4846 = DIRECTION('',(0.,0.,1.));
#4847 = DIRECTION('',(1.,0.,0.));
#4848 = ADVANCED_FACE('',(#4849),#4861,.T.);
#4849 = FACE_BOUND('',#4850,.T.);
#4850 = EDGE_LOOP('',(#4851,#4852,#4853,#4860));
#4851 = ORIENTED_EDGE('',*,*,#4361,.F.);
#4852 = ORIENTED_EDGE('',*,*,#4664,.T.);
#4853 = ORIENTED_EDGE('',*,*,#4854,.T.);
#4854 = EDGE_CURVE('',#4665,#4204,#4855,.T.);
#4855 = CIRCLE('',#4856,0.241883271992);
#4856 = AXIS2_PLACEMENT_3D('',#4857,#4858,#4859);
#4857 = CARTESIAN_POINT('',(12.352905159235,-3.460812022755,
    18.191648522156));
#4858 = DIRECTION('',(0.,0.,1.));
#4859 = DIRECTION('',(1.,0.,0.));
#4860 = ORIENTED_EDGE('',*,*,#4211,.F.);
#4861 = CYLINDRICAL_SURFACE('',#4862,0.241883271992);
#4862 = AXIS2_PLACEMENT_3D('',#4863,#4864,#4865);
#4863 = CARTESIAN_POINT('',(12.352905159235,-3.460812022755,
    28.791648522156));
#4864 = DIRECTION('',(0.,0.,1.));
#4865 = DIRECTION('',(1.,0.,0.));
#4866 = ADVANCED_FACE('',(#4867),#4935,.T.);
#4867 = FACE_BOUND('',#4868,.T.);
#4868 = EDGE_LOOP('',(#4869,#4878,#4886,#4895,#4903,#4909,#4910,#4918,
    #4926,#4933,#4934));
#4869 = ORIENTED_EDGE('',*,*,#4870,.F.);
#4870 = EDGE_CURVE('',#4871,#4196,#4873,.T.);
#4871 = VERTEX_POINT('',#4872);
#4872 = CARTESIAN_POINT('',(13.834640465826,-4.00094369717,
    18.191648522156));
#4873 = CIRCLE('',#4874,0.467720054932);
#4874 = AXIS2_PLACEMENT_3D('',#4875,#4876,#4877);
#4875 = CARTESIAN_POINT('',(13.8398781946,-3.533252970318,
    18.191648522156));
#4876 = DIRECTION('',(0.,0.,-1.));
#4877 = DIRECTION('',(1.,0.,0.));
#4878 = ORIENTED_EDGE('',*,*,#4879,.T.);
#4879 = EDGE_CURVE('',#4871,#4880,#4882,.T.);
#4880 = VERTEX_POINT('',#4881);
#4881 = CARTESIAN_POINT('',(18.443662271226,-4.052560726852,
    18.191648522156));
#4882 = LINE('',#4883,#4884);
#4883 = CARTESIAN_POINT('',(13.834640465826,-4.00094369717,
    18.191648522156));
#4884 = VECTOR('',#4885,1.);
#4885 = DIRECTION('',(0.999937295653,-1.119842674838E-02,0.));
#4886 = ORIENTED_EDGE('',*,*,#4887,.F.);
#4887 = EDGE_CURVE('',#4888,#4880,#4890,.T.);
#4888 = VERTEX_POINT('',#4889);
#4889 = CARTESIAN_POINT('',(18.454137728774,-3.117179273148,
    18.191648522156));
#4890 = CIRCLE('',#4891,0.467720054932);
#4891 = AXIS2_PLACEMENT_3D('',#4892,#4893,#4894);
#4892 = CARTESIAN_POINT('',(18.4489,-3.58487,18.191648522156));
#4893 = DIRECTION('',(0.,0.,-1.));
#4894 = DIRECTION('',(1.,0.,0.));
#4895 = ORIENTED_EDGE('',*,*,#4896,.F.);
#4896 = EDGE_CURVE('',#4897,#4888,#4899,.T.);
#4897 = VERTEX_POINT('',#4898);
#4898 = CARTESIAN_POINT('',(15.120731583061,-3.079848027771,
    18.191648522156));
#4899 = LINE('',#4900,#4901);
#4900 = CARTESIAN_POINT('',(13.845115923374,-3.065562243467,
    18.191648522156));
#4901 = VECTOR('',#4902,1.);
#4902 = DIRECTION('',(0.999937295653,-1.119842674838E-02,0.));
#4903 = ORIENTED_EDGE('',*,*,#4904,.T.);
#4904 = EDGE_CURVE('',#4897,#4515,#4905,.T.);
#4905 = LINE('',#4906,#4907);
#4906 = CARTESIAN_POINT('',(15.120731583061,-3.079848027771,
    18.191648522156));
#4907 = VECTOR('',#4908,1.);
#4908 = DIRECTION('',(-0.73687346012,0.676030697358,0.));
#4909 = ORIENTED_EDGE('',*,*,#4522,.F.);
#4910 = ORIENTED_EDGE('',*,*,#4911,.F.);
#4911 = EDGE_CURVE('',#4912,#4498,#4914,.T.);
#4912 = VERTEX_POINT('',#4913);
#4913 = CARTESIAN_POINT('',(14.074536288167,-3.068131551723,
    18.191648522156));
#4914 = LINE('',#4915,#4916);
#4915 = CARTESIAN_POINT('',(14.074536288167,-3.068131551723,
    18.191648522156));
#4916 = VECTOR('',#4917,1.);
#4917 = DIRECTION('',(-0.73687346012,0.676030697358,0.));
#4918 = ORIENTED_EDGE('',*,*,#4919,.F.);
#4919 = EDGE_CURVE('',#4920,#4912,#4922,.T.);
#4920 = VERTEX_POINT('',#4921);
#4921 = CARTESIAN_POINT('',(13.845115923374,-3.065562243467,
    18.191648522156));
#4922 = LINE('',#4923,#4924);
#4923 = CARTESIAN_POINT('',(13.845115923374,-3.065562243467,
    18.191648522156));
#4924 = VECTOR('',#4925,1.);
#4925 = DIRECTION('',(0.999937295653,-1.119842674838E-02,0.));
#4926 = ORIENTED_EDGE('',*,*,#4927,.F.);
#4927 = EDGE_CURVE('',#4673,#4920,#4928,.T.);
#4928 = CIRCLE('',#4929,0.467720054932);
#4929 = AXIS2_PLACEMENT_3D('',#4930,#4931,#4932);
#4930 = CARTESIAN_POINT('',(13.8398781946,-3.533252970318,
    18.191648522156));
#4931 = DIRECTION('',(0.,0.,-1.));
#4932 = DIRECTION('',(1.,0.,0.));
#4933 = ORIENTED_EDGE('',*,*,#4680,.T.);
#4934 = ORIENTED_EDGE('',*,*,#4195,.T.);
#4935 = PLANE('',#4936);
#4936 = AXIS2_PLACEMENT_3D('',#4937,#4938,#4939);
#4937 = CARTESIAN_POINT('',(15.329055014594,-3.05508772932,
    18.191648522156));
#4938 = DIRECTION('',(0.,-7.043275209881E-16,1.));
#4939 = DIRECTION('',(0.,1.,7.043275209881E-16));
#4940 = ADVANCED_FACE('',(#4941),#4953,.F.);
#4941 = FACE_BOUND('',#4942,.F.);
#4942 = EDGE_LOOP('',(#4943,#4944,#4945,#4946));
#4943 = ORIENTED_EDGE('',*,*,#4672,.F.);
#4944 = ORIENTED_EDGE('',*,*,#4854,.T.);
#4945 = ORIENTED_EDGE('',*,*,#4203,.F.);
#4946 = ORIENTED_EDGE('',*,*,#4947,.T.);
#4947 = EDGE_CURVE('',#4196,#4673,#4948,.T.);
#4948 = CIRCLE('',#4949,0.467720054932);
#4949 = AXIS2_PLACEMENT_3D('',#4950,#4951,#4952);
#4950 = CARTESIAN_POINT('',(13.8398781946,-3.533252970318,
    18.191648522156));
#4951 = DIRECTION('',(0.,0.,-1.));
#4952 = DIRECTION('',(1.,0.,0.));
#4953 = PLANE('',#4954);
#4954 = AXIS2_PLACEMENT_3D('',#4955,#4956,#4957);
#4955 = CARTESIAN_POINT('',(15.222895270751,-1.438655596209E-16,
    18.191648522156));
#4956 = DIRECTION('',(0.,0.,1.));
#4957 = DIRECTION('',(1.,0.,0.));
#4958 = ADVANCED_FACE('',(#4959),#4965,.T.);
#4959 = FACE_BOUND('',#4960,.T.);
#4960 = EDGE_LOOP('',(#4961,#4962,#4963,#4964));
#4961 = ORIENTED_EDGE('',*,*,#4578,.F.);
#4962 = ORIENTED_EDGE('',*,*,#4285,.T.);
#4963 = ORIENTED_EDGE('',*,*,#4657,.T.);
#4964 = ORIENTED_EDGE('',*,*,#4345,.T.);
#4965 = PLANE('',#4966);
#4966 = AXIS2_PLACEMENT_3D('',#4967,#4968,#4969);
#4967 = CARTESIAN_POINT('',(12.870122,-5.619616983039E-16,23.51141092361
    ));
#4968 = DIRECTION('',(1.,0.,0.));
#4969 = DIRECTION('',(0.,0.,1.));
#4970 = ADVANCED_FACE('',(#4971),#4989,.T.);
#4971 = FACE_BOUND('',#4972,.T.);
#4972 = EDGE_LOOP('',(#4973,#4981,#4982,#4983));
#4973 = ORIENTED_EDGE('',*,*,#4974,.F.);
#4974 = EDGE_CURVE('',#4912,#4975,#4977,.T.);
#4975 = VERTEX_POINT('',#4976);
#4976 = CARTESIAN_POINT('',(14.074536288167,-3.068131551723,
    17.791648522156));
#4977 = LINE('',#4978,#4979);
#4978 = CARTESIAN_POINT('',(14.074536288167,-3.068131551723,
    18.191648522156));
#4979 = VECTOR('',#4980,1.);
#4980 = DIRECTION('',(3.969452715625E-18,4.440530765216E-16,-1.));
#4981 = ORIENTED_EDGE('',*,*,#4911,.T.);
#4982 = ORIENTED_EDGE('',*,*,#4495,.F.);
#4983 = ORIENTED_EDGE('',*,*,#4984,.F.);
#4984 = EDGE_CURVE('',#4975,#4496,#4985,.T.);
#4985 = LINE('',#4986,#4987);
#4986 = CARTESIAN_POINT('',(14.074536288167,-3.068131551723,
    17.791648522156));
#4987 = VECTOR('',#4988,1.);
#4988 = DIRECTION('',(-0.73687346012,0.676030697358,0.));
#4989 = PLANE('',#4990);
#4990 = AXIS2_PLACEMENT_3D('',#4991,#4992,#4993);
#4991 = CARTESIAN_POINT('',(14.074536288167,-3.068131551723,
    18.191648522156));
#4992 = DIRECTION('',(-0.676030697358,-0.73687346012,-3.29894398861E-16)
  );
#4993 = DIRECTION('',(3.969452715625E-18,4.440530765216E-16,-1.));
#4994 = ADVANCED_FACE('',(#4995),#5013,.T.);
#4995 = FACE_BOUND('',#4996,.T.);
#4996 = EDGE_LOOP('',(#4997,#5005,#5011,#5012));
#4997 = ORIENTED_EDGE('',*,*,#4998,.F.);
#4998 = EDGE_CURVE('',#4999,#4897,#5001,.T.);
#4999 = VERTEX_POINT('',#5000);
#5000 = CARTESIAN_POINT('',(15.120731583061,-3.079848027771,
    17.791648522156));
#5001 = LINE('',#5002,#5003);
#5002 = CARTESIAN_POINT('',(15.120731583061,-3.079848027771,
    17.791648522156));
#5003 = VECTOR('',#5004,1.);
#5004 = DIRECTION('',(-3.969452715625E-18,-4.440530765216E-16,1.));
#5005 = ORIENTED_EDGE('',*,*,#5006,.T.);
#5006 = EDGE_CURVE('',#4999,#4506,#5007,.T.);
#5007 = LINE('',#5008,#5009);
#5008 = CARTESIAN_POINT('',(15.120731583061,-3.079848027771,
    17.791648522156));
#5009 = VECTOR('',#5010,1.);
#5010 = DIRECTION('',(-0.73687346012,0.676030697358,0.));
#5011 = ORIENTED_EDGE('',*,*,#4514,.T.);
#5012 = ORIENTED_EDGE('',*,*,#4904,.F.);
#5013 = PLANE('',#5014);
#5014 = AXIS2_PLACEMENT_3D('',#5015,#5016,#5017);
#5015 = CARTESIAN_POINT('',(15.120731583061,-3.079848027771,
    17.791648522156));
#5016 = DIRECTION('',(0.676030697358,0.73687346012,3.29894398861E-16));
#5017 = DIRECTION('',(-3.969452715625E-18,-4.440530765216E-16,1.));
#5018 = ADVANCED_FACE('',(#5019),#5072,.T.);
#5019 = FACE_BOUND('',#5020,.T.);
#5020 = EDGE_LOOP('',(#5021,#5022,#5030,#5038,#5047,#5055,#5064,#5070,
    #5071));
#5021 = ORIENTED_EDGE('',*,*,#5006,.F.);
#5022 = ORIENTED_EDGE('',*,*,#5023,.T.);
#5023 = EDGE_CURVE('',#4999,#5024,#5026,.T.);
#5024 = VERTEX_POINT('',#5025);
#5025 = CARTESIAN_POINT('',(17.98118,-3.11188255854,17.791648522156));
#5026 = LINE('',#5027,#5028);
#5027 = CARTESIAN_POINT('',(13.845115923374,-3.065562243467,
    17.791648522156));
#5028 = VECTOR('',#5029,1.);
#5029 = DIRECTION('',(0.999937295653,-1.119842674838E-02,0.));
#5030 = ORIENTED_EDGE('',*,*,#5031,.F.);
#5031 = EDGE_CURVE('',#5032,#5024,#5034,.T.);
#5032 = VERTEX_POINT('',#5033);
#5033 = CARTESIAN_POINT('',(17.98118,-3.58487,17.791648522156));
#5034 = LINE('',#5035,#5036);
#5035 = CARTESIAN_POINT('',(17.98118,-3.58487,17.791648522156));
#5036 = VECTOR('',#5037,1.);
#5037 = DIRECTION('',(0.,1.,0.));
#5038 = ORIENTED_EDGE('',*,*,#5039,.F.);
#5039 = EDGE_CURVE('',#5040,#5032,#5042,.T.);
#5040 = VERTEX_POINT('',#5041);
#5041 = CARTESIAN_POINT('',(18.443662271226,-4.052560726852,
    17.791648522156));
#5042 = CIRCLE('',#5043,0.46772);
#5043 = AXIS2_PLACEMENT_3D('',#5044,#5045,#5046);
#5044 = CARTESIAN_POINT('',(18.4489,-3.58487,17.791648522156));
#5045 = DIRECTION('',(0.,0.,-1.));
#5046 = DIRECTION('',(1.,0.,0.));
#5047 = ORIENTED_EDGE('',*,*,#5048,.F.);
#5048 = EDGE_CURVE('',#5049,#5040,#5051,.T.);
#5049 = VERTEX_POINT('',#5050);
#5050 = CARTESIAN_POINT('',(13.834640465826,-4.00094369717,
    17.791648522156));
#5051 = LINE('',#5052,#5053);
#5052 = CARTESIAN_POINT('',(13.834640465826,-4.00094369717,
    17.791648522156));
#5053 = VECTOR('',#5054,1.);
#5054 = DIRECTION('',(0.999937295653,-1.119842674838E-02,0.));
#5055 = ORIENTED_EDGE('',*,*,#5056,.T.);
#5056 = EDGE_CURVE('',#5049,#5057,#5059,.T.);
#5057 = VERTEX_POINT('',#5058);
#5058 = CARTESIAN_POINT('',(13.845115923374,-3.065562243467,
    17.791648522156));
#5059 = CIRCLE('',#5060,0.467720054932);
#5060 = AXIS2_PLACEMENT_3D('',#5061,#5062,#5063);
#5061 = CARTESIAN_POINT('',(13.8398781946,-3.533252970318,
    17.791648522156));
#5062 = DIRECTION('',(0.,0.,-1.));
#5063 = DIRECTION('',(1.,0.,0.));
#5064 = ORIENTED_EDGE('',*,*,#5065,.T.);
#5065 = EDGE_CURVE('',#5057,#4975,#5066,.T.);
#5066 = LINE('',#5067,#5068);
#5067 = CARTESIAN_POINT('',(13.845115923374,-3.065562243467,
    17.791648522156));
#5068 = VECTOR('',#5069,1.);
#5069 = DIRECTION('',(0.999937295653,-1.119842674838E-02,0.));
#5070 = ORIENTED_EDGE('',*,*,#4984,.T.);
#5071 = ORIENTED_EDGE('',*,*,#4505,.T.);
#5072 = PLANE('',#5073);
#5073 = AXIS2_PLACEMENT_3D('',#5074,#5075,#5076);
#5074 = CARTESIAN_POINT('',(14.805837519077,-2.797330809536,
    17.791648522156));
#5075 = DIRECTION('',(0.,7.894299706933E-16,-1.));
#5076 = DIRECTION('',(0.,-1.,-7.894299706933E-16));
#5077 = ADVANCED_FACE('',(#5078),#5106,.T.);
#5078 = FACE_BOUND('',#5079,.F.);
#5079 = EDGE_LOOP('',(#5080,#5088,#5097,#5103,#5104,#5105));
#5080 = ORIENTED_EDGE('',*,*,#5081,.T.);
#5081 = EDGE_CURVE('',#4755,#5082,#5084,.T.);
#5082 = VERTEX_POINT('',#5083);
#5083 = CARTESIAN_POINT('',(13.845115923374,3.065562243467,
    17.791648522156));
#5084 = LINE('',#5085,#5086);
#5085 = CARTESIAN_POINT('',(13.845115923374,3.065562243467,
    18.191648522156));
#5086 = VECTOR('',#5087,1.);
#5087 = DIRECTION('',(0.,0.,-1.));
#5088 = ORIENTED_EDGE('',*,*,#5089,.T.);
#5089 = EDGE_CURVE('',#5082,#5090,#5092,.T.);
#5090 = VERTEX_POINT('',#5091);
#5091 = CARTESIAN_POINT('',(13.834640465826,4.00094369717,
    17.791648522156));
#5092 = CIRCLE('',#5093,0.467720054932);
#5093 = AXIS2_PLACEMENT_3D('',#5094,#5095,#5096);
#5094 = CARTESIAN_POINT('',(13.8398781946,3.533252970318,17.791648522156
    ));
#5095 = DIRECTION('',(0.,0.,-1.));
#5096 = DIRECTION('',(1.,0.,0.));
#5097 = ORIENTED_EDGE('',*,*,#5098,.F.);
#5098 = EDGE_CURVE('',#4781,#5090,#5099,.T.);
#5099 = LINE('',#5100,#5101);
#5100 = CARTESIAN_POINT('',(13.834640465826,4.00094369717,
    18.191648522156));
#5101 = VECTOR('',#5102,1.);
#5102 = DIRECTION('',(0.,0.,-1.));
#5103 = ORIENTED_EDGE('',*,*,#4788,.F.);
#5104 = ORIENTED_EDGE('',*,*,#4807,.F.);
#5105 = ORIENTED_EDGE('',*,*,#4754,.F.);
#5106 = CYLINDRICAL_SURFACE('',#5107,0.467720054932);
#5107 = AXIS2_PLACEMENT_3D('',#5108,#5109,#5110);
#5108 = CARTESIAN_POINT('',(13.8398781946,3.533252970318,18.191648522156
    ));
#5109 = DIRECTION('',(0.,0.,1.));
#5110 = DIRECTION('',(1.,0.,0.));
#5111 = ADVANCED_FACE('',(#5112),#5130,.F.);
#5112 = FACE_BOUND('',#5113,.F.);
#5113 = EDGE_LOOP('',(#5114,#5115,#5123,#5129));
#5114 = ORIENTED_EDGE('',*,*,#5098,.T.);
#5115 = ORIENTED_EDGE('',*,*,#5116,.T.);
#5116 = EDGE_CURVE('',#5090,#5117,#5119,.T.);
#5117 = VERTEX_POINT('',#5118);
#5118 = CARTESIAN_POINT('',(18.443662271226,4.052560726852,
    17.791648522156));
#5119 = LINE('',#5120,#5121);
#5120 = CARTESIAN_POINT('',(13.834640465826,4.00094369717,
    17.791648522156));
#5121 = VECTOR('',#5122,1.);
#5122 = DIRECTION('',(0.999937295653,1.119842674838E-02,0.));
#5123 = ORIENTED_EDGE('',*,*,#5124,.F.);
#5124 = EDGE_CURVE('',#4772,#5117,#5125,.T.);
#5125 = LINE('',#5126,#5127);
#5126 = CARTESIAN_POINT('',(18.443662271226,4.052560726852,
    18.191648522156));
#5127 = VECTOR('',#5128,1.);
#5128 = DIRECTION('',(0.,0.,-1.));
#5129 = ORIENTED_EDGE('',*,*,#4780,.F.);
#5130 = PLANE('',#5131);
#5131 = AXIS2_PLACEMENT_3D('',#5132,#5133,#5134);
#5132 = CARTESIAN_POINT('',(13.834640465826,4.00094369717,
    18.191648522156));
#5133 = DIRECTION('',(1.119842674838E-02,-0.999937295653,0.));
#5134 = DIRECTION('',(0.999937295653,1.119842674838E-02,0.));
#5135 = ADVANCED_FACE('',(#5136),#5189,.T.);
#5136 = FACE_BOUND('',#5137,.F.);
#5137 = EDGE_LOOP('',(#5138,#5148,#5157,#5163,#5164,#5165,#5174,#5182));
#5138 = ORIENTED_EDGE('',*,*,#5139,.F.);
#5139 = EDGE_CURVE('',#5140,#5142,#5144,.T.);
#5140 = VERTEX_POINT('',#5141);
#5141 = CARTESIAN_POINT('',(18.91662,3.58487,17.791648522156));
#5142 = VERTEX_POINT('',#5143);
#5143 = CARTESIAN_POINT('',(18.91662,3.58487,17.291648522156));
#5144 = LINE('',#5145,#5146);
#5145 = CARTESIAN_POINT('',(18.91662,3.58487,17.791648522156));
#5146 = VECTOR('',#5147,1.);
#5147 = DIRECTION('',(0.,0.,-1.));
#5148 = ORIENTED_EDGE('',*,*,#5149,.T.);
#5149 = EDGE_CURVE('',#5140,#5150,#5152,.T.);
#5150 = VERTEX_POINT('',#5151);
#5151 = CARTESIAN_POINT('',(18.454137728774,3.117179273148,
    17.791648522156));
#5152 = CIRCLE('',#5153,0.467720054932);
#5153 = AXIS2_PLACEMENT_3D('',#5154,#5155,#5156);
#5154 = CARTESIAN_POINT('',(18.4489,3.58487,17.791648522156));
#5155 = DIRECTION('',(0.,0.,-1.));
#5156 = DIRECTION('',(1.,0.,0.));
#5157 = ORIENTED_EDGE('',*,*,#5158,.F.);
#5158 = EDGE_CURVE('',#4764,#5150,#5159,.T.);
#5159 = LINE('',#5160,#5161);
#5160 = CARTESIAN_POINT('',(18.454137728774,3.117179273148,
    18.191648522156));
#5161 = VECTOR('',#5162,1.);
#5162 = DIRECTION('',(0.,0.,-1.));
#5163 = ORIENTED_EDGE('',*,*,#4771,.F.);
#5164 = ORIENTED_EDGE('',*,*,#5124,.T.);
#5165 = ORIENTED_EDGE('',*,*,#5166,.F.);
#5166 = EDGE_CURVE('',#5167,#5117,#5169,.T.);
#5167 = VERTEX_POINT('',#5168);
#5168 = CARTESIAN_POINT('',(17.98118,3.58487,17.791648522156));
#5169 = CIRCLE('',#5170,0.46772);
#5170 = AXIS2_PLACEMENT_3D('',#5171,#5172,#5173);
#5171 = CARTESIAN_POINT('',(18.4489,3.58487,17.791648522156));
#5172 = DIRECTION('',(0.,0.,-1.));
#5173 = DIRECTION('',(1.,0.,0.));
#5174 = ORIENTED_EDGE('',*,*,#5175,.T.);
#5175 = EDGE_CURVE('',#5167,#5176,#5178,.T.);
#5176 = VERTEX_POINT('',#5177);
#5177 = CARTESIAN_POINT('',(17.98118,3.58487,17.291648522156));
#5178 = LINE('',#5179,#5180);
#5179 = CARTESIAN_POINT('',(17.98118,3.58487,17.791648522156));
#5180 = VECTOR('',#5181,1.);
#5181 = DIRECTION('',(0.,0.,-1.));
#5182 = ORIENTED_EDGE('',*,*,#5183,.T.);
#5183 = EDGE_CURVE('',#5176,#5142,#5184,.T.);
#5184 = CIRCLE('',#5185,0.46772);
#5185 = AXIS2_PLACEMENT_3D('',#5186,#5187,#5188);
#5186 = CARTESIAN_POINT('',(18.4489,3.58487,17.291648522156));
#5187 = DIRECTION('',(0.,0.,-1.));
#5188 = DIRECTION('',(1.,0.,0.));
#5189 = CYLINDRICAL_SURFACE('',#5190,0.467720054932);
#5190 = AXIS2_PLACEMENT_3D('',#5191,#5192,#5193);
#5191 = CARTESIAN_POINT('',(18.4489,3.58487,18.191648522156));
#5192 = DIRECTION('',(0.,0.,1.));
#5193 = DIRECTION('',(1.,0.,0.));
#5194 = ADVANCED_FACE('',(#5195),#5214,.T.);
#5195 = FACE_BOUND('',#5196,.T.);
#5196 = EDGE_LOOP('',(#5197,#5198,#5206,#5212,#5213));
#5197 = ORIENTED_EDGE('',*,*,#5081,.T.);
#5198 = ORIENTED_EDGE('',*,*,#5199,.T.);
#5199 = EDGE_CURVE('',#5082,#5200,#5202,.T.);
#5200 = VERTEX_POINT('',#5201);
#5201 = CARTESIAN_POINT('',(17.98118,3.11188255854,17.791648522156));
#5202 = LINE('',#5203,#5204);
#5203 = CARTESIAN_POINT('',(13.845115923374,3.065562243467,
    17.791648522156));
#5204 = VECTOR('',#5205,1.);
#5205 = DIRECTION('',(0.999937295653,1.119842674838E-02,0.));
#5206 = ORIENTED_EDGE('',*,*,#5207,.T.);
#5207 = EDGE_CURVE('',#5200,#5150,#5208,.T.);
#5208 = LINE('',#5209,#5210);
#5209 = CARTESIAN_POINT('',(13.845115923374,3.065562243467,
    17.791648522156));
#5210 = VECTOR('',#5211,1.);
#5211 = DIRECTION('',(0.999937295653,1.119842674838E-02,0.));
#5212 = ORIENTED_EDGE('',*,*,#5158,.F.);
#5213 = ORIENTED_EDGE('',*,*,#4763,.F.);
#5214 = PLANE('',#5215);
#5215 = AXIS2_PLACEMENT_3D('',#5216,#5217,#5218);
#5216 = CARTESIAN_POINT('',(13.845115923374,3.065562243467,
    18.191648522156));
#5217 = DIRECTION('',(1.119842674838E-02,-0.999937295653,0.));
#5218 = DIRECTION('',(0.999937295653,1.119842674838E-02,0.));
#5219 = ADVANCED_FACE('',(#5220),#5238,.T.);
#5220 = FACE_BOUND('',#5221,.F.);
#5221 = EDGE_LOOP('',(#5222,#5228,#5229,#5235,#5236,#5237));
#5222 = ORIENTED_EDGE('',*,*,#5223,.T.);
#5223 = EDGE_CURVE('',#4871,#5049,#5224,.T.);
#5224 = LINE('',#5225,#5226);
#5225 = CARTESIAN_POINT('',(13.834640465826,-4.00094369717,
    18.191648522156));
#5226 = VECTOR('',#5227,1.);
#5227 = DIRECTION('',(0.,0.,-1.));
#5228 = ORIENTED_EDGE('',*,*,#5056,.T.);
#5229 = ORIENTED_EDGE('',*,*,#5230,.F.);
#5230 = EDGE_CURVE('',#4920,#5057,#5231,.T.);
#5231 = LINE('',#5232,#5233);
#5232 = CARTESIAN_POINT('',(13.845115923374,-3.065562243467,
    18.191648522156));
#5233 = VECTOR('',#5234,1.);
#5234 = DIRECTION('',(0.,0.,-1.));
#5235 = ORIENTED_EDGE('',*,*,#4927,.F.);
#5236 = ORIENTED_EDGE('',*,*,#4947,.F.);
#5237 = ORIENTED_EDGE('',*,*,#4870,.F.);
#5238 = CYLINDRICAL_SURFACE('',#5239,0.467720054932);
#5239 = AXIS2_PLACEMENT_3D('',#5240,#5241,#5242);
#5240 = CARTESIAN_POINT('',(13.8398781946,-3.533252970318,
    18.191648522156));
#5241 = DIRECTION('',(0.,0.,1.));
#5242 = DIRECTION('',(1.,0.,0.));
#5243 = ADVANCED_FACE('',(#5244),#5255,.T.);
#5244 = FACE_BOUND('',#5245,.T.);
#5245 = EDGE_LOOP('',(#5246,#5247,#5248,#5254));
#5246 = ORIENTED_EDGE('',*,*,#5223,.T.);
#5247 = ORIENTED_EDGE('',*,*,#5048,.T.);
#5248 = ORIENTED_EDGE('',*,*,#5249,.F.);
#5249 = EDGE_CURVE('',#4880,#5040,#5250,.T.);
#5250 = LINE('',#5251,#5252);
#5251 = CARTESIAN_POINT('',(18.443662271226,-4.052560726852,
    18.191648522156));
#5252 = VECTOR('',#5253,1.);
#5253 = DIRECTION('',(0.,0.,-1.));
#5254 = ORIENTED_EDGE('',*,*,#4879,.F.);
#5255 = PLANE('',#5256);
#5256 = AXIS2_PLACEMENT_3D('',#5257,#5258,#5259);
#5257 = CARTESIAN_POINT('',(13.834640465826,-4.00094369717,
    18.191648522156));
#5258 = DIRECTION('',(-1.119842674838E-02,-0.999937295653,-0.));
#5259 = DIRECTION('',(0.999937295653,-1.119842674838E-02,0.));
#5260 = ADVANCED_FACE('',(#5261),#5306,.T.);
#5261 = FACE_BOUND('',#5262,.F.);
#5262 = EDGE_LOOP('',(#5263,#5271,#5272,#5273,#5274,#5282,#5291,#5299));
#5263 = ORIENTED_EDGE('',*,*,#5264,.F.);
#5264 = EDGE_CURVE('',#5032,#5265,#5267,.T.);
#5265 = VERTEX_POINT('',#5266);
#5266 = CARTESIAN_POINT('',(17.98118,-3.58487,17.291648522156));
#5267 = LINE('',#5268,#5269);
#5268 = CARTESIAN_POINT('',(17.98118,-3.58487,17.791648522156));
#5269 = VECTOR('',#5270,1.);
#5270 = DIRECTION('',(0.,0.,-1.));
#5271 = ORIENTED_EDGE('',*,*,#5039,.F.);
#5272 = ORIENTED_EDGE('',*,*,#5249,.F.);
#5273 = ORIENTED_EDGE('',*,*,#4887,.F.);
#5274 = ORIENTED_EDGE('',*,*,#5275,.T.);
#5275 = EDGE_CURVE('',#4888,#5276,#5278,.T.);
#5276 = VERTEX_POINT('',#5277);
#5277 = CARTESIAN_POINT('',(18.454137728774,-3.117179273148,
    17.791648522156));
#5278 = LINE('',#5279,#5280);
#5279 = CARTESIAN_POINT('',(18.454137728774,-3.117179273148,
    18.191648522156));
#5280 = VECTOR('',#5281,1.);
#5281 = DIRECTION('',(0.,0.,-1.));
#5282 = ORIENTED_EDGE('',*,*,#5283,.T.);
#5283 = EDGE_CURVE('',#5276,#5284,#5286,.T.);
#5284 = VERTEX_POINT('',#5285);
#5285 = CARTESIAN_POINT('',(18.91662,-3.58487,17.791648522156));
#5286 = CIRCLE('',#5287,0.467720054932);
#5287 = AXIS2_PLACEMENT_3D('',#5288,#5289,#5290);
#5288 = CARTESIAN_POINT('',(18.4489,-3.58487,17.791648522156));
#5289 = DIRECTION('',(0.,0.,-1.));
#5290 = DIRECTION('',(1.,0.,0.));
#5291 = ORIENTED_EDGE('',*,*,#5292,.T.);
#5292 = EDGE_CURVE('',#5284,#5293,#5295,.T.);
#5293 = VERTEX_POINT('',#5294);
#5294 = CARTESIAN_POINT('',(18.91662,-3.58487,17.291648522156));
#5295 = LINE('',#5296,#5297);
#5296 = CARTESIAN_POINT('',(18.91662,-3.58487,17.791648522156));
#5297 = VECTOR('',#5298,1.);
#5298 = DIRECTION('',(0.,0.,-1.));
#5299 = ORIENTED_EDGE('',*,*,#5300,.T.);
#5300 = EDGE_CURVE('',#5293,#5265,#5301,.T.);
#5301 = CIRCLE('',#5302,0.46772);
#5302 = AXIS2_PLACEMENT_3D('',#5303,#5304,#5305);
#5303 = CARTESIAN_POINT('',(18.4489,-3.58487,17.291648522156));
#5304 = DIRECTION('',(0.,0.,-1.));
#5305 = DIRECTION('',(1.,0.,0.));
#5306 = CYLINDRICAL_SURFACE('',#5307,0.467720054932);
#5307 = AXIS2_PLACEMENT_3D('',#5308,#5309,#5310);
#5308 = CARTESIAN_POINT('',(18.4489,-3.58487,18.191648522156));
#5309 = DIRECTION('',(0.,0.,1.));
#5310 = DIRECTION('',(1.,0.,0.));
#5311 = ADVANCED_FACE('',(#5312),#5324,.F.);
#5312 = FACE_BOUND('',#5313,.F.);
#5313 = EDGE_LOOP('',(#5314,#5315,#5316,#5317,#5323));
#5314 = ORIENTED_EDGE('',*,*,#4896,.F.);
#5315 = ORIENTED_EDGE('',*,*,#4998,.F.);
#5316 = ORIENTED_EDGE('',*,*,#5023,.T.);
#5317 = ORIENTED_EDGE('',*,*,#5318,.T.);
#5318 = EDGE_CURVE('',#5024,#5276,#5319,.T.);
#5319 = LINE('',#5320,#5321);
#5320 = CARTESIAN_POINT('',(13.845115923374,-3.065562243467,
    17.791648522156));
#5321 = VECTOR('',#5322,1.);
#5322 = DIRECTION('',(0.999937295653,-1.119842674838E-02,0.));
#5323 = ORIENTED_EDGE('',*,*,#5275,.F.);
#5324 = PLANE('',#5325);
#5325 = AXIS2_PLACEMENT_3D('',#5326,#5327,#5328);
#5326 = CARTESIAN_POINT('',(13.845115923374,-3.065562243467,
    18.191648522156));
#5327 = DIRECTION('',(-1.119842674838E-02,-0.999937295653,-0.));
#5328 = DIRECTION('',(0.999937295653,-1.119842674838E-02,0.));
#5329 = ADVANCED_FACE('',(#5330),#5336,.F.);
#5330 = FACE_BOUND('',#5331,.F.);
#5331 = EDGE_LOOP('',(#5332,#5333,#5334,#5335));
#5332 = ORIENTED_EDGE('',*,*,#4919,.F.);
#5333 = ORIENTED_EDGE('',*,*,#5230,.T.);
#5334 = ORIENTED_EDGE('',*,*,#5065,.T.);
#5335 = ORIENTED_EDGE('',*,*,#4974,.F.);
#5336 = PLANE('',#5337);
#5337 = AXIS2_PLACEMENT_3D('',#5338,#5339,#5340);
#5338 = CARTESIAN_POINT('',(13.845115923374,-3.065562243467,
    18.191648522156));
#5339 = DIRECTION('',(-1.119842674838E-02,-0.999937295653,-0.));
#5340 = DIRECTION('',(0.999937295653,-1.119842674838E-02,0.));
#5341 = ADVANCED_FACE('',(#5342),#5365,.F.);
#5342 = FACE_BOUND('',#5343,.F.);
#5343 = EDGE_LOOP('',(#5344,#5345,#5351,#5352,#5358,#5364));
#5344 = ORIENTED_EDGE('',*,*,#5264,.T.);
#5345 = ORIENTED_EDGE('',*,*,#5346,.T.);
#5346 = EDGE_CURVE('',#5265,#5176,#5347,.T.);
#5347 = LINE('',#5348,#5349);
#5348 = CARTESIAN_POINT('',(17.98118,-3.58487,17.291648522156));
#5349 = VECTOR('',#5350,1.);
#5350 = DIRECTION('',(0.,1.,0.));
#5351 = ORIENTED_EDGE('',*,*,#5175,.F.);
#5352 = ORIENTED_EDGE('',*,*,#5353,.F.);
#5353 = EDGE_CURVE('',#5200,#5167,#5354,.T.);
#5354 = LINE('',#5355,#5356);
#5355 = CARTESIAN_POINT('',(17.98118,-3.58487,17.791648522156));
#5356 = VECTOR('',#5357,1.);
#5357 = DIRECTION('',(0.,1.,0.));
#5358 = ORIENTED_EDGE('',*,*,#5359,.F.);
#5359 = EDGE_CURVE('',#5024,#5200,#5360,.T.);
#5360 = LINE('',#5361,#5362);
#5361 = CARTESIAN_POINT('',(17.98118,-3.58487,17.791648522156));
#5362 = VECTOR('',#5363,1.);
#5363 = DIRECTION('',(0.,1.,0.));
#5364 = ORIENTED_EDGE('',*,*,#5031,.F.);
#5365 = PLANE('',#5366);
#5366 = AXIS2_PLACEMENT_3D('',#5367,#5368,#5369);
#5367 = CARTESIAN_POINT('',(17.98118,-3.58487,17.791648522156));
#5368 = DIRECTION('',(1.,0.,0.));
#5369 = DIRECTION('',(0.,1.,0.));
#5370 = ADVANCED_FACE('',(#5371),#5378,.F.);
#5371 = FACE_BOUND('',#5372,.F.);
#5372 = EDGE_LOOP('',(#5373,#5374,#5375,#5376,#5377));
#5373 = ORIENTED_EDGE('',*,*,#5089,.F.);
#5374 = ORIENTED_EDGE('',*,*,#5199,.T.);
#5375 = ORIENTED_EDGE('',*,*,#5353,.T.);
#5376 = ORIENTED_EDGE('',*,*,#5166,.T.);
#5377 = ORIENTED_EDGE('',*,*,#5116,.F.);
#5378 = PLANE('',#5379);
#5379 = AXIS2_PLACEMENT_3D('',#5380,#5381,#5382);
#5380 = CARTESIAN_POINT('',(16.1443890973,0.,17.791648522156));
#5381 = DIRECTION('',(0.,0.,1.));
#5382 = DIRECTION('',(1.,0.,0.));
#5383 = ADVANCED_FACE('',(#5384),#5400,.T.);
#5384 = FACE_BOUND('',#5385,.T.);
#5385 = EDGE_LOOP('',(#5386,#5387,#5393,#5394));
#5386 = ORIENTED_EDGE('',*,*,#5292,.T.);
#5387 = ORIENTED_EDGE('',*,*,#5388,.T.);
#5388 = EDGE_CURVE('',#5293,#5142,#5389,.T.);
#5389 = LINE('',#5390,#5391);
#5390 = CARTESIAN_POINT('',(18.91662,-3.58487,17.291648522156));
#5391 = VECTOR('',#5392,1.);
#5392 = DIRECTION('',(0.,1.,0.));
#5393 = ORIENTED_EDGE('',*,*,#5139,.F.);
#5394 = ORIENTED_EDGE('',*,*,#5395,.F.);
#5395 = EDGE_CURVE('',#5284,#5140,#5396,.T.);
#5396 = LINE('',#5397,#5398);
#5397 = CARTESIAN_POINT('',(18.91662,-3.58487,17.791648522156));
#5398 = VECTOR('',#5399,1.);
#5399 = DIRECTION('',(0.,1.,0.));
#5400 = PLANE('',#5401);
#5401 = AXIS2_PLACEMENT_3D('',#5402,#5403,#5404);
#5402 = CARTESIAN_POINT('',(18.91662,-3.58487,17.791648522156));
#5403 = DIRECTION('',(1.,0.,0.));
#5404 = DIRECTION('',(0.,1.,0.));
#5405 = ADVANCED_FACE('',(#5406),#5414,.T.);
#5406 = FACE_BOUND('',#5407,.T.);
#5407 = EDGE_LOOP('',(#5408,#5409,#5410,#5411,#5412,#5413));
#5408 = ORIENTED_EDGE('',*,*,#5283,.T.);
#5409 = ORIENTED_EDGE('',*,*,#5395,.T.);
#5410 = ORIENTED_EDGE('',*,*,#5149,.T.);
#5411 = ORIENTED_EDGE('',*,*,#5207,.F.);
#5412 = ORIENTED_EDGE('',*,*,#5359,.F.);
#5413 = ORIENTED_EDGE('',*,*,#5318,.T.);
#5414 = PLANE('',#5415);
#5415 = AXIS2_PLACEMENT_3D('',#5416,#5417,#5418);
#5416 = CARTESIAN_POINT('',(18.4489,-2.072060608896E-16,17.791648522156)
  );
#5417 = DIRECTION('',(0.,0.,1.));
#5418 = DIRECTION('',(1.,0.,0.));
#5419 = ADVANCED_FACE('',(#5420),#5426,.F.);
#5420 = FACE_BOUND('',#5421,.T.);
#5421 = EDGE_LOOP('',(#5422,#5423,#5424,#5425));
#5422 = ORIENTED_EDGE('',*,*,#5300,.T.);
#5423 = ORIENTED_EDGE('',*,*,#5346,.T.);
#5424 = ORIENTED_EDGE('',*,*,#5183,.T.);
#5425 = ORIENTED_EDGE('',*,*,#5388,.F.);
#5426 = PLANE('',#5427);
#5427 = AXIS2_PLACEMENT_3D('',#5428,#5429,#5430);
#5428 = CARTESIAN_POINT('',(18.4489,-2.072060608896E-16,17.291648522156)
  );
#5429 = DIRECTION('',(0.,0.,1.));
#5430 = DIRECTION('',(1.,0.,0.));
#5431 = ( GEOMETRIC_REPRESENTATION_CONTEXT(3) 
GLOBAL_UNCERTAINTY_ASSIGNED_CONTEXT((#5435)) 
GLOBAL_UNIT_ASSIGNED_CONTEXT((#5432,#5433,#5434)) REPRESENTATION_CONTEXT
('Context #1','3D Context with UNIT and UNCERTAINTY') );
#5432 = ( LENGTH_UNIT() NAMED_UNIT(*) SI_UNIT(.MILLI.,.METRE.) );
#5433 = ( NAMED_UNIT(*) PLANE_ANGLE_UNIT() SI_UNIT($,.RADIAN.) );
#5434 = ( NAMED_UNIT(*) SI_UNIT($,.STERADIAN.) SOLID_ANGLE_UNIT() );
#5435 = UNCERTAINTY_MEASURE_WITH_UNIT(LENGTH_MEASURE(5.E-06),#5432,
  'distance_accuracy_value','confusion accuracy');
#5436 = CONTEXT_DEPENDENT_SHAPE_REPRESENTATION(#5437,#5439);
#5437 = ( REPRESENTATION_RELATIONSHIP('','',#44,#10) 
REPRESENTATION_RELATIONSHIP_WITH_TRANSFORMATION(#5438) 
SHAPE_REPRESENTATION_RELATIONSHIP() );
#5438 = ITEM_DEFINED_TRANSFORMATION('','',#11,#15);
#5439 = PRODUCT_DEFINITION_SHAPE('Placement','Placement of an item',
  #5440);
#5440 = NEXT_ASSEMBLY_USAGE_OCCURRENCE('23','MultiTransform001','',#5,
  #39,$);
#5441 = PRODUCT_RELATED_PRODUCT_CATEGORY('part',$,(#41));
#5442 = SHAPE_DEFINITION_REPRESENTATION(#5443,#5449);
#5443 = PRODUCT_DEFINITION_SHAPE('','',#5444);
#5444 = PRODUCT_DEFINITION('design','',#5445,#5448);
#5445 = PRODUCT_DEFINITION_FORMATION('','',#5446);
#5446 = PRODUCT('Вентилятор_1','Вентилятор_1','',(
    #5447));
#5447 = PRODUCT_CONTEXT('',#2,'mechanical');
#5448 = PRODUCT_DEFINITION_CONTEXT('part definition',#2,'design');
#5449 = ADVANCED_BREP_SHAPE_REPRESENTATION('',(#11,#5450),#6604);
#5450 = MANIFOLD_SOLID_BREP('',#5451);
#5451 = CLOSED_SHELL('',(#5452,#5774,#5807,#5832,#5858,#5884,#5902,#5911
    ,#5943,#5968,#5993,#6011,#6043,#6068,#6093,#6111,#6143,#6168,#6193,
    #6211,#6243,#6268,#6293,#6311,#6343,#6368,#6393,#6411,#6443,#6468,
    #6493,#6511,#6523,#6532,#6544,#6556,#6568,#6580,#6592));
#5452 = ADVANCED_FACE('',(#5453,#5541,#5579,#5617,#5655,#5693,#5731),
  #5769,.T.);
#5453 = FACE_BOUND('',#5454,.F.);
#5454 = EDGE_LOOP('',(#5455,#5465,#5472,#5473,#5482,#5491,#5500,#5508,
    #5515,#5516,#5525,#5534));
#5455 = ORIENTED_EDGE('',*,*,#5456,.F.);
#5456 = EDGE_CURVE('',#5457,#5459,#5461,.T.);
#5457 = VERTEX_POINT('',#5458);
#5458 = CARTESIAN_POINT('',(2.143498,0.,0.));
#5459 = VERTEX_POINT('',#5460);
#5460 = CARTESIAN_POINT('',(2.143498,0.,1.831324677157));
#5461 = LINE('',#5462,#5463);
#5462 = CARTESIAN_POINT('',(2.143498,0.,0.));
#5463 = VECTOR('',#5464,1.);
#5464 = DIRECTION('',(0.,0.,1.));
#5465 = ORIENTED_EDGE('',*,*,#5466,.F.);
#5466 = EDGE_CURVE('',#5457,#5457,#5467,.T.);
#5467 = CIRCLE('',#5468,2.143498);
#5468 = AXIS2_PLACEMENT_3D('',#5469,#5470,#5471);
#5469 = CARTESIAN_POINT('',(0.,0.,0.));
#5470 = DIRECTION('',(0.,0.,1.));
#5471 = DIRECTION('',(1.,0.,0.));
#5472 = ORIENTED_EDGE('',*,*,#5456,.T.);
#5473 = ORIENTED_EDGE('',*,*,#5474,.F.);
#5474 = EDGE_CURVE('',#5475,#5459,#5477,.T.);
#5475 = VERTEX_POINT('',#5476);
#5476 = CARTESIAN_POINT('',(1.423288847666,1.602757789597,3.579082372333
    ));
#5477 = ELLIPSE('',#5478,3.171451909742,2.143498);
#5478 = AXIS2_PLACEMENT_3D('',#5479,#5480,#5481);
#5479 = CARTESIAN_POINT('',(0.,0.,1.831324677157));
#5480 = DIRECTION('',(0.,0.73701831273,-0.675872774049));
#5481 = DIRECTION('',(0.,-0.675872774049,-0.73701831273));
#5482 = ORIENTED_EDGE('',*,*,#5483,.T.);
#5483 = EDGE_CURVE('',#5475,#5484,#5486,.T.);
#5484 = VERTEX_POINT('',#5485);
#5485 = CARTESIAN_POINT('',(1.573593574991,1.455467944254,3.579082372333
    ));
#5486 = CIRCLE('',#5487,2.143498);
#5487 = AXIS2_PLACEMENT_3D('',#5488,#5489,#5490);
#5488 = CARTESIAN_POINT('',(0.,0.,3.579082372333));
#5489 = DIRECTION('',(0.,0.,-1.));
#5490 = DIRECTION('',(1.,0.,0.));
#5491 = ORIENTED_EDGE('',*,*,#5492,.F.);
#5492 = EDGE_CURVE('',#5493,#5484,#5495,.T.);
#5493 = VERTEX_POINT('',#5494);
#5494 = CARTESIAN_POINT('',(2.143498,0.,1.99193968854));
#5495 = ELLIPSE('',#5496,3.171451909742,2.143498);
#5496 = AXIS2_PLACEMENT_3D('',#5497,#5498,#5499);
#5497 = CARTESIAN_POINT('',(0.,0.,1.99193968854));
#5498 = DIRECTION('',(0.,-0.73701831273,0.675872774049));
#5499 = DIRECTION('',(0.,-0.675872774049,-0.73701831273));
#5500 = ORIENTED_EDGE('',*,*,#5501,.T.);
#5501 = EDGE_CURVE('',#5493,#5502,#5504,.T.);
#5502 = VERTEX_POINT('',#5503);
#5503 = CARTESIAN_POINT('',(2.143498,0.,3.9));
#5504 = LINE('',#5505,#5506);
#5505 = CARTESIAN_POINT('',(2.143498,0.,0.));
#5506 = VECTOR('',#5507,1.);
#5507 = DIRECTION('',(0.,0.,1.));
#5508 = ORIENTED_EDGE('',*,*,#5509,.T.);
#5509 = EDGE_CURVE('',#5502,#5502,#5510,.T.);
#5510 = CIRCLE('',#5511,2.143498);
#5511 = AXIS2_PLACEMENT_3D('',#5512,#5513,#5514);
#5512 = CARTESIAN_POINT('',(0.,0.,3.9));
#5513 = DIRECTION('',(0.,0.,1.));
#5514 = DIRECTION('',(1.,0.,0.));
#5515 = ORIENTED_EDGE('',*,*,#5501,.F.);
#5516 = ORIENTED_EDGE('',*,*,#5517,.F.);
#5517 = EDGE_CURVE('',#5518,#5493,#5520,.T.);
#5518 = VERTEX_POINT('',#5519);
#5519 = CARTESIAN_POINT('',(1.423288847666,-1.602757789597,
    0.244181993364));
#5520 = ELLIPSE('',#5521,3.171451909742,2.143498);
#5521 = AXIS2_PLACEMENT_3D('',#5522,#5523,#5524);
#5522 = CARTESIAN_POINT('',(0.,0.,1.99193968854));
#5523 = DIRECTION('',(0.,-0.73701831273,0.675872774049));
#5524 = DIRECTION('',(0.,-0.675872774049,-0.73701831273));
#5525 = ORIENTED_EDGE('',*,*,#5526,.F.);
#5526 = EDGE_CURVE('',#5527,#5518,#5529,.T.);
#5527 = VERTEX_POINT('',#5528);
#5528 = CARTESIAN_POINT('',(1.573593574991,-1.455467944254,
    0.244181993364));
#5529 = CIRCLE('',#5530,2.143498);
#5530 = AXIS2_PLACEMENT_3D('',#5531,#5532,#5533);
#5531 = CARTESIAN_POINT('',(0.,0.,0.244181993364));
#5532 = DIRECTION('',(0.,0.,-1.));
#5533 = DIRECTION('',(1.,0.,0.));
#5534 = ORIENTED_EDGE('',*,*,#5535,.F.);
#5535 = EDGE_CURVE('',#5459,#5527,#5536,.T.);
#5536 = ELLIPSE('',#5537,3.171451909742,2.143498);
#5537 = AXIS2_PLACEMENT_3D('',#5538,#5539,#5540);
#5538 = CARTESIAN_POINT('',(0.,0.,1.831324677157));
#5539 = DIRECTION('',(0.,0.73701831273,-0.675872774049));
#5540 = DIRECTION('',(0.,-0.675872774049,-0.73701831273));
#5541 = FACE_BOUND('',#5542,.F.);
#5542 = EDGE_LOOP('',(#5543,#5554,#5563,#5572));
#5543 = ORIENTED_EDGE('',*,*,#5544,.F.);
#5544 = EDGE_CURVE('',#5545,#5547,#5549,.T.);
#5545 = VERTEX_POINT('',#5546);
#5546 = CARTESIAN_POINT('',(2.140492580297,0.113468893088,0.244181993364
    ));
#5547 = VERTEX_POINT('',#5548);
#5548 = CARTESIAN_POINT('',(-0.156811114263,2.137754417712,
    3.579082372333));
#5549 = ELLIPSE('',#5550,3.171451909742,2.143498);
#5550 = AXIS2_PLACEMENT_3D('',#5551,#5552,#5553);
#5551 = CARTESIAN_POINT('',(0.,0.,1.99193968854));
#5552 = DIRECTION('',(0.576224120048,-0.45952340177,0.675872774049));
#5553 = DIRECTION('',(0.528418612894,-0.421399781973,-0.73701831273));
#5554 = ORIENTED_EDGE('',*,*,#5555,.F.);
#5555 = EDGE_CURVE('',#5556,#5545,#5558,.T.);
#5556 = VERTEX_POINT('',#5557);
#5557 = CARTESIAN_POINT('',(2.119050206818,0.322815577363,0.244181993364
    ));
#5558 = CIRCLE('',#5559,2.143498);
#5559 = AXIS2_PLACEMENT_3D('',#5560,#5561,#5562);
#5560 = CARTESIAN_POINT('',(0.,0.,0.244181993364));
#5561 = DIRECTION('',(0.,0.,-1.));
#5562 = DIRECTION('',(1.,0.,0.));
#5563 = ORIENTED_EDGE('',*,*,#5564,.F.);
#5564 = EDGE_CURVE('',#5565,#5556,#5567,.T.);
#5565 = VERTEX_POINT('',#5566);
#5566 = CARTESIAN_POINT('',(-0.365680417058,2.112075166414,
    3.579082372333));
#5567 = ELLIPSE('',#5568,3.171451909742,2.143498);
#5568 = AXIS2_PLACEMENT_3D('',#5569,#5570,#5571);
#5569 = CARTESIAN_POINT('',(0.,0.,1.831324677157));
#5570 = DIRECTION('',(-0.576224120048,0.45952340177,-0.675872774049));
#5571 = DIRECTION('',(0.528418612894,-0.421399781973,-0.73701831273));
#5572 = ORIENTED_EDGE('',*,*,#5573,.T.);
#5573 = EDGE_CURVE('',#5565,#5547,#5574,.T.);
#5574 = CIRCLE('',#5575,2.143498);
#5575 = AXIS2_PLACEMENT_3D('',#5576,#5577,#5578);
#5576 = CARTESIAN_POINT('',(0.,0.,3.579082372333));
#5577 = DIRECTION('',(0.,0.,-1.));
#5578 = DIRECTION('',(1.,0.,0.));
#5579 = FACE_BOUND('',#5580,.F.);
#5580 = EDGE_LOOP('',(#5581,#5592,#5601,#5610));
#5581 = ORIENTED_EDGE('',*,*,#5582,.F.);
#5582 = EDGE_CURVE('',#5583,#5585,#5587,.T.);
#5583 = VERTEX_POINT('',#5584);
#5584 = CARTESIAN_POINT('',(1.245861741872,1.744251184934,0.244181993364
    ));
#5585 = VERTEX_POINT('',#5586);
#5586 = CARTESIAN_POINT('',(-1.769133836114,1.21026821239,3.579082372333
    ));
#5587 = ELLIPSE('',#5588,3.171451909742,2.143498);
#5588 = AXIS2_PLACEMENT_3D('',#5589,#5590,#5591);
#5589 = CARTESIAN_POINT('',(0.,0.,1.99193968854));
#5590 = DIRECTION('',(0.71853972487,0.164002003292,0.675872774049));
#5591 = DIRECTION('',(0.658927232504,0.150395840917,-0.73701831273));
#5592 = ORIENTED_EDGE('',*,*,#5593,.F.);
#5593 = EDGE_CURVE('',#5594,#5583,#5596,.T.);
#5594 = VERTEX_POINT('',#5595);
#5595 = CARTESIAN_POINT('',(1.068818812164,1.858012384988,0.244181993364
    ));
#5596 = CIRCLE('',#5597,2.143498);
#5597 = AXIS2_PLACEMENT_3D('',#5598,#5599,#5600);
#5598 = CARTESIAN_POINT('',(0.,0.,0.244181993364));
#5599 = DIRECTION('',(0.,0.,-1.));
#5600 = DIRECTION('',(1.,0.,0.));
#5601 = ORIENTED_EDGE('',*,*,#5602,.F.);
#5602 = EDGE_CURVE('',#5603,#5594,#5605,.T.);
#5603 = VERTEX_POINT('',#5604);
#5604 = CARTESIAN_POINT('',(-1.879284869217,1.03095686444,3.579082372333
    ));
#5605 = ELLIPSE('',#5606,3.171451909742,2.143498);
#5606 = AXIS2_PLACEMENT_3D('',#5607,#5608,#5609);
#5607 = CARTESIAN_POINT('',(0.,0.,1.831324677157));
#5608 = DIRECTION('',(-0.71853972487,-0.164002003292,-0.675872774049));
#5609 = DIRECTION('',(0.658927232504,0.150395840917,-0.73701831273));
#5610 = ORIENTED_EDGE('',*,*,#5611,.T.);
#5611 = EDGE_CURVE('',#5603,#5585,#5612,.T.);
#5612 = CIRCLE('',#5613,2.143498);
#5613 = AXIS2_PLACEMENT_3D('',#5614,#5615,#5616);
#5614 = CARTESIAN_POINT('',(0.,0.,3.579082372333));
#5615 = DIRECTION('',(0.,0.,-1.));
#5616 = DIRECTION('',(1.,0.,0.));
#5617 = FACE_BOUND('',#5618,.F.);
#5618 = EDGE_LOOP('',(#5619,#5630,#5639,#5648));
#5619 = ORIENTED_EDGE('',*,*,#5620,.F.);
#5620 = EDGE_CURVE('',#5621,#5623,#5625,.T.);
#5621 = VERTEX_POINT('',#5622);
#5622 = CARTESIAN_POINT('',(-0.58692839913,2.061576758284,0.244181993364
    ));
#5623 = VERTEX_POINT('',#5624);
#5624 = CARTESIAN_POINT('',(-2.049262695617,-0.628574641834,
    3.579082372333));
#5625 = ELLIPSE('',#5626,3.171451909742,2.143498);
#5626 = AXIS2_PLACEMENT_3D('',#5627,#5628,#5629);
#5627 = CARTESIAN_POINT('',(0.,0.,1.99193968854));
#5628 = DIRECTION('',(0.319780261325,0.664030554844,0.675872774049));
#5629 = DIRECTION('',(0.293250206372,0.608940328081,-0.73701831273));
#5630 = ORIENTED_EDGE('',*,*,#5631,.F.);
#5631 = EDGE_CURVE('',#5632,#5621,#5634,.T.);
#5632 = VERTEX_POINT('',#5633);
#5633 = CARTESIAN_POINT('',(-0.78625494798,1.994087970171,0.244181993364
    ));
#5634 = CIRCLE('',#5635,2.143498);
#5635 = AXIS2_PLACEMENT_3D('',#5636,#5637,#5638);
#5636 = CARTESIAN_POINT('',(0.,0.,0.244181993364));
#5637 = DIRECTION('',(0.,0.,-1.));
#5638 = DIRECTION('',(1.,0.,0.));
#5639 = ORIENTED_EDGE('',*,*,#5640,.F.);
#5640 = EDGE_CURVE('',#5641,#5632,#5643,.T.);
#5641 = VERTEX_POINT('',#5642);
#5642 = CARTESIAN_POINT('',(-1.97774948443,-0.826492984145,
    3.579082372333));
#5643 = ELLIPSE('',#5644,3.171451909742,2.143498);
#5644 = AXIS2_PLACEMENT_3D('',#5645,#5646,#5647);
#5645 = CARTESIAN_POINT('',(0.,0.,1.831324677157));
#5646 = DIRECTION('',(-0.319780261325,-0.664030554844,-0.675872774049));
#5647 = DIRECTION('',(0.293250206372,0.608940328081,-0.73701831273));
#5648 = ORIENTED_EDGE('',*,*,#5649,.T.);
#5649 = EDGE_CURVE('',#5641,#5623,#5650,.T.);
#5650 = CIRCLE('',#5651,2.143498);
#5651 = AXIS2_PLACEMENT_3D('',#5652,#5653,#5654);
#5652 = CARTESIAN_POINT('',(0.,0.,3.579082372333));
#5653 = DIRECTION('',(0.,0.,-1.));
#5654 = DIRECTION('',(1.,0.,0.));
#5655 = FACE_BOUND('',#5656,.F.);
#5656 = EDGE_LOOP('',(#5657,#5668,#5677,#5686));
#5657 = ORIENTED_EDGE('',*,*,#5658,.F.);
#5658 = EDGE_CURVE('',#5659,#5661,#5663,.T.);
#5659 = VERTEX_POINT('',#5660);
#5660 = CARTESIAN_POINT('',(-1.97774948443,0.826492984145,0.244181993364
    ));
#5661 = VERTEX_POINT('',#5662);
#5662 = CARTESIAN_POINT('',(-0.78625494798,-1.994087970171,
    3.579082372333));
#5663 = ELLIPSE('',#5664,3.171451909742,2.143498);
#5664 = AXIS2_PLACEMENT_3D('',#5665,#5666,#5667);
#5665 = CARTESIAN_POINT('',(0.,0.,1.99193968854));
#5666 = DIRECTION('',(-0.319780261325,0.664030554844,0.675872774049));
#5667 = DIRECTION('',(-0.293250206372,0.608940328081,-0.73701831273));
#5668 = ORIENTED_EDGE('',*,*,#5669,.F.);
#5669 = EDGE_CURVE('',#5670,#5659,#5672,.T.);
#5670 = VERTEX_POINT('',#5671);
#5671 = CARTESIAN_POINT('',(-2.049262695617,0.628574641834,
    0.244181993364));
#5672 = CIRCLE('',#5673,2.143498);
#5673 = AXIS2_PLACEMENT_3D('',#5674,#5675,#5676);
#5674 = CARTESIAN_POINT('',(0.,0.,0.244181993364));
#5675 = DIRECTION('',(0.,0.,-1.));
#5676 = DIRECTION('',(1.,0.,0.));
#5677 = ORIENTED_EDGE('',*,*,#5678,.F.);
#5678 = EDGE_CURVE('',#5679,#5670,#5681,.T.);
#5679 = VERTEX_POINT('',#5680);
#5680 = CARTESIAN_POINT('',(-0.58692839913,-2.061576758284,
    3.579082372333));
#5681 = ELLIPSE('',#5682,3.171451909742,2.143498);
#5682 = AXIS2_PLACEMENT_3D('',#5683,#5684,#5685);
#5683 = CARTESIAN_POINT('',(0.,0.,1.831324677157));
#5684 = DIRECTION('',(0.319780261325,-0.664030554844,-0.675872774049));
#5685 = DIRECTION('',(-0.293250206372,0.608940328081,-0.73701831273));
#5686 = ORIENTED_EDGE('',*,*,#5687,.T.);
#5687 = EDGE_CURVE('',#5679,#5661,#5688,.T.);
#5688 = CIRCLE('',#5689,2.143498);
#5689 = AXIS2_PLACEMENT_3D('',#5690,#5691,#5692);
#5690 = CARTESIAN_POINT('',(0.,0.,3.579082372333));
#5691 = DIRECTION('',(0.,0.,-1.));
#5692 = DIRECTION('',(1.,0.,0.));
#5693 = FACE_BOUND('',#5694,.F.);
#5694 = EDGE_LOOP('',(#5695,#5706,#5715,#5724));
#5695 = ORIENTED_EDGE('',*,*,#5696,.F.);
#5696 = EDGE_CURVE('',#5697,#5699,#5701,.T.);
#5697 = VERTEX_POINT('',#5698);
#5698 = CARTESIAN_POINT('',(-1.879284869217,-1.03095686444,
    0.244181993364));
#5699 = VERTEX_POINT('',#5700);
#5700 = CARTESIAN_POINT('',(1.068818812164,-1.858012384988,
    3.579082372333));
#5701 = ELLIPSE('',#5702,3.171451909742,2.143498);
#5702 = AXIS2_PLACEMENT_3D('',#5703,#5704,#5705);
#5703 = CARTESIAN_POINT('',(0.,0.,1.99193968854));
#5704 = DIRECTION('',(-0.71853972487,0.164002003292,0.675872774049));
#5705 = DIRECTION('',(-0.658927232504,0.150395840917,-0.73701831273));
#5706 = ORIENTED_EDGE('',*,*,#5707,.F.);
#5707 = EDGE_CURVE('',#5708,#5697,#5710,.T.);
#5708 = VERTEX_POINT('',#5709);
#5709 = CARTESIAN_POINT('',(-1.769133836114,-1.21026821239,
    0.244181993364));
#5710 = CIRCLE('',#5711,2.143498);
#5711 = AXIS2_PLACEMENT_3D('',#5712,#5713,#5714);
#5712 = CARTESIAN_POINT('',(0.,0.,0.244181993364));
#5713 = DIRECTION('',(0.,0.,-1.));
#5714 = DIRECTION('',(1.,0.,0.));
#5715 = ORIENTED_EDGE('',*,*,#5716,.F.);
#5716 = EDGE_CURVE('',#5717,#5708,#5719,.T.);
#5717 = VERTEX_POINT('',#5718);
#5718 = CARTESIAN_POINT('',(1.245861741872,-1.744251184934,
    3.579082372333));
#5719 = ELLIPSE('',#5720,3.171451909742,2.143498);
#5720 = AXIS2_PLACEMENT_3D('',#5721,#5722,#5723);
#5721 = CARTESIAN_POINT('',(0.,0.,1.831324677157));
#5722 = DIRECTION('',(0.71853972487,-0.164002003292,-0.675872774049));
#5723 = DIRECTION('',(-0.658927232504,0.150395840917,-0.73701831273));
#5724 = ORIENTED_EDGE('',*,*,#5725,.T.);
#5725 = EDGE_CURVE('',#5717,#5699,#5726,.T.);
#5726 = CIRCLE('',#5727,2.143498);
#5727 = AXIS2_PLACEMENT_3D('',#5728,#5729,#5730);
#5728 = CARTESIAN_POINT('',(0.,0.,3.579082372333));
#5729 = DIRECTION('',(0.,0.,-1.));
#5730 = DIRECTION('',(1.,0.,0.));
#5731 = FACE_BOUND('',#5732,.F.);
#5732 = EDGE_LOOP('',(#5733,#5744,#5753,#5762));
#5733 = ORIENTED_EDGE('',*,*,#5734,.F.);
#5734 = EDGE_CURVE('',#5735,#5737,#5739,.T.);
#5735 = VERTEX_POINT('',#5736);
#5736 = CARTESIAN_POINT('',(-0.365680417058,-2.112075166414,
    0.244181993364));
#5737 = VERTEX_POINT('',#5738);
#5738 = CARTESIAN_POINT('',(2.119050206818,-0.322815577363,
    3.579082372333));
#5739 = ELLIPSE('',#5740,3.171451909742,2.143498);
#5740 = AXIS2_PLACEMENT_3D('',#5741,#5742,#5743);
#5741 = CARTESIAN_POINT('',(0.,0.,1.99193968854));
#5742 = DIRECTION('',(-0.576224120048,-0.45952340177,0.675872774049));
#5743 = DIRECTION('',(-0.528418612894,-0.421399781973,-0.73701831273));
#5744 = ORIENTED_EDGE('',*,*,#5745,.F.);
#5745 = EDGE_CURVE('',#5746,#5735,#5748,.T.);
#5746 = VERTEX_POINT('',#5747);
#5747 = CARTESIAN_POINT('',(-0.156811114263,-2.137754417712,
    0.244181993364));
#5748 = CIRCLE('',#5749,2.143498);
#5749 = AXIS2_PLACEMENT_3D('',#5750,#5751,#5752);
#5750 = CARTESIAN_POINT('',(0.,0.,0.244181993364));
#5751 = DIRECTION('',(0.,0.,-1.));
#5752 = DIRECTION('',(1.,0.,0.));
#5753 = ORIENTED_EDGE('',*,*,#5754,.F.);
#5754 = EDGE_CURVE('',#5755,#5746,#5757,.T.);
#5755 = VERTEX_POINT('',#5756);
#5756 = CARTESIAN_POINT('',(2.140492580297,-0.113468893088,
    3.579082372333));
#5757 = ELLIPSE('',#5758,3.171451909742,2.143498);
#5758 = AXIS2_PLACEMENT_3D('',#5759,#5760,#5761);
#5759 = CARTESIAN_POINT('',(0.,0.,1.831324677157));
#5760 = DIRECTION('',(0.576224120048,0.45952340177,-0.675872774049));
#5761 = DIRECTION('',(-0.528418612894,-0.421399781973,-0.73701831273));
#5762 = ORIENTED_EDGE('',*,*,#5763,.T.);
#5763 = EDGE_CURVE('',#5755,#5737,#5764,.T.);
#5764 = CIRCLE('',#5765,2.143498);
#5765 = AXIS2_PLACEMENT_3D('',#5766,#5767,#5768);
#5766 = CARTESIAN_POINT('',(0.,0.,3.579082372333));
#5767 = DIRECTION('',(0.,0.,-1.));
#5768 = DIRECTION('',(1.,0.,0.));
#5769 = CYLINDRICAL_SURFACE('',#5770,2.143498);
#5770 = AXIS2_PLACEMENT_3D('',#5771,#5772,#5773);
#5771 = CARTESIAN_POINT('',(0.,0.,0.));
#5772 = DIRECTION('',(-0.,-0.,-1.));
#5773 = DIRECTION('',(1.,0.,0.));
#5774 = ADVANCED_FACE('',(#5775),#5802,.T.);
#5775 = FACE_BOUND('',#5776,.T.);
#5776 = EDGE_LOOP('',(#5777,#5778,#5786,#5795,#5801));
#5777 = ORIENTED_EDGE('',*,*,#5474,.F.);
#5778 = ORIENTED_EDGE('',*,*,#5779,.T.);
#5779 = EDGE_CURVE('',#5475,#5780,#5782,.T.);
#5780 = VERTEX_POINT('',#5781);
#5781 = CARTESIAN_POINT('',(6.139233866525,1.602757789597,3.579082372333
    ));
#5782 = LINE('',#5783,#5784);
#5783 = CARTESIAN_POINT('',(0.,1.602757789597,3.579082372333));
#5784 = VECTOR('',#5785,1.);
#5785 = DIRECTION('',(1.,0.,0.));
#5786 = ORIENTED_EDGE('',*,*,#5787,.T.);
#5787 = EDGE_CURVE('',#5780,#5788,#5790,.T.);
#5788 = VERTEX_POINT('',#5789);
#5789 = CARTESIAN_POINT('',(6.175810721132,-1.455467944254,
    0.244181993364));
#5790 = ELLIPSE('',#5791,9.387861508299,6.345);
#5791 = AXIS2_PLACEMENT_3D('',#5792,#5793,#5794);
#5792 = CARTESIAN_POINT('',(0.,0.,1.831324677157));
#5793 = DIRECTION('',(0.,0.73701831273,-0.675872774049));
#5794 = DIRECTION('',(0.,0.675872774049,0.73701831273));
#5795 = ORIENTED_EDGE('',*,*,#5796,.F.);
#5796 = EDGE_CURVE('',#5527,#5788,#5797,.T.);
#5797 = LINE('',#5798,#5799);
#5798 = CARTESIAN_POINT('',(0.,-1.455467944254,0.244181993364));
#5799 = VECTOR('',#5800,1.);
#5800 = DIRECTION('',(1.,0.,0.));
#5801 = ORIENTED_EDGE('',*,*,#5535,.F.);
#5802 = PLANE('',#5803);
#5803 = AXIS2_PLACEMENT_3D('',#5804,#5805,#5806);
#5804 = CARTESIAN_POINT('',(0.,1.602757789597,3.579082372333));
#5805 = DIRECTION('',(0.,0.73701831273,-0.675872774049));
#5806 = DIRECTION('',(0.,-0.675872774049,-0.73701831273));
#5807 = ADVANCED_FACE('',(#5808),#5827,.T.);
#5808 = FACE_BOUND('',#5809,.T.);
#5809 = EDGE_LOOP('',(#5810,#5811,#5812,#5821));
#5810 = ORIENTED_EDGE('',*,*,#5526,.F.);
#5811 = ORIENTED_EDGE('',*,*,#5796,.T.);
#5812 = ORIENTED_EDGE('',*,*,#5813,.F.);
#5813 = EDGE_CURVE('',#5814,#5788,#5816,.T.);
#5814 = VERTEX_POINT('',#5815);
#5815 = CARTESIAN_POINT('',(6.139233866525,-1.602757789597,
    0.244181993364));
#5816 = CIRCLE('',#5817,6.345);
#5817 = AXIS2_PLACEMENT_3D('',#5818,#5819,#5820);
#5818 = CARTESIAN_POINT('',(0.,0.,0.244181993364));
#5819 = DIRECTION('',(0.,0.,1.));
#5820 = DIRECTION('',(1.,0.,0.));
#5821 = ORIENTED_EDGE('',*,*,#5822,.F.);
#5822 = EDGE_CURVE('',#5518,#5814,#5823,.T.);
#5823 = LINE('',#5824,#5825);
#5824 = CARTESIAN_POINT('',(0.,-1.602757789597,0.244181993364));
#5825 = VECTOR('',#5826,1.);
#5826 = DIRECTION('',(1.,0.,0.));
#5827 = PLANE('',#5828);
#5828 = AXIS2_PLACEMENT_3D('',#5829,#5830,#5831);
#5829 = CARTESIAN_POINT('',(0.,-1.455467944254,0.244181993364));
#5830 = DIRECTION('',(0.,-5.7E-16,-1.));
#5831 = DIRECTION('',(0.,-1.,5.7E-16));
#5832 = ADVANCED_FACE('',(#5833),#5853,.T.);
#5833 = FACE_BOUND('',#5834,.T.);
#5834 = EDGE_LOOP('',(#5835,#5836,#5837,#5846,#5852));
#5835 = ORIENTED_EDGE('',*,*,#5517,.F.);
#5836 = ORIENTED_EDGE('',*,*,#5822,.T.);
#5837 = ORIENTED_EDGE('',*,*,#5838,.T.);
#5838 = EDGE_CURVE('',#5814,#5839,#5841,.T.);
#5839 = VERTEX_POINT('',#5840);
#5840 = CARTESIAN_POINT('',(6.175810721132,1.455467944254,3.579082372333
    ));
#5841 = ELLIPSE('',#5842,9.387861508299,6.345);
#5842 = AXIS2_PLACEMENT_3D('',#5843,#5844,#5845);
#5843 = CARTESIAN_POINT('',(0.,0.,1.99193968854));
#5844 = DIRECTION('',(0.,-0.73701831273,0.675872774049));
#5845 = DIRECTION('',(0.,0.675872774049,0.73701831273));
#5846 = ORIENTED_EDGE('',*,*,#5847,.F.);
#5847 = EDGE_CURVE('',#5484,#5839,#5848,.T.);
#5848 = LINE('',#5849,#5850);
#5849 = CARTESIAN_POINT('',(0.,1.455467944254,3.579082372333));
#5850 = VECTOR('',#5851,1.);
#5851 = DIRECTION('',(1.,0.,0.));
#5852 = ORIENTED_EDGE('',*,*,#5492,.F.);
#5853 = PLANE('',#5854);
#5854 = AXIS2_PLACEMENT_3D('',#5855,#5856,#5857);
#5855 = CARTESIAN_POINT('',(0.,-1.602757789597,0.244181993364));
#5856 = DIRECTION('',(0.,-0.73701831273,0.675872774049));
#5857 = DIRECTION('',(0.,0.675872774049,0.73701831273));
#5858 = ADVANCED_FACE('',(#5859),#5879,.T.);
#5859 = FACE_BOUND('',#5860,.T.);
#5860 = EDGE_LOOP('',(#5861,#5870,#5871,#5872));
#5861 = ORIENTED_EDGE('',*,*,#5862,.F.);
#5862 = EDGE_CURVE('',#5502,#5863,#5865,.T.);
#5863 = VERTEX_POINT('',#5864);
#5864 = CARTESIAN_POINT('',(2.043498,0.,4.));
#5865 = CIRCLE('',#5866,0.1);
#5866 = AXIS2_PLACEMENT_3D('',#5867,#5868,#5869);
#5867 = CARTESIAN_POINT('',(2.043498,0.,3.9));
#5868 = DIRECTION('',(0.,-1.,0.));
#5869 = DIRECTION('',(1.,0.,0.));
#5870 = ORIENTED_EDGE('',*,*,#5509,.T.);
#5871 = ORIENTED_EDGE('',*,*,#5862,.T.);
#5872 = ORIENTED_EDGE('',*,*,#5873,.F.);
#5873 = EDGE_CURVE('',#5863,#5863,#5874,.T.);
#5874 = CIRCLE('',#5875,2.043498);
#5875 = AXIS2_PLACEMENT_3D('',#5876,#5877,#5878);
#5876 = CARTESIAN_POINT('',(0.,0.,4.));
#5877 = DIRECTION('',(0.,0.,1.));
#5878 = DIRECTION('',(1.,0.,0.));
#5879 = TOROIDAL_SURFACE('',#5880,2.043498,0.1);
#5880 = AXIS2_PLACEMENT_3D('',#5881,#5882,#5883);
#5881 = CARTESIAN_POINT('',(0.,0.,3.9));
#5882 = DIRECTION('',(0.,0.,1.));
#5883 = DIRECTION('',(1.,0.,0.));
#5884 = ADVANCED_FACE('',(#5885),#5897,.T.);
#5885 = FACE_BOUND('',#5886,.T.);
#5886 = EDGE_LOOP('',(#5887,#5888,#5889,#5890));
#5887 = ORIENTED_EDGE('',*,*,#5779,.F.);
#5888 = ORIENTED_EDGE('',*,*,#5483,.T.);
#5889 = ORIENTED_EDGE('',*,*,#5847,.T.);
#5890 = ORIENTED_EDGE('',*,*,#5891,.T.);
#5891 = EDGE_CURVE('',#5839,#5780,#5892,.T.);
#5892 = CIRCLE('',#5893,6.345);
#5893 = AXIS2_PLACEMENT_3D('',#5894,#5895,#5896);
#5894 = CARTESIAN_POINT('',(0.,0.,3.579082372333));
#5895 = DIRECTION('',(0.,0.,1.));
#5896 = DIRECTION('',(1.,0.,0.));
#5897 = PLANE('',#5898);
#5898 = AXIS2_PLACEMENT_3D('',#5899,#5900,#5901);
#5899 = CARTESIAN_POINT('',(0.,1.455467944254,3.579082372333));
#5900 = DIRECTION('',(0.,0.,1.));
#5901 = DIRECTION('',(0.,1.,0.));
#5902 = ADVANCED_FACE('',(#5903),#5906,.F.);
#5903 = FACE_BOUND('',#5904,.F.);
#5904 = EDGE_LOOP('',(#5905));
#5905 = ORIENTED_EDGE('',*,*,#5466,.T.);
#5906 = PLANE('',#5907);
#5907 = AXIS2_PLACEMENT_3D('',#5908,#5909,#5910);
#5908 = CARTESIAN_POINT('',(-1.2E-16,1.5E-16,0.));
#5909 = DIRECTION('',(0.,0.,1.));
#5910 = DIRECTION('',(1.,0.,0.));
#5911 = ADVANCED_FACE('',(#5912),#5938,.T.);
#5912 = FACE_BOUND('',#5913,.T.);
#5913 = EDGE_LOOP('',(#5914,#5915,#5923,#5932));
#5914 = ORIENTED_EDGE('',*,*,#5544,.F.);
#5915 = ORIENTED_EDGE('',*,*,#5916,.T.);
#5916 = EDGE_CURVE('',#5545,#5917,#5919,.T.);
#5917 = VERTEX_POINT('',#5918);
#5918 = CARTESIAN_POINT('',(5.080836205682,3.80054317842,0.244181993364)
  );
#5919 = LINE('',#5920,#5921);
#5920 = CARTESIAN_POINT('',(1.253086498678,-0.999303136663,
    0.244181993364));
#5921 = VECTOR('',#5922,1.);
#5922 = DIRECTION('',(0.623489801859,0.781831482468,0.));
#5923 = ORIENTED_EDGE('',*,*,#5924,.T.);
#5924 = EDGE_CURVE('',#5917,#5925,#5927,.T.);
#5925 = VERTEX_POINT('',#5926);
#5926 = CARTESIAN_POINT('',(2.712624342295,5.735912671719,3.579082372333
    ));
#5927 = ELLIPSE('',#5928,9.387861508299,6.345);
#5928 = AXIS2_PLACEMENT_3D('',#5929,#5930,#5931);
#5929 = CARTESIAN_POINT('',(2.6E-16,-9.E-17,1.99193968854));
#5930 = DIRECTION('',(0.576224120048,-0.45952340177,0.675872774049));
#5931 = DIRECTION('',(-0.528418612894,0.421399781973,0.73701831273));
#5932 = ORIENTED_EDGE('',*,*,#5933,.F.);
#5933 = EDGE_CURVE('',#5547,#5925,#5934,.T.);
#5934 = LINE('',#5935,#5936);
#5935 = CARTESIAN_POINT('',(-1.137930660541,0.907469420174,
    3.579082372333));
#5936 = VECTOR('',#5937,1.);
#5937 = DIRECTION('',(0.623489801859,0.781831482468,0.));
#5938 = PLANE('',#5939);
#5939 = AXIS2_PLACEMENT_3D('',#5940,#5941,#5942);
#5940 = CARTESIAN_POINT('',(1.253086498678,-0.999303136663,
    0.244181993364));
#5941 = DIRECTION('',(0.576224120048,-0.45952340177,0.675872774049));
#5942 = DIRECTION('',(-0.528418612894,0.421399781973,0.73701831273));
#5943 = ADVANCED_FACE('',(#5944),#5963,.T.);
#5944 = FACE_BOUND('',#5945,.T.);
#5945 = EDGE_LOOP('',(#5946,#5954,#5955,#5956));
#5946 = ORIENTED_EDGE('',*,*,#5947,.F.);
#5947 = EDGE_CURVE('',#5565,#5948,#5950,.T.);
#5948 = VERTEX_POINT('',#5949);
#5949 = CARTESIAN_POINT('',(2.574663208327,5.799149451746,3.579082372333
    ));
#5950 = LINE('',#5951,#5952);
#5951 = CARTESIAN_POINT('',(-1.253086498678,0.999303136663,
    3.579082372333));
#5952 = VECTOR('',#5953,1.);
#5953 = DIRECTION('',(0.623489801859,0.781831482468,0.));
#5954 = ORIENTED_EDGE('',*,*,#5573,.T.);
#5955 = ORIENTED_EDGE('',*,*,#5933,.T.);
#5956 = ORIENTED_EDGE('',*,*,#5957,.T.);
#5957 = EDGE_CURVE('',#5925,#5948,#5958,.T.);
#5958 = CIRCLE('',#5959,6.345);
#5959 = AXIS2_PLACEMENT_3D('',#5960,#5961,#5962);
#5960 = CARTESIAN_POINT('',(4.6E-16,-1.6E-16,3.579082372333));
#5961 = DIRECTION('',(1.3E-16,-4.E-17,1.));
#5962 = DIRECTION('',(0.623489801859,0.781831482468,-4.978041494291E-17)
  );
#5963 = PLANE('',#5964);
#5964 = AXIS2_PLACEMENT_3D('',#5965,#5966,#5967);
#5965 = CARTESIAN_POINT('',(-1.137930660541,0.907469420174,
    3.579082372333));
#5966 = DIRECTION('',(0.,0.,1.));
#5967 = DIRECTION('',(-0.781831482468,0.623489801859,0.));
#5968 = ADVANCED_FACE('',(#5969),#5988,.T.);
#5969 = FACE_BOUND('',#5970,.T.);
#5970 = EDGE_LOOP('',(#5971,#5972,#5973,#5982));
#5971 = ORIENTED_EDGE('',*,*,#5564,.F.);
#5972 = ORIENTED_EDGE('',*,*,#5947,.T.);
#5973 = ORIENTED_EDGE('',*,*,#5974,.T.);
#5974 = EDGE_CURVE('',#5948,#5975,#5977,.T.);
#5975 = VERTEX_POINT('',#5976);
#5976 = CARTESIAN_POINT('',(4.988485663376,3.92097383137,0.244181993364)
  );
#5977 = ELLIPSE('',#5978,9.387861508299,6.345);
#5978 = AXIS2_PLACEMENT_3D('',#5979,#5980,#5981);
#5979 = CARTESIAN_POINT('',(2.4E-16,-8.E-17,1.831324677157));
#5980 = DIRECTION('',(-0.576224120048,0.45952340177,-0.675872774049));
#5981 = DIRECTION('',(-0.528418612894,0.421399781973,0.73701831273));
#5982 = ORIENTED_EDGE('',*,*,#5983,.F.);
#5983 = EDGE_CURVE('',#5556,#5975,#5984,.T.);
#5984 = LINE('',#5985,#5986);
#5985 = CARTESIAN_POINT('',(1.137930660541,-0.907469420174,
    0.244181993364));
#5986 = VECTOR('',#5987,1.);
#5987 = DIRECTION('',(0.623489801859,0.781831482468,0.));
#5988 = PLANE('',#5989);
#5989 = AXIS2_PLACEMENT_3D('',#5990,#5991,#5992);
#5990 = CARTESIAN_POINT('',(-1.253086498678,0.999303136663,
    3.579082372333));
#5991 = DIRECTION('',(-0.576224120048,0.45952340177,-0.675872774049));
#5992 = DIRECTION('',(0.528418612894,-0.421399781973,-0.73701831273));
#5993 = ADVANCED_FACE('',(#5994),#6006,.T.);
#5994 = FACE_BOUND('',#5995,.T.);
#5995 = EDGE_LOOP('',(#5996,#5997,#5998,#6005));
#5996 = ORIENTED_EDGE('',*,*,#5555,.F.);
#5997 = ORIENTED_EDGE('',*,*,#5983,.T.);
#5998 = ORIENTED_EDGE('',*,*,#5999,.F.);
#5999 = EDGE_CURVE('',#5917,#5975,#6000,.T.);
#6000 = CIRCLE('',#6001,6.345);
#6001 = AXIS2_PLACEMENT_3D('',#6002,#6003,#6004);
#6002 = CARTESIAN_POINT('',(3.E-17,-1.E-17,0.244181993364));
#6003 = DIRECTION('',(1.3E-16,-4.E-17,1.));
#6004 = DIRECTION('',(0.623489801859,0.781831482468,-4.978041494291E-17)
  );
#6005 = ORIENTED_EDGE('',*,*,#5916,.F.);
#6006 = PLANE('',#6007);
#6007 = AXIS2_PLACEMENT_3D('',#6008,#6009,#6010);
#6008 = CARTESIAN_POINT('',(1.137930660541,-0.907469420174,
    0.244181993364));
#6009 = DIRECTION('',(4.456439450068E-16,-3.553891870595E-16,-1.));
#6010 = DIRECTION('',(0.781831482468,-0.623489801859,5.7E-16));
#6011 = ADVANCED_FACE('',(#6012),#6038,.T.);
#6012 = FACE_BOUND('',#6013,.T.);
#6013 = EDGE_LOOP('',(#6014,#6015,#6023,#6032));
#6014 = ORIENTED_EDGE('',*,*,#5582,.F.);
#6015 = ORIENTED_EDGE('',*,*,#6016,.T.);
#6016 = EDGE_CURVE('',#5583,#6017,#6019,.T.);
#6017 = VERTEX_POINT('',#6018);
#6018 = CARTESIAN_POINT('',(0.196465251789,6.341957616134,0.244181993364
    ));
#6019 = LINE('',#6020,#6021);
#6020 = CARTESIAN_POINT('',(1.562573305545,0.356647160247,0.244181993364
    ));
#6021 = VECTOR('',#6022,1.);
#6022 = DIRECTION('',(-0.222520933956,0.974927912182,0.));
#6023 = ORIENTED_EDGE('',*,*,#6024,.T.);
#6024 = EDGE_CURVE('',#6017,#6025,#6027,.T.);
#6025 = VERTEX_POINT('',#6026);
#6026 = CARTESIAN_POINT('',(-2.793223493743,5.697098166085,
    3.579082372333));
#6027 = ELLIPSE('',#6028,9.387861508299,6.345);
#6028 = AXIS2_PLACEMENT_3D('',#6029,#6030,#6031);
#6029 = CARTESIAN_POINT('',(4.9E-16,5.E-17,1.99193968854));
#6030 = DIRECTION('',(0.71853972487,0.164002003292,0.675872774049));
#6031 = DIRECTION('',(-0.658927232504,-0.150395840917,0.73701831273));
#6032 = ORIENTED_EDGE('',*,*,#6033,.F.);
#6033 = EDGE_CURVE('',#5585,#6025,#6034,.T.);
#6034 = LINE('',#6035,#6036);
#6035 = CARTESIAN_POINT('',(-1.418976324139,-0.323872086299,
    3.579082372333));
#6036 = VECTOR('',#6037,1.);
#6037 = DIRECTION('',(-0.222520933956,0.974927912182,0.));
#6038 = PLANE('',#6039);
#6039 = AXIS2_PLACEMENT_3D('',#6040,#6041,#6042);
#6040 = CARTESIAN_POINT('',(1.562573305545,0.356647160247,0.244181993364
    ));
#6041 = DIRECTION('',(0.71853972487,0.164002003292,0.675872774049));
#6042 = DIRECTION('',(-0.658927232504,-0.150395840917,0.73701831273));
#6043 = ADVANCED_FACE('',(#6044),#6063,.T.);
#6044 = FACE_BOUND('',#6045,.T.);
#6045 = EDGE_LOOP('',(#6046,#6054,#6055,#6056));
#6046 = ORIENTED_EDGE('',*,*,#6047,.F.);
#6047 = EDGE_CURVE('',#5603,#6048,#6050,.T.);
#6048 = VERTEX_POINT('',#6049);
#6049 = CARTESIAN_POINT('',(-2.9286813593,5.62866329564,3.579082372333)
  );
#6050 = LINE('',#6051,#6052);
#6051 = CARTESIAN_POINT('',(-1.562573305545,-0.356647160247,
    3.579082372333));
#6052 = VECTOR('',#6053,1.);
#6053 = DIRECTION('',(-0.222520933956,0.974927912182,0.));
#6054 = ORIENTED_EDGE('',*,*,#5611,.T.);
#6055 = ORIENTED_EDGE('',*,*,#6033,.T.);
#6056 = ORIENTED_EDGE('',*,*,#6057,.T.);
#6057 = EDGE_CURVE('',#6025,#6048,#6058,.T.);
#6058 = CIRCLE('',#6059,6.345);
#6059 = AXIS2_PLACEMENT_3D('',#6060,#6061,#6062);
#6060 = CARTESIAN_POINT('',(8.7E-16,1.E-16,3.579082372333));
#6061 = DIRECTION('',(2.4E-16,3.E-17,1.));
#6062 = DIRECTION('',(-0.222520933956,0.974927912182,2.415718678406E-17)
  );
#6063 = PLANE('',#6064);
#6064 = AXIS2_PLACEMENT_3D('',#6065,#6066,#6067);
#6065 = CARTESIAN_POINT('',(-1.418976324139,-0.323872086299,
    3.579082372333));
#6066 = DIRECTION('',(0.,0.,1.));
#6067 = DIRECTION('',(-0.974927912182,-0.222520933956,0.));
#6068 = ADVANCED_FACE('',(#6069),#6088,.T.);
#6069 = FACE_BOUND('',#6070,.T.);
#6070 = EDGE_LOOP('',(#6071,#6072,#6073,#6082));
#6071 = ORIENTED_EDGE('',*,*,#5602,.F.);
#6072 = ORIENTED_EDGE('',*,*,#6047,.T.);
#6073 = ORIENTED_EDGE('',*,*,#6074,.T.);
#6074 = EDGE_CURVE('',#6048,#6075,#6077,.T.);
#6075 = VERTEX_POINT('',#6076);
#6076 = CARTESIAN_POINT('',(4.472915453507E-02,6.344842338682,
    0.244181993364));
#6077 = ELLIPSE('',#6078,9.387861508299,6.345);
#6078 = AXIS2_PLACEMENT_3D('',#6079,#6080,#6081);
#6079 = CARTESIAN_POINT('',(4.5E-16,5.E-17,1.831324677157));
#6080 = DIRECTION('',(-0.71853972487,-0.164002003292,-0.675872774049));
#6081 = DIRECTION('',(-0.658927232504,-0.150395840917,0.73701831273));
#6082 = ORIENTED_EDGE('',*,*,#6083,.F.);
#6083 = EDGE_CURVE('',#5594,#6075,#6084,.T.);
#6084 = LINE('',#6085,#6086);
#6085 = CARTESIAN_POINT('',(1.418976324139,0.323872086299,0.244181993364
    ));
#6086 = VECTOR('',#6087,1.);
#6087 = DIRECTION('',(-0.222520933956,0.974927912182,0.));
#6088 = PLANE('',#6089);
#6089 = AXIS2_PLACEMENT_3D('',#6090,#6091,#6092);
#6090 = CARTESIAN_POINT('',(-1.562573305545,-0.356647160247,
    3.579082372333));
#6091 = DIRECTION('',(-0.71853972487,-0.164002003292,-0.675872774049));
#6092 = DIRECTION('',(0.658927232504,0.150395840917,-0.73701831273));
#6093 = ADVANCED_FACE('',(#6094),#6106,.T.);
#6094 = FACE_BOUND('',#6095,.T.);
#6095 = EDGE_LOOP('',(#6096,#6097,#6098,#6105));
#6096 = ORIENTED_EDGE('',*,*,#5593,.F.);
#6097 = ORIENTED_EDGE('',*,*,#6083,.T.);
#6098 = ORIENTED_EDGE('',*,*,#6099,.F.);
#6099 = EDGE_CURVE('',#6017,#6075,#6100,.T.);
#6100 = CIRCLE('',#6101,6.345);
#6101 = AXIS2_PLACEMENT_3D('',#6102,#6103,#6104);
#6102 = CARTESIAN_POINT('',(6.E-17,1.E-17,0.244181993364));
#6103 = DIRECTION('',(2.4E-16,3.E-17,1.));
#6104 = DIRECTION('',(-0.222520933956,0.974927912182,2.415718678406E-17)
  );
#6105 = ORIENTED_EDGE('',*,*,#6016,.F.);
#6106 = PLANE('',#6107);
#6107 = AXIS2_PLACEMENT_3D('',#6108,#6109,#6110);
#6108 = CARTESIAN_POINT('',(1.418976324139,0.323872086299,0.244181993364
    ));
#6109 = DIRECTION('',(5.557089099436E-16,1.268369323551E-16,-1.));
#6110 = DIRECTION('',(0.974927912182,0.222520933956,5.7E-16));
#6111 = ADVANCED_FACE('',(#6112),#6138,.T.);
#6112 = FACE_BOUND('',#6113,.T.);
#6113 = EDGE_LOOP('',(#6114,#6115,#6123,#6132));
#6114 = ORIENTED_EDGE('',*,*,#5620,.F.);
#6115 = ORIENTED_EDGE('',*,*,#6116,.T.);
#6116 = EDGE_CURVE('',#5621,#6117,#6119,.T.);
#6117 = VERTEX_POINT('',#6118);
#6118 = CARTESIAN_POINT('',(-4.835848043861,4.10774861654,0.244181993364
    ));
#6119 = LINE('',#6120,#6121);
#6120 = CARTESIAN_POINT('',(0.69541054265,1.444034871215,0.244181993364)
  );
#6121 = VECTOR('',#6122,1.);
#6122 = DIRECTION('',(-0.900968867902,0.433883739118,0.));
#6123 = ORIENTED_EDGE('',*,*,#6124,.T.);
#6124 = EDGE_CURVE('',#6117,#6125,#6127,.T.);
#6125 = VERTEX_POINT('',#6126);
#6126 = CARTESIAN_POINT('',(-6.195717067617,1.368252541765,
    3.579082372333));
#6127 = ELLIPSE('',#6128,9.387861508299,6.345);
#6128 = AXIS2_PLACEMENT_3D('',#6129,#6130,#6131);
#6129 = CARTESIAN_POINT('',(5.2E-16,3.2E-16,1.99193968854));
#6130 = DIRECTION('',(0.319780261325,0.664030554844,0.675872774049));
#6131 = DIRECTION('',(-0.293250206372,-0.608940328081,0.73701831273));
#6132 = ORIENTED_EDGE('',*,*,#6133,.F.);
#6133 = EDGE_CURVE('',#5623,#6125,#6134,.T.);
#6134 = LINE('',#6135,#6136);
#6135 = CARTESIAN_POINT('',(-0.631503873819,-1.311331306002,
    3.579082372333));
#6136 = VECTOR('',#6137,1.);
#6137 = DIRECTION('',(-0.900968867902,0.433883739118,0.));
#6138 = PLANE('',#6139);
#6139 = AXIS2_PLACEMENT_3D('',#6140,#6141,#6142);
#6140 = CARTESIAN_POINT('',(0.69541054265,1.444034871215,0.244181993364)
  );
#6141 = DIRECTION('',(0.319780261325,0.664030554844,0.675872774049));
#6142 = DIRECTION('',(-0.293250206372,-0.608940328081,0.73701831273));
#6143 = ADVANCED_FACE('',(#6144),#6163,.T.);
#6144 = FACE_BOUND('',#6145,.T.);
#6145 = EDGE_LOOP('',(#6146,#6154,#6155,#6156));
#6146 = ORIENTED_EDGE('',*,*,#6147,.F.);
#6147 = EDGE_CURVE('',#5641,#6148,#6150,.T.);
#6148 = VERTEX_POINT('',#6149);
#6149 = CARTESIAN_POINT('',(-6.226669129161,1.21967887411,3.579082372333
    ));
#6150 = LINE('',#6151,#6152);
#6151 = CARTESIAN_POINT('',(-0.69541054265,-1.444034871215,
    3.579082372333));
#6152 = VECTOR('',#6153,1.);
#6153 = DIRECTION('',(-0.900968867902,0.433883739118,0.));
#6154 = ORIENTED_EDGE('',*,*,#5649,.T.);
#6155 = ORIENTED_EDGE('',*,*,#6133,.T.);
#6156 = ORIENTED_EDGE('',*,*,#6157,.T.);
#6157 = EDGE_CURVE('',#6125,#6148,#6158,.T.);
#6158 = CIRCLE('',#6159,6.345);
#6159 = AXIS2_PLACEMENT_3D('',#6160,#6161,#6162);
#6160 = CARTESIAN_POINT('',(9.3E-16,5.8E-16,3.579082372333));
#6161 = DIRECTION('',(2.6E-16,1.6E-16,1.));
#6162 = DIRECTION('',(-0.900968867902,0.433883739118,1.648305073958E-16)
  );
#6163 = PLANE('',#6164);
#6164 = AXIS2_PLACEMENT_3D('',#6165,#6166,#6167);
#6165 = CARTESIAN_POINT('',(-0.631503873819,-1.311331306002,
    3.579082372333));
#6166 = DIRECTION('',(0.,0.,1.));
#6167 = DIRECTION('',(-0.433883739118,-0.900968867902,0.));
#6168 = ADVANCED_FACE('',(#6169),#6188,.T.);
#6169 = FACE_BOUND('',#6170,.T.);
#6170 = EDGE_LOOP('',(#6171,#6172,#6173,#6182));
#6171 = ORIENTED_EDGE('',*,*,#5640,.F.);
#6172 = ORIENTED_EDGE('',*,*,#6147,.T.);
#6173 = ORIENTED_EDGE('',*,*,#6174,.T.);
#6174 = EDGE_CURVE('',#6148,#6175,#6177,.T.);
#6175 = VERTEX_POINT('',#6176);
#6176 = CARTESIAN_POINT('',(-4.932709319979,3.99091515377,0.244181993364
    ));
#6177 = ELLIPSE('',#6178,9.387861508299,6.345);
#6178 = AXIS2_PLACEMENT_3D('',#6179,#6180,#6181);
#6179 = CARTESIAN_POINT('',(4.7E-16,3.E-16,1.831324677157));
#6180 = DIRECTION('',(-0.319780261325,-0.664030554844,-0.675872774049));
#6181 = DIRECTION('',(-0.293250206372,-0.608940328081,0.73701831273));
#6182 = ORIENTED_EDGE('',*,*,#6183,.F.);
#6183 = EDGE_CURVE('',#5632,#6175,#6184,.T.);
#6184 = LINE('',#6185,#6186);
#6185 = CARTESIAN_POINT('',(0.631503873819,1.311331306002,0.244181993364
    ));
#6186 = VECTOR('',#6187,1.);
#6187 = DIRECTION('',(-0.900968867902,0.433883739118,0.));
#6188 = PLANE('',#6189);
#6189 = AXIS2_PLACEMENT_3D('',#6190,#6191,#6192);
#6190 = CARTESIAN_POINT('',(-0.69541054265,-1.444034871215,
    3.579082372333));
#6191 = DIRECTION('',(-0.319780261325,-0.664030554844,-0.675872774049));
#6192 = DIRECTION('',(0.293250206372,0.608940328081,-0.73701831273));
#6193 = ADVANCED_FACE('',(#6194),#6206,.T.);
#6194 = FACE_BOUND('',#6195,.T.);
#6195 = EDGE_LOOP('',(#6196,#6197,#6198,#6205));
#6196 = ORIENTED_EDGE('',*,*,#5631,.F.);
#6197 = ORIENTED_EDGE('',*,*,#6183,.T.);
#6198 = ORIENTED_EDGE('',*,*,#6199,.F.);
#6199 = EDGE_CURVE('',#6117,#6175,#6200,.T.);
#6200 = CIRCLE('',#6201,6.345);
#6201 = AXIS2_PLACEMENT_3D('',#6202,#6203,#6204);
#6202 = CARTESIAN_POINT('',(6.E-17,4.E-17,0.244181993364));
#6203 = DIRECTION('',(2.6E-16,1.6E-16,1.));
#6204 = DIRECTION('',(-0.900968867902,0.433883739118,1.648305073958E-16)
  );
#6205 = ORIENTED_EDGE('',*,*,#6116,.F.);
#6206 = PLANE('',#6207);
#6207 = AXIS2_PLACEMENT_3D('',#6208,#6209,#6210);
#6208 = CARTESIAN_POINT('',(0.631503873819,1.311331306002,0.244181993364
    ));
#6209 = DIRECTION('',(2.47313731297E-16,5.135522547044E-16,-1.));
#6210 = DIRECTION('',(0.433883739118,0.900968867902,5.7E-16));
#6211 = ADVANCED_FACE('',(#6212),#6238,.T.);
#6212 = FACE_BOUND('',#6213,.T.);
#6213 = EDGE_LOOP('',(#6214,#6215,#6223,#6232));
#6214 = ORIENTED_EDGE('',*,*,#5658,.F.);
#6215 = ORIENTED_EDGE('',*,*,#6216,.T.);
#6216 = EDGE_CURVE('',#5659,#6217,#6219,.T.);
#6217 = VERTEX_POINT('',#6218);
#6218 = CARTESIAN_POINT('',(-6.226669129161,-1.21967887411,
    0.244181993364));
#6219 = LINE('',#6220,#6221);
#6220 = CARTESIAN_POINT('',(-0.69541054265,1.444034871215,0.244181993364
    ));
#6221 = VECTOR('',#6222,1.);
#6222 = DIRECTION('',(-0.900968867902,-0.433883739118,0.));
#6223 = ORIENTED_EDGE('',*,*,#6224,.T.);
#6224 = EDGE_CURVE('',#6217,#6225,#6227,.T.);
#6225 = VERTEX_POINT('',#6226);
#6226 = CARTESIAN_POINT('',(-4.932709319979,-3.99091515377,
    3.579082372333));
#6227 = ELLIPSE('',#6228,9.387861508299,6.345);
#6228 = AXIS2_PLACEMENT_3D('',#6229,#6230,#6231);
#6229 = CARTESIAN_POINT('',(3.2E-16,5.2E-16,1.99193968854));
#6230 = DIRECTION('',(-0.319780261325,0.664030554844,0.675872774049));
#6231 = DIRECTION('',(0.293250206372,-0.608940328081,0.73701831273));
#6232 = ORIENTED_EDGE('',*,*,#6233,.F.);
#6233 = EDGE_CURVE('',#5661,#6225,#6234,.T.);
#6234 = LINE('',#6235,#6236);
#6235 = CARTESIAN_POINT('',(0.631503873819,-1.311331306002,
    3.579082372333));
#6236 = VECTOR('',#6237,1.);
#6237 = DIRECTION('',(-0.900968867902,-0.433883739118,0.));
#6238 = PLANE('',#6239);
#6239 = AXIS2_PLACEMENT_3D('',#6240,#6241,#6242);
#6240 = CARTESIAN_POINT('',(-0.69541054265,1.444034871215,0.244181993364
    ));
#6241 = DIRECTION('',(-0.319780261325,0.664030554844,0.675872774049));
#6242 = DIRECTION('',(0.293250206372,-0.608940328081,0.73701831273));
#6243 = ADVANCED_FACE('',(#6244),#6263,.T.);
#6244 = FACE_BOUND('',#6245,.T.);
#6245 = EDGE_LOOP('',(#6246,#6254,#6255,#6256));
#6246 = ORIENTED_EDGE('',*,*,#6247,.F.);
#6247 = EDGE_CURVE('',#5679,#6248,#6250,.T.);
#6248 = VERTEX_POINT('',#6249);
#6249 = CARTESIAN_POINT('',(-4.835848043861,-4.10774861654,
    3.579082372333));
#6250 = LINE('',#6251,#6252);
#6251 = CARTESIAN_POINT('',(0.69541054265,-1.444034871215,3.579082372333
    ));
#6252 = VECTOR('',#6253,1.);
#6253 = DIRECTION('',(-0.900968867902,-0.433883739118,0.));
#6254 = ORIENTED_EDGE('',*,*,#5687,.T.);
#6255 = ORIENTED_EDGE('',*,*,#6233,.T.);
#6256 = ORIENTED_EDGE('',*,*,#6257,.T.);
#6257 = EDGE_CURVE('',#6225,#6248,#6258,.T.);
#6258 = CIRCLE('',#6259,6.345);
#6259 = AXIS2_PLACEMENT_3D('',#6260,#6261,#6262);
#6260 = CARTESIAN_POINT('',(5.8E-16,9.3E-16,3.579082372333));
#6261 = DIRECTION('',(1.6E-16,2.6E-16,1.));
#6262 = DIRECTION('',(-0.900968867902,-0.433883739118,2.56964791035E-16)
  );
#6263 = PLANE('',#6264);
#6264 = AXIS2_PLACEMENT_3D('',#6265,#6266,#6267);
#6265 = CARTESIAN_POINT('',(0.631503873819,-1.311331306002,
    3.579082372333));
#6266 = DIRECTION('',(0.,0.,1.));
#6267 = DIRECTION('',(0.433883739118,-0.900968867902,0.));
#6268 = ADVANCED_FACE('',(#6269),#6288,.T.);
#6269 = FACE_BOUND('',#6270,.T.);
#6270 = EDGE_LOOP('',(#6271,#6272,#6273,#6282));
#6271 = ORIENTED_EDGE('',*,*,#5678,.F.);
#6272 = ORIENTED_EDGE('',*,*,#6247,.T.);
#6273 = ORIENTED_EDGE('',*,*,#6274,.T.);
#6274 = EDGE_CURVE('',#6248,#6275,#6277,.T.);
#6275 = VERTEX_POINT('',#6276);
#6276 = CARTESIAN_POINT('',(-6.195717067617,-1.368252541765,
    0.244181993364));
#6277 = ELLIPSE('',#6278,9.387861508299,6.345);
#6278 = AXIS2_PLACEMENT_3D('',#6279,#6280,#6281);
#6279 = CARTESIAN_POINT('',(3.E-16,4.7E-16,1.831324677157));
#6280 = DIRECTION('',(0.319780261325,-0.664030554844,-0.675872774049));
#6281 = DIRECTION('',(0.293250206372,-0.608940328081,0.73701831273));
#6282 = ORIENTED_EDGE('',*,*,#6283,.F.);
#6283 = EDGE_CURVE('',#5670,#6275,#6284,.T.);
#6284 = LINE('',#6285,#6286);
#6285 = CARTESIAN_POINT('',(-0.631503873819,1.311331306002,
    0.244181993364));
#6286 = VECTOR('',#6287,1.);
#6287 = DIRECTION('',(-0.900968867902,-0.433883739118,0.));
#6288 = PLANE('',#6289);
#6289 = AXIS2_PLACEMENT_3D('',#6290,#6291,#6292);
#6290 = CARTESIAN_POINT('',(0.69541054265,-1.444034871215,3.579082372333
    ));
#6291 = DIRECTION('',(0.319780261325,-0.664030554844,-0.675872774049));
#6292 = DIRECTION('',(-0.293250206372,0.608940328081,-0.73701831273));
#6293 = ADVANCED_FACE('',(#6294),#6306,.T.);
#6294 = FACE_BOUND('',#6295,.T.);
#6295 = EDGE_LOOP('',(#6296,#6297,#6298,#6305));
#6296 = ORIENTED_EDGE('',*,*,#5669,.F.);
#6297 = ORIENTED_EDGE('',*,*,#6283,.T.);
#6298 = ORIENTED_EDGE('',*,*,#6299,.F.);
#6299 = EDGE_CURVE('',#6217,#6275,#6300,.T.);
#6300 = CIRCLE('',#6301,6.345);
#6301 = AXIS2_PLACEMENT_3D('',#6302,#6303,#6304);
#6302 = CARTESIAN_POINT('',(4.E-17,6.E-17,0.244181993364));
#6303 = DIRECTION('',(1.6E-16,2.6E-16,1.));
#6304 = DIRECTION('',(-0.900968867902,-0.433883739118,2.56964791035E-16)
  );
#6305 = ORIENTED_EDGE('',*,*,#6216,.F.);
#6306 = PLANE('',#6307);
#6307 = AXIS2_PLACEMENT_3D('',#6308,#6309,#6310);
#6308 = CARTESIAN_POINT('',(-0.631503873819,1.311331306002,
    0.244181993364));
#6309 = DIRECTION('',(-2.47313731297E-16,5.135522547044E-16,-1.));
#6310 = DIRECTION('',(-0.433883739118,0.900968867902,5.7E-16));
#6311 = ADVANCED_FACE('',(#6312),#6338,.T.);
#6312 = FACE_BOUND('',#6313,.T.);
#6313 = EDGE_LOOP('',(#6314,#6315,#6323,#6332));
#6314 = ORIENTED_EDGE('',*,*,#5696,.F.);
#6315 = ORIENTED_EDGE('',*,*,#6316,.T.);
#6316 = EDGE_CURVE('',#5697,#6317,#6319,.T.);
#6317 = VERTEX_POINT('',#6318);
#6318 = CARTESIAN_POINT('',(-2.9286813593,-5.62866329564,0.244181993364)
  );
#6319 = LINE('',#6320,#6321);
#6320 = CARTESIAN_POINT('',(-1.562573305545,0.356647160247,
    0.244181993364));
#6321 = VECTOR('',#6322,1.);
#6322 = DIRECTION('',(-0.222520933956,-0.974927912182,0.));
#6323 = ORIENTED_EDGE('',*,*,#6324,.T.);
#6324 = EDGE_CURVE('',#6317,#6325,#6327,.T.);
#6325 = VERTEX_POINT('',#6326);
#6326 = CARTESIAN_POINT('',(4.472915453507E-02,-6.344842338682,
    3.579082372333));
#6327 = ELLIPSE('',#6328,9.387861508299,6.345);
#6328 = AXIS2_PLACEMENT_3D('',#6329,#6330,#6331);
#6329 = CARTESIAN_POINT('',(5.E-17,4.9E-16,1.99193968854));
#6330 = DIRECTION('',(-0.71853972487,0.164002003292,0.675872774049));
#6331 = DIRECTION('',(0.658927232504,-0.150395840917,0.73701831273));
#6332 = ORIENTED_EDGE('',*,*,#6333,.F.);
#6333 = EDGE_CURVE('',#5699,#6325,#6334,.T.);
#6334 = LINE('',#6335,#6336);
#6335 = CARTESIAN_POINT('',(1.418976324139,-0.323872086299,
    3.579082372333));
#6336 = VECTOR('',#6337,1.);
#6337 = DIRECTION('',(-0.222520933956,-0.974927912182,0.));
#6338 = PLANE('',#6339);
#6339 = AXIS2_PLACEMENT_3D('',#6340,#6341,#6342);
#6340 = CARTESIAN_POINT('',(-1.562573305545,0.356647160247,
    0.244181993364));
#6341 = DIRECTION('',(-0.71853972487,0.164002003292,0.675872774049));
#6342 = DIRECTION('',(0.658927232504,-0.150395840917,0.73701831273));
#6343 = ADVANCED_FACE('',(#6344),#6363,.T.);
#6344 = FACE_BOUND('',#6345,.T.);
#6345 = EDGE_LOOP('',(#6346,#6354,#6355,#6356));
#6346 = ORIENTED_EDGE('',*,*,#6347,.F.);
#6347 = EDGE_CURVE('',#5717,#6348,#6350,.T.);
#6348 = VERTEX_POINT('',#6349);
#6349 = CARTESIAN_POINT('',(0.196465251789,-6.341957616134,
    3.579082372333));
#6350 = LINE('',#6351,#6352);
#6351 = CARTESIAN_POINT('',(1.562573305545,-0.356647160247,
    3.579082372333));
#6352 = VECTOR('',#6353,1.);
#6353 = DIRECTION('',(-0.222520933956,-0.974927912182,0.));
#6354 = ORIENTED_EDGE('',*,*,#5725,.T.);
#6355 = ORIENTED_EDGE('',*,*,#6333,.T.);
#6356 = ORIENTED_EDGE('',*,*,#6357,.T.);
#6357 = EDGE_CURVE('',#6325,#6348,#6358,.T.);
#6358 = CIRCLE('',#6359,6.345);
#6359 = AXIS2_PLACEMENT_3D('',#6360,#6361,#6362);
#6360 = CARTESIAN_POINT('',(1.E-16,8.7E-16,3.579082372333));
#6361 = DIRECTION('',(3.E-17,2.4E-16,1.));
#6362 = DIRECTION('',(-0.222520933956,-0.974927912182,2.406583269423E-16
    ));
#6363 = PLANE('',#6364);
#6364 = AXIS2_PLACEMENT_3D('',#6365,#6366,#6367);
#6365 = CARTESIAN_POINT('',(1.418976324139,-0.323872086299,
    3.579082372333));
#6366 = DIRECTION('',(0.,0.,1.));
#6367 = DIRECTION('',(0.974927912182,-0.222520933956,0.));
#6368 = ADVANCED_FACE('',(#6369),#6388,.T.);
#6369 = FACE_BOUND('',#6370,.T.);
#6370 = EDGE_LOOP('',(#6371,#6372,#6373,#6382));
#6371 = ORIENTED_EDGE('',*,*,#5716,.F.);
#6372 = ORIENTED_EDGE('',*,*,#6347,.T.);
#6373 = ORIENTED_EDGE('',*,*,#6374,.T.);
#6374 = EDGE_CURVE('',#6348,#6375,#6377,.T.);
#6375 = VERTEX_POINT('',#6376);
#6376 = CARTESIAN_POINT('',(-2.793223493743,-5.697098166085,
    0.244181993364));
#6377 = ELLIPSE('',#6378,9.387861508299,6.345);
#6378 = AXIS2_PLACEMENT_3D('',#6379,#6380,#6381);
#6379 = CARTESIAN_POINT('',(5.E-17,4.5E-16,1.831324677157));
#6380 = DIRECTION('',(0.71853972487,-0.164002003292,-0.675872774049));
#6381 = DIRECTION('',(0.658927232504,-0.150395840917,0.73701831273));
#6382 = ORIENTED_EDGE('',*,*,#6383,.F.);
#6383 = EDGE_CURVE('',#5708,#6375,#6384,.T.);
#6384 = LINE('',#6385,#6386);
#6385 = CARTESIAN_POINT('',(-1.418976324139,0.323872086299,
    0.244181993364));
#6386 = VECTOR('',#6387,1.);
#6387 = DIRECTION('',(-0.222520933956,-0.974927912182,0.));
#6388 = PLANE('',#6389);
#6389 = AXIS2_PLACEMENT_3D('',#6390,#6391,#6392);
#6390 = CARTESIAN_POINT('',(1.562573305545,-0.356647160247,
    3.579082372333));
#6391 = DIRECTION('',(0.71853972487,-0.164002003292,-0.675872774049));
#6392 = DIRECTION('',(-0.658927232504,0.150395840917,-0.73701831273));
#6393 = ADVANCED_FACE('',(#6394),#6406,.T.);
#6394 = FACE_BOUND('',#6395,.T.);
#6395 = EDGE_LOOP('',(#6396,#6397,#6398,#6405));
#6396 = ORIENTED_EDGE('',*,*,#5707,.F.);
#6397 = ORIENTED_EDGE('',*,*,#6383,.T.);
#6398 = ORIENTED_EDGE('',*,*,#6399,.F.);
#6399 = EDGE_CURVE('',#6317,#6375,#6400,.T.);
#6400 = CIRCLE('',#6401,6.345);
#6401 = AXIS2_PLACEMENT_3D('',#6402,#6403,#6404);
#6402 = CARTESIAN_POINT('',(1.E-17,6.E-17,0.244181993364));
#6403 = DIRECTION('',(3.E-17,2.4E-16,1.));
#6404 = DIRECTION('',(-0.222520933956,-0.974927912182,2.406583269423E-16
    ));
#6405 = ORIENTED_EDGE('',*,*,#6316,.F.);
#6406 = PLANE('',#6407);
#6407 = AXIS2_PLACEMENT_3D('',#6408,#6409,#6410);
#6408 = CARTESIAN_POINT('',(-1.418976324139,0.323872086299,
    0.244181993364));
#6409 = DIRECTION('',(-5.557089099436E-16,1.268369323551E-16,-1.));
#6410 = DIRECTION('',(-0.974927912182,0.222520933956,5.7E-16));
#6411 = ADVANCED_FACE('',(#6412),#6438,.T.);
#6412 = FACE_BOUND('',#6413,.T.);
#6413 = EDGE_LOOP('',(#6414,#6415,#6423,#6432));
#6414 = ORIENTED_EDGE('',*,*,#5734,.F.);
#6415 = ORIENTED_EDGE('',*,*,#6416,.T.);
#6416 = EDGE_CURVE('',#5735,#6417,#6419,.T.);
#6417 = VERTEX_POINT('',#6418);
#6418 = CARTESIAN_POINT('',(2.574663208327,-5.799149451746,
    0.244181993364));
#6419 = LINE('',#6420,#6421);
#6420 = CARTESIAN_POINT('',(-1.253086498678,-0.999303136663,
    0.244181993364));
#6421 = VECTOR('',#6422,1.);
#6422 = DIRECTION('',(0.623489801859,-0.781831482468,0.));
#6423 = ORIENTED_EDGE('',*,*,#6424,.T.);
#6424 = EDGE_CURVE('',#6417,#6425,#6427,.T.);
#6425 = VERTEX_POINT('',#6426);
#6426 = CARTESIAN_POINT('',(4.988485663376,-3.92097383137,3.579082372333
    ));
#6427 = ELLIPSE('',#6428,9.387861508299,6.345);
#6428 = AXIS2_PLACEMENT_3D('',#6429,#6430,#6431);
#6429 = CARTESIAN_POINT('',(-9.E-17,2.6E-16,1.99193968854));
#6430 = DIRECTION('',(-0.576224120048,-0.45952340177,0.675872774049));
#6431 = DIRECTION('',(0.528418612894,0.421399781973,0.73701831273));
#6432 = ORIENTED_EDGE('',*,*,#6433,.F.);
#6433 = EDGE_CURVE('',#5737,#6425,#6434,.T.);
#6434 = LINE('',#6435,#6436);
#6435 = CARTESIAN_POINT('',(1.137930660541,0.907469420174,3.579082372333
    ));
#6436 = VECTOR('',#6437,1.);
#6437 = DIRECTION('',(0.623489801859,-0.781831482468,0.));
#6438 = PLANE('',#6439);
#6439 = AXIS2_PLACEMENT_3D('',#6440,#6441,#6442);
#6440 = CARTESIAN_POINT('',(-1.253086498678,-0.999303136663,
    0.244181993364));
#6441 = DIRECTION('',(-0.576224120048,-0.45952340177,0.675872774049));
#6442 = DIRECTION('',(0.528418612894,0.421399781973,0.73701831273));
#6443 = ADVANCED_FACE('',(#6444),#6463,.T.);
#6444 = FACE_BOUND('',#6445,.T.);
#6445 = EDGE_LOOP('',(#6446,#6454,#6455,#6456));
#6446 = ORIENTED_EDGE('',*,*,#6447,.F.);
#6447 = EDGE_CURVE('',#5755,#6448,#6450,.T.);
#6448 = VERTEX_POINT('',#6449);
#6449 = CARTESIAN_POINT('',(5.080836205682,-3.80054317842,3.579082372333
    ));
#6450 = LINE('',#6451,#6452);
#6451 = CARTESIAN_POINT('',(1.253086498678,0.999303136663,3.579082372333
    ));
#6452 = VECTOR('',#6453,1.);
#6453 = DIRECTION('',(0.623489801859,-0.781831482468,0.));
#6454 = ORIENTED_EDGE('',*,*,#5763,.T.);
#6455 = ORIENTED_EDGE('',*,*,#6433,.T.);
#6456 = ORIENTED_EDGE('',*,*,#6457,.T.);
#6457 = EDGE_CURVE('',#6425,#6448,#6458,.T.);
#6458 = CIRCLE('',#6459,6.345);
#6459 = AXIS2_PLACEMENT_3D('',#6460,#6461,#6462);
#6460 = CARTESIAN_POINT('',(-1.6E-16,4.6E-16,3.579082372333));
#6461 = DIRECTION('',(-4.E-17,1.3E-16,1.));
#6462 = DIRECTION('',(0.623489801859,-0.781831482468,1.265776847952E-16)
  );
#6463 = PLANE('',#6464);
#6464 = AXIS2_PLACEMENT_3D('',#6465,#6466,#6467);
#6465 = CARTESIAN_POINT('',(1.137930660541,0.907469420174,3.579082372333
    ));
#6466 = DIRECTION('',(0.,0.,1.));
#6467 = DIRECTION('',(0.781831482468,0.623489801859,0.));
#6468 = ADVANCED_FACE('',(#6469),#6488,.T.);
#6469 = FACE_BOUND('',#6470,.T.);
#6470 = EDGE_LOOP('',(#6471,#6472,#6473,#6482));
#6471 = ORIENTED_EDGE('',*,*,#5754,.F.);
#6472 = ORIENTED_EDGE('',*,*,#6447,.T.);
#6473 = ORIENTED_EDGE('',*,*,#6474,.T.);
#6474 = EDGE_CURVE('',#6448,#6475,#6477,.T.);
#6475 = VERTEX_POINT('',#6476);
#6476 = CARTESIAN_POINT('',(2.712624342295,-5.735912671719,
    0.244181993364));
#6477 = ELLIPSE('',#6478,9.387861508299,6.345);
#6478 = AXIS2_PLACEMENT_3D('',#6479,#6480,#6481);
#6479 = CARTESIAN_POINT('',(-8.E-17,2.4E-16,1.831324677157));
#6480 = DIRECTION('',(0.576224120048,0.45952340177,-0.675872774049));
#6481 = DIRECTION('',(0.528418612894,0.421399781973,0.73701831273));
#6482 = ORIENTED_EDGE('',*,*,#6483,.F.);
#6483 = EDGE_CURVE('',#5746,#6475,#6484,.T.);
#6484 = LINE('',#6485,#6486);
#6485 = CARTESIAN_POINT('',(-1.137930660541,-0.907469420174,
    0.244181993364));
#6486 = VECTOR('',#6487,1.);
#6487 = DIRECTION('',(0.623489801859,-0.781831482468,0.));
#6488 = PLANE('',#6489);
#6489 = AXIS2_PLACEMENT_3D('',#6490,#6491,#6492);
#6490 = CARTESIAN_POINT('',(1.253086498678,0.999303136663,3.579082372333
    ));
#6491 = DIRECTION('',(0.576224120048,0.45952340177,-0.675872774049));
#6492 = DIRECTION('',(-0.528418612894,-0.421399781973,-0.73701831273));
#6493 = ADVANCED_FACE('',(#6494),#6506,.T.);
#6494 = FACE_BOUND('',#6495,.T.);
#6495 = EDGE_LOOP('',(#6496,#6497,#6498,#6505));
#6496 = ORIENTED_EDGE('',*,*,#5745,.F.);
#6497 = ORIENTED_EDGE('',*,*,#6483,.T.);
#6498 = ORIENTED_EDGE('',*,*,#6499,.F.);
#6499 = EDGE_CURVE('',#6417,#6475,#6500,.T.);
#6500 = CIRCLE('',#6501,6.345);
#6501 = AXIS2_PLACEMENT_3D('',#6502,#6503,#6504);
#6502 = CARTESIAN_POINT('',(-1.E-17,3.E-17,0.244181993364));
#6503 = DIRECTION('',(-4.E-17,1.3E-16,1.));
#6504 = DIRECTION('',(0.623489801859,-0.781831482468,1.265776847952E-16)
  );
#6505 = ORIENTED_EDGE('',*,*,#6416,.F.);
#6506 = PLANE('',#6507);
#6507 = AXIS2_PLACEMENT_3D('',#6508,#6509,#6510);
#6508 = CARTESIAN_POINT('',(-1.137930660541,-0.907469420174,
    0.244181993364));
#6509 = DIRECTION('',(-4.456439450068E-16,-3.553891870595E-16,-1.));
#6510 = DIRECTION('',(-0.781831482468,-0.623489801859,5.7E-16));
#6511 = ADVANCED_FACE('',(#6512),#6518,.T.);
#6512 = FACE_BOUND('',#6513,.T.);
#6513 = EDGE_LOOP('',(#6514,#6515,#6516,#6517));
#6514 = ORIENTED_EDGE('',*,*,#5787,.F.);
#6515 = ORIENTED_EDGE('',*,*,#5891,.F.);
#6516 = ORIENTED_EDGE('',*,*,#5838,.F.);
#6517 = ORIENTED_EDGE('',*,*,#5813,.T.);
#6518 = CYLINDRICAL_SURFACE('',#6519,6.345);
#6519 = AXIS2_PLACEMENT_3D('',#6520,#6521,#6522);
#6520 = CARTESIAN_POINT('',(0.,0.,4.));
#6521 = DIRECTION('',(0.,0.,1.));
#6522 = DIRECTION('',(1.,0.,0.));
#6523 = ADVANCED_FACE('',(#6524),#6527,.T.);
#6524 = FACE_BOUND('',#6525,.T.);
#6525 = EDGE_LOOP('',(#6526));
#6526 = ORIENTED_EDGE('',*,*,#5873,.T.);
#6527 = PLANE('',#6528);
#6528 = AXIS2_PLACEMENT_3D('',#6529,#6530,#6531);
#6529 = CARTESIAN_POINT('',(-1.2E-16,1.5E-16,4.));
#6530 = DIRECTION('',(0.,0.,1.));
#6531 = DIRECTION('',(1.,0.,0.));
#6532 = ADVANCED_FACE('',(#6533),#6539,.T.);
#6533 = FACE_BOUND('',#6534,.T.);
#6534 = EDGE_LOOP('',(#6535,#6536,#6537,#6538));
#6535 = ORIENTED_EDGE('',*,*,#5924,.F.);
#6536 = ORIENTED_EDGE('',*,*,#5999,.T.);
#6537 = ORIENTED_EDGE('',*,*,#5974,.F.);
#6538 = ORIENTED_EDGE('',*,*,#5957,.F.);
#6539 = CYLINDRICAL_SURFACE('',#6540,6.345);
#6540 = AXIS2_PLACEMENT_3D('',#6541,#6542,#6543);
#6541 = CARTESIAN_POINT('',(0.,0.,4.));
#6542 = DIRECTION('',(0.,0.,1.));
#6543 = DIRECTION('',(0.623489801859,0.781831482468,0.));
#6544 = ADVANCED_FACE('',(#6545),#6551,.T.);
#6545 = FACE_BOUND('',#6546,.T.);
#6546 = EDGE_LOOP('',(#6547,#6548,#6549,#6550));
#6547 = ORIENTED_EDGE('',*,*,#6024,.F.);
#6548 = ORIENTED_EDGE('',*,*,#6099,.T.);
#6549 = ORIENTED_EDGE('',*,*,#6074,.F.);
#6550 = ORIENTED_EDGE('',*,*,#6057,.F.);
#6551 = CYLINDRICAL_SURFACE('',#6552,6.345);
#6552 = AXIS2_PLACEMENT_3D('',#6553,#6554,#6555);
#6553 = CARTESIAN_POINT('',(0.,0.,4.));
#6554 = DIRECTION('',(0.,0.,1.));
#6555 = DIRECTION('',(-0.222520933956,0.974927912182,0.));
#6556 = ADVANCED_FACE('',(#6557),#6563,.T.);
#6557 = FACE_BOUND('',#6558,.T.);
#6558 = EDGE_LOOP('',(#6559,#6560,#6561,#6562));
#6559 = ORIENTED_EDGE('',*,*,#6124,.F.);
#6560 = ORIENTED_EDGE('',*,*,#6199,.T.);
#6561 = ORIENTED_EDGE('',*,*,#6174,.F.);
#6562 = ORIENTED_EDGE('',*,*,#6157,.F.);
#6563 = CYLINDRICAL_SURFACE('',#6564,6.345);
#6564 = AXIS2_PLACEMENT_3D('',#6565,#6566,#6567);
#6565 = CARTESIAN_POINT('',(0.,0.,4.));
#6566 = DIRECTION('',(0.,0.,1.));
#6567 = DIRECTION('',(-0.900968867902,0.433883739118,0.));
#6568 = ADVANCED_FACE('',(#6569),#6575,.T.);
#6569 = FACE_BOUND('',#6570,.T.);
#6570 = EDGE_LOOP('',(#6571,#6572,#6573,#6574));
#6571 = ORIENTED_EDGE('',*,*,#6224,.F.);
#6572 = ORIENTED_EDGE('',*,*,#6299,.T.);
#6573 = ORIENTED_EDGE('',*,*,#6274,.F.);
#6574 = ORIENTED_EDGE('',*,*,#6257,.F.);
#6575 = CYLINDRICAL_SURFACE('',#6576,6.345);
#6576 = AXIS2_PLACEMENT_3D('',#6577,#6578,#6579);
#6577 = CARTESIAN_POINT('',(0.,0.,4.));
#6578 = DIRECTION('',(0.,0.,1.));
#6579 = DIRECTION('',(-0.900968867902,-0.433883739118,0.));
#6580 = ADVANCED_FACE('',(#6581),#6587,.T.);
#6581 = FACE_BOUND('',#6582,.T.);
#6582 = EDGE_LOOP('',(#6583,#6584,#6585,#6586));
#6583 = ORIENTED_EDGE('',*,*,#6324,.F.);
#6584 = ORIENTED_EDGE('',*,*,#6399,.T.);
#6585 = ORIENTED_EDGE('',*,*,#6374,.F.);
#6586 = ORIENTED_EDGE('',*,*,#6357,.F.);
#6587 = CYLINDRICAL_SURFACE('',#6588,6.345);
#6588 = AXIS2_PLACEMENT_3D('',#6589,#6590,#6591);
#6589 = CARTESIAN_POINT('',(0.,0.,4.));
#6590 = DIRECTION('',(0.,0.,1.));
#6591 = DIRECTION('',(-0.222520933956,-0.974927912182,0.));
#6592 = ADVANCED_FACE('',(#6593),#6599,.T.);
#6593 = FACE_BOUND('',#6594,.T.);
#6594 = EDGE_LOOP('',(#6595,#6596,#6597,#6598));
#6595 = ORIENTED_EDGE('',*,*,#6424,.F.);
#6596 = ORIENTED_EDGE('',*,*,#6499,.T.);
#6597 = ORIENTED_EDGE('',*,*,#6474,.F.);
#6598 = ORIENTED_EDGE('',*,*,#6457,.F.);
#6599 = CYLINDRICAL_SURFACE('',#6600,6.345);
#6600 = AXIS2_PLACEMENT_3D('',#6601,#6602,#6603);
#6601 = CARTESIAN_POINT('',(0.,0.,4.));
#6602 = DIRECTION('',(0.,0.,1.));
#6603 = DIRECTION('',(0.623489801859,-0.781831482468,0.));
#6604 = ( GEOMETRIC_REPRESENTATION_CONTEXT(3) 
GLOBAL_UNCERTAINTY_ASSIGNED_CONTEXT((#6608)) 
GLOBAL_UNIT_ASSIGNED_CONTEXT((#6605,#6606,#6607)) REPRESENTATION_CONTEXT
('Context #1','3D Context with UNIT and UNCERTAINTY') );
#6605 = ( LENGTH_UNIT() NAMED_UNIT(*) SI_UNIT(.MILLI.,.METRE.) );
#6606 = ( NAMED_UNIT(*) PLANE_ANGLE_UNIT() SI_UNIT($,.RADIAN.) );
#6607 = ( NAMED_UNIT(*) SI_UNIT($,.STERADIAN.) SOLID_ANGLE_UNIT() );
#6608 = UNCERTAINTY_MEASURE_WITH_UNIT(LENGTH_MEASURE(1.E-07),#6605,
  'distance_accuracy_value','confusion accuracy');
#6609 = CONTEXT_DEPENDENT_SHAPE_REPRESENTATION(#6610,#6612);
#6610 = ( REPRESENTATION_RELATIONSHIP('','',#5449,#10) 
REPRESENTATION_RELATIONSHIP_WITH_TRANSFORMATION(#6611) 
SHAPE_REPRESENTATION_RELATIONSHIP() );
#6611 = ITEM_DEFINED_TRANSFORMATION('','',#11,#19);
#6612 = PRODUCT_DEFINITION_SHAPE('Placement','Placement of an item',
  #6613);
#6613 = NEXT_ASSEMBLY_USAGE_OCCURRENCE('24','Вентилятор_1','',
  #5,#5444,$);
#6614 = PRODUCT_RELATED_PRODUCT_CATEGORY('part',$,(#5446));
#6615 = SHAPE_DEFINITION_REPRESENTATION(#6616,#6622);
#6616 = PRODUCT_DEFINITION_SHAPE('','',#6617);
#6617 = PRODUCT_DEFINITION('design','',#6618,#6621);
#6618 = PRODUCT_DEFINITION_FORMATION('','',#6619);
#6619 = PRODUCT('Вентилятор_2','Вентилятор_2','',(
    #6620));
#6620 = PRODUCT_CONTEXT('',#2,'mechanical');
#6621 = PRODUCT_DEFINITION_CONTEXT('part definition',#2,'design');
#6622 = ADVANCED_BREP_SHAPE_REPRESENTATION('',(#11,#6623),#8373);
#6623 = MANIFOLD_SOLID_BREP('',#6624);
#6624 = CLOSED_SHELL('',(#6625,#7019,#7051,#7074,#7105,#7128,#7159,#7182
    ,#7213,#7236,#7269,#7294,#7320,#7346,#7364,#7396,#7421,#7446,#7464,
    #7496,#7521,#7546,#7564,#7596,#7621,#7646,#7664,#7696,#7721,#7746,
    #7764,#7796,#7821,#7846,#7864,#7896,#7921,#7946,#7964,#7996,#8020,
    #8045,#8070,#8102,#8119,#8144,#8176,#8193,#8218,#8243,#8260,#8272,
    #8281,#8293,#8305,#8317,#8329,#8341,#8353));
#6625 = ADVANCED_FACE('',(#6626,#6786,#6824,#6862,#6900,#6938,#6976),
  #7014,.T.);
#6626 = FACE_BOUND('',#6627,.F.);
#6627 = EDGE_LOOP('',(#6628,#6639,#6647,#6656,#6665,#6674,#6682,#6689,
    #6690,#6699,#6708,#6715,#6716,#6725,#6734,#6743,#6752,#6761,#6770,
    #6779));
#6628 = ORIENTED_EDGE('',*,*,#6629,.F.);
#6629 = EDGE_CURVE('',#6630,#6632,#6634,.T.);
#6630 = VERTEX_POINT('',#6631);
#6631 = CARTESIAN_POINT('',(2.143498,0.,0.));
#6632 = VERTEX_POINT('',#6633);
#6633 = CARTESIAN_POINT('',(2.129144923767,0.24764,0.));
#6634 = CIRCLE('',#6635,2.143498);
#6635 = AXIS2_PLACEMENT_3D('',#6636,#6637,#6638);
#6636 = CARTESIAN_POINT('',(0.,0.,0.));
#6637 = DIRECTION('',(0.,0.,1.));
#6638 = DIRECTION('',(1.,0.,0.));
#6639 = ORIENTED_EDGE('',*,*,#6640,.T.);
#6640 = EDGE_CURVE('',#6630,#6641,#6643,.T.);
#6641 = VERTEX_POINT('',#6642);
#6642 = CARTESIAN_POINT('',(2.143498,0.,1.831324677157));
#6643 = LINE('',#6644,#6645);
#6644 = CARTESIAN_POINT('',(2.143498,0.,0.));
#6645 = VECTOR('',#6646,1.);
#6646 = DIRECTION('',(0.,0.,1.));
#6647 = ORIENTED_EDGE('',*,*,#6648,.F.);
#6648 = EDGE_CURVE('',#6649,#6641,#6651,.T.);
#6649 = VERTEX_POINT('',#6650);
#6650 = CARTESIAN_POINT('',(1.423288847666,1.602757789597,3.579082372333
    ));
#6651 = ELLIPSE('',#6652,3.171451909742,2.143498);
#6652 = AXIS2_PLACEMENT_3D('',#6653,#6654,#6655);
#6653 = CARTESIAN_POINT('',(0.,0.,1.831324677157));
#6654 = DIRECTION('',(0.,0.73701831273,-0.675872774049));
#6655 = DIRECTION('',(0.,-0.675872774049,-0.73701831273));
#6656 = ORIENTED_EDGE('',*,*,#6657,.T.);
#6657 = EDGE_CURVE('',#6649,#6658,#6660,.T.);
#6658 = VERTEX_POINT('',#6659);
#6659 = CARTESIAN_POINT('',(1.573593574991,1.455467944254,3.579082372333
    ));
#6660 = CIRCLE('',#6661,2.143498);
#6661 = AXIS2_PLACEMENT_3D('',#6662,#6663,#6664);
#6662 = CARTESIAN_POINT('',(0.,0.,3.579082372333));
#6663 = DIRECTION('',(0.,0.,-1.));
#6664 = DIRECTION('',(1.,0.,0.));
#6665 = ORIENTED_EDGE('',*,*,#6666,.F.);
#6666 = EDGE_CURVE('',#6667,#6658,#6669,.T.);
#6667 = VERTEX_POINT('',#6668);
#6668 = CARTESIAN_POINT('',(2.143498,0.,1.99193968854));
#6669 = ELLIPSE('',#6670,3.171451909742,2.143498);
#6670 = AXIS2_PLACEMENT_3D('',#6671,#6672,#6673);
#6671 = CARTESIAN_POINT('',(0.,0.,1.99193968854));
#6672 = DIRECTION('',(0.,-0.73701831273,0.675872774049));
#6673 = DIRECTION('',(0.,-0.675872774049,-0.73701831273));
#6674 = ORIENTED_EDGE('',*,*,#6675,.T.);
#6675 = EDGE_CURVE('',#6667,#6676,#6678,.T.);
#6676 = VERTEX_POINT('',#6677);
#6677 = CARTESIAN_POINT('',(2.143498,0.,3.9));
#6678 = LINE('',#6679,#6680);
#6679 = CARTESIAN_POINT('',(2.143498,0.,0.));
#6680 = VECTOR('',#6681,1.);
#6681 = DIRECTION('',(0.,0.,1.));
#6682 = ORIENTED_EDGE('',*,*,#6683,.T.);
#6683 = EDGE_CURVE('',#6676,#6676,#6684,.T.);
#6684 = CIRCLE('',#6685,2.143498);
#6685 = AXIS2_PLACEMENT_3D('',#6686,#6687,#6688);
#6686 = CARTESIAN_POINT('',(0.,0.,3.9));
#6687 = DIRECTION('',(0.,0.,1.));
#6688 = DIRECTION('',(1.,0.,0.));
#6689 = ORIENTED_EDGE('',*,*,#6675,.F.);
#6690 = ORIENTED_EDGE('',*,*,#6691,.F.);
#6691 = EDGE_CURVE('',#6692,#6667,#6694,.T.);
#6692 = VERTEX_POINT('',#6693);
#6693 = CARTESIAN_POINT('',(1.423288847666,-1.602757789597,
    0.244181993364));
#6694 = ELLIPSE('',#6695,3.171451909742,2.143498);
#6695 = AXIS2_PLACEMENT_3D('',#6696,#6697,#6698);
#6696 = CARTESIAN_POINT('',(0.,0.,1.99193968854));
#6697 = DIRECTION('',(0.,-0.73701831273,0.675872774049));
#6698 = DIRECTION('',(0.,-0.675872774049,-0.73701831273));
#6699 = ORIENTED_EDGE('',*,*,#6700,.F.);
#6700 = EDGE_CURVE('',#6701,#6692,#6703,.T.);
#6701 = VERTEX_POINT('',#6702);
#6702 = CARTESIAN_POINT('',(1.573593574991,-1.455467944254,
    0.244181993364));
#6703 = CIRCLE('',#6704,2.143498);
#6704 = AXIS2_PLACEMENT_3D('',#6705,#6706,#6707);
#6705 = CARTESIAN_POINT('',(0.,0.,0.244181993364));
#6706 = DIRECTION('',(0.,0.,-1.));
#6707 = DIRECTION('',(1.,0.,0.));
#6708 = ORIENTED_EDGE('',*,*,#6709,.F.);
#6709 = EDGE_CURVE('',#6641,#6701,#6710,.T.);
#6710 = ELLIPSE('',#6711,3.171451909742,2.143498);
#6711 = AXIS2_PLACEMENT_3D('',#6712,#6713,#6714);
#6712 = CARTESIAN_POINT('',(0.,0.,1.831324677157));
#6713 = DIRECTION('',(0.,0.73701831273,-0.675872774049));
#6714 = DIRECTION('',(0.,-0.675872774049,-0.73701831273));
#6715 = ORIENTED_EDGE('',*,*,#6640,.F.);
#6716 = ORIENTED_EDGE('',*,*,#6717,.F.);
#6717 = EDGE_CURVE('',#6718,#6630,#6720,.T.);
#6718 = VERTEX_POINT('',#6719);
#6719 = CARTESIAN_POINT('',(2.129144923767,-0.24764,0.));
#6720 = CIRCLE('',#6721,2.143498);
#6721 = AXIS2_PLACEMENT_3D('',#6722,#6723,#6724);
#6722 = CARTESIAN_POINT('',(0.,0.,0.));
#6723 = DIRECTION('',(0.,0.,1.));
#6724 = DIRECTION('',(1.,0.,0.));
#6725 = ORIENTED_EDGE('',*,*,#6726,.F.);
#6726 = EDGE_CURVE('',#6727,#6718,#6729,.T.);
#6727 = VERTEX_POINT('',#6728);
#6728 = CARTESIAN_POINT('',(0.238152,-2.130227053837,0.));
#6729 = CIRCLE('',#6730,2.143498);
#6730 = AXIS2_PLACEMENT_3D('',#6731,#6732,#6733);
#6731 = CARTESIAN_POINT('',(0.,0.,0.));
#6732 = DIRECTION('',(0.,0.,1.));
#6733 = DIRECTION('',(1.,0.,0.));
#6734 = ORIENTED_EDGE('',*,*,#6735,.F.);
#6735 = EDGE_CURVE('',#6736,#6727,#6738,.T.);
#6736 = VERTEX_POINT('',#6737);
#6737 = CARTESIAN_POINT('',(-0.238152,-2.130227053837,0.));
#6738 = CIRCLE('',#6739,2.143498);
#6739 = AXIS2_PLACEMENT_3D('',#6740,#6741,#6742);
#6740 = CARTESIAN_POINT('',(0.,0.,0.));
#6741 = DIRECTION('',(0.,0.,1.));
#6742 = DIRECTION('',(1.,0.,0.));
#6743 = ORIENTED_EDGE('',*,*,#6744,.F.);
#6744 = EDGE_CURVE('',#6745,#6736,#6747,.T.);
#6745 = VERTEX_POINT('',#6746);
#6746 = CARTESIAN_POINT('',(-2.129144923767,-0.24764,0.));
#6747 = CIRCLE('',#6748,2.143498);
#6748 = AXIS2_PLACEMENT_3D('',#6749,#6750,#6751);
#6749 = CARTESIAN_POINT('',(0.,0.,0.));
#6750 = DIRECTION('',(0.,0.,1.));
#6751 = DIRECTION('',(1.,0.,0.));
#6752 = ORIENTED_EDGE('',*,*,#6753,.F.);
#6753 = EDGE_CURVE('',#6754,#6745,#6756,.T.);
#6754 = VERTEX_POINT('',#6755);
#6755 = CARTESIAN_POINT('',(-2.129144923767,0.24764,0.));
#6756 = CIRCLE('',#6757,2.143498);
#6757 = AXIS2_PLACEMENT_3D('',#6758,#6759,#6760);
#6758 = CARTESIAN_POINT('',(0.,0.,0.));
#6759 = DIRECTION('',(0.,0.,1.));
#6760 = DIRECTION('',(1.,0.,0.));
#6761 = ORIENTED_EDGE('',*,*,#6762,.F.);
#6762 = EDGE_CURVE('',#6763,#6754,#6765,.T.);
#6763 = VERTEX_POINT('',#6764);
#6764 = CARTESIAN_POINT('',(-0.238152,2.130227053837,0.));
#6765 = CIRCLE('',#6766,2.143498);
#6766 = AXIS2_PLACEMENT_3D('',#6767,#6768,#6769);
#6767 = CARTESIAN_POINT('',(0.,0.,0.));
#6768 = DIRECTION('',(0.,0.,1.));
#6769 = DIRECTION('',(1.,0.,0.));
#6770 = ORIENTED_EDGE('',*,*,#6771,.F.);
#6771 = EDGE_CURVE('',#6772,#6763,#6774,.T.);
#6772 = VERTEX_POINT('',#6773);
#6773 = CARTESIAN_POINT('',(0.238152,2.130227053837,0.));
#6774 = CIRCLE('',#6775,2.143498);
#6775 = AXIS2_PLACEMENT_3D('',#6776,#6777,#6778);
#6776 = CARTESIAN_POINT('',(0.,0.,0.));
#6777 = DIRECTION('',(0.,0.,1.));
#6778 = DIRECTION('',(1.,0.,0.));
#6779 = ORIENTED_EDGE('',*,*,#6780,.F.);
#6780 = EDGE_CURVE('',#6632,#6772,#6781,.T.);
#6781 = CIRCLE('',#6782,2.143498);
#6782 = AXIS2_PLACEMENT_3D('',#6783,#6784,#6785);
#6783 = CARTESIAN_POINT('',(0.,0.,0.));
#6784 = DIRECTION('',(0.,0.,1.));
#6785 = DIRECTION('',(1.,0.,0.));
#6786 = FACE_BOUND('',#6787,.F.);
#6787 = EDGE_LOOP('',(#6788,#6799,#6808,#6817));
#6788 = ORIENTED_EDGE('',*,*,#6789,.F.);
#6789 = EDGE_CURVE('',#6790,#6792,#6794,.T.);
#6790 = VERTEX_POINT('',#6791);
#6791 = CARTESIAN_POINT('',(2.140492580297,0.113468893088,0.244181993364
    ));
#6792 = VERTEX_POINT('',#6793);
#6793 = CARTESIAN_POINT('',(-0.156811114263,2.137754417712,
    3.579082372333));
#6794 = ELLIPSE('',#6795,3.171451909742,2.143498);
#6795 = AXIS2_PLACEMENT_3D('',#6796,#6797,#6798);
#6796 = CARTESIAN_POINT('',(0.,0.,1.99193968854));
#6797 = DIRECTION('',(0.576224120048,-0.45952340177,0.675872774049));
#6798 = DIRECTION('',(0.528418612894,-0.421399781973,-0.73701831273));
#6799 = ORIENTED_EDGE('',*,*,#6800,.F.);
#6800 = EDGE_CURVE('',#6801,#6790,#6803,.T.);
#6801 = VERTEX_POINT('',#6802);
#6802 = CARTESIAN_POINT('',(2.119050206818,0.322815577363,0.244181993364
    ));
#6803 = CIRCLE('',#6804,2.143498);
#6804 = AXIS2_PLACEMENT_3D('',#6805,#6806,#6807);
#6805 = CARTESIAN_POINT('',(0.,0.,0.244181993364));
#6806 = DIRECTION('',(0.,0.,-1.));
#6807 = DIRECTION('',(1.,0.,0.));
#6808 = ORIENTED_EDGE('',*,*,#6809,.F.);
#6809 = EDGE_CURVE('',#6810,#6801,#6812,.T.);
#6810 = VERTEX_POINT('',#6811);
#6811 = CARTESIAN_POINT('',(-0.365680417058,2.112075166414,
    3.579082372333));
#6812 = ELLIPSE('',#6813,3.171451909742,2.143498);
#6813 = AXIS2_PLACEMENT_3D('',#6814,#6815,#6816);
#6814 = CARTESIAN_POINT('',(0.,0.,1.831324677157));
#6815 = DIRECTION('',(-0.576224120048,0.45952340177,-0.675872774049));
#6816 = DIRECTION('',(0.528418612894,-0.421399781973,-0.73701831273));
#6817 = ORIENTED_EDGE('',*,*,#6818,.T.);
#6818 = EDGE_CURVE('',#6810,#6792,#6819,.T.);
#6819 = CIRCLE('',#6820,2.143498);
#6820 = AXIS2_PLACEMENT_3D('',#6821,#6822,#6823);
#6821 = CARTESIAN_POINT('',(0.,0.,3.579082372333));
#6822 = DIRECTION('',(0.,0.,-1.));
#6823 = DIRECTION('',(1.,0.,0.));
#6824 = FACE_BOUND('',#6825,.F.);
#6825 = EDGE_LOOP('',(#6826,#6837,#6846,#6855));
#6826 = ORIENTED_EDGE('',*,*,#6827,.F.);
#6827 = EDGE_CURVE('',#6828,#6830,#6832,.T.);
#6828 = VERTEX_POINT('',#6829);
#6829 = CARTESIAN_POINT('',(1.245861741872,1.744251184934,0.244181993364
    ));
#6830 = VERTEX_POINT('',#6831);
#6831 = CARTESIAN_POINT('',(-1.769133836114,1.21026821239,3.579082372333
    ));
#6832 = ELLIPSE('',#6833,3.171451909742,2.143498);
#6833 = AXIS2_PLACEMENT_3D('',#6834,#6835,#6836);
#6834 = CARTESIAN_POINT('',(0.,0.,1.99193968854));
#6835 = DIRECTION('',(0.71853972487,0.164002003292,0.675872774049));
#6836 = DIRECTION('',(0.658927232504,0.150395840917,-0.73701831273));
#6837 = ORIENTED_EDGE('',*,*,#6838,.F.);
#6838 = EDGE_CURVE('',#6839,#6828,#6841,.T.);
#6839 = VERTEX_POINT('',#6840);
#6840 = CARTESIAN_POINT('',(1.068818812164,1.858012384988,0.244181993364
    ));
#6841 = CIRCLE('',#6842,2.143498);
#6842 = AXIS2_PLACEMENT_3D('',#6843,#6844,#6845);
#6843 = CARTESIAN_POINT('',(0.,0.,0.244181993364));
#6844 = DIRECTION('',(0.,0.,-1.));
#6845 = DIRECTION('',(1.,0.,0.));
#6846 = ORIENTED_EDGE('',*,*,#6847,.F.);
#6847 = EDGE_CURVE('',#6848,#6839,#6850,.T.);
#6848 = VERTEX_POINT('',#6849);
#6849 = CARTESIAN_POINT('',(-1.879284869217,1.03095686444,3.579082372333
    ));
#6850 = ELLIPSE('',#6851,3.171451909742,2.143498);
#6851 = AXIS2_PLACEMENT_3D('',#6852,#6853,#6854);
#6852 = CARTESIAN_POINT('',(0.,0.,1.831324677157));
#6853 = DIRECTION('',(-0.71853972487,-0.164002003292,-0.675872774049));
#6854 = DIRECTION('',(0.658927232504,0.150395840917,-0.73701831273));
#6855 = ORIENTED_EDGE('',*,*,#6856,.T.);
#6856 = EDGE_CURVE('',#6848,#6830,#6857,.T.);
#6857 = CIRCLE('',#6858,2.143498);
#6858 = AXIS2_PLACEMENT_3D('',#6859,#6860,#6861);
#6859 = CARTESIAN_POINT('',(0.,0.,3.579082372333));
#6860 = DIRECTION('',(0.,0.,-1.));
#6861 = DIRECTION('',(1.,0.,0.));
#6862 = FACE_BOUND('',#6863,.F.);
#6863 = EDGE_LOOP('',(#6864,#6875,#6884,#6893));
#6864 = ORIENTED_EDGE('',*,*,#6865,.F.);
#6865 = EDGE_CURVE('',#6866,#6868,#6870,.T.);
#6866 = VERTEX_POINT('',#6867);
#6867 = CARTESIAN_POINT('',(-0.58692839913,2.061576758284,0.244181993364
    ));
#6868 = VERTEX_POINT('',#6869);
#6869 = CARTESIAN_POINT('',(-2.049262695617,-0.628574641834,
    3.579082372333));
#6870 = ELLIPSE('',#6871,3.171451909742,2.143498);
#6871 = AXIS2_PLACEMENT_3D('',#6872,#6873,#6874);
#6872 = CARTESIAN_POINT('',(0.,0.,1.99193968854));
#6873 = DIRECTION('',(0.319780261325,0.664030554844,0.675872774049));
#6874 = DIRECTION('',(0.293250206372,0.608940328081,-0.73701831273));
#6875 = ORIENTED_EDGE('',*,*,#6876,.F.);
#6876 = EDGE_CURVE('',#6877,#6866,#6879,.T.);
#6877 = VERTEX_POINT('',#6878);
#6878 = CARTESIAN_POINT('',(-0.78625494798,1.994087970171,0.244181993364
    ));
#6879 = CIRCLE('',#6880,2.143498);
#6880 = AXIS2_PLACEMENT_3D('',#6881,#6882,#6883);
#6881 = CARTESIAN_POINT('',(0.,0.,0.244181993364));
#6882 = DIRECTION('',(0.,0.,-1.));
#6883 = DIRECTION('',(1.,0.,0.));
#6884 = ORIENTED_EDGE('',*,*,#6885,.F.);
#6885 = EDGE_CURVE('',#6886,#6877,#6888,.T.);
#6886 = VERTEX_POINT('',#6887);
#6887 = CARTESIAN_POINT('',(-1.97774948443,-0.826492984145,
    3.579082372333));
#6888 = ELLIPSE('',#6889,3.171451909742,2.143498);
#6889 = AXIS2_PLACEMENT_3D('',#6890,#6891,#6892);
#6890 = CARTESIAN_POINT('',(0.,0.,1.831324677157));
#6891 = DIRECTION('',(-0.319780261325,-0.664030554844,-0.675872774049));
#6892 = DIRECTION('',(0.293250206372,0.608940328081,-0.73701831273));
#6893 = ORIENTED_EDGE('',*,*,#6894,.T.);
#6894 = EDGE_CURVE('',#6886,#6868,#6895,.T.);
#6895 = CIRCLE('',#6896,2.143498);
#6896 = AXIS2_PLACEMENT_3D('',#6897,#6898,#6899);
#6897 = CARTESIAN_POINT('',(0.,0.,3.579082372333));
#6898 = DIRECTION('',(0.,0.,-1.));
#6899 = DIRECTION('',(1.,0.,0.));
#6900 = FACE_BOUND('',#6901,.F.);
#6901 = EDGE_LOOP('',(#6902,#6913,#6922,#6931));
#6902 = ORIENTED_EDGE('',*,*,#6903,.F.);
#6903 = EDGE_CURVE('',#6904,#6906,#6908,.T.);
#6904 = VERTEX_POINT('',#6905);
#6905 = CARTESIAN_POINT('',(-1.97774948443,0.826492984145,0.244181993364
    ));
#6906 = VERTEX_POINT('',#6907);
#6907 = CARTESIAN_POINT('',(-0.78625494798,-1.994087970171,
    3.579082372333));
#6908 = ELLIPSE('',#6909,3.171451909742,2.143498);
#6909 = AXIS2_PLACEMENT_3D('',#6910,#6911,#6912);
#6910 = CARTESIAN_POINT('',(0.,0.,1.99193968854));
#6911 = DIRECTION('',(-0.319780261325,0.664030554844,0.675872774049));
#6912 = DIRECTION('',(-0.293250206372,0.608940328081,-0.73701831273));
#6913 = ORIENTED_EDGE('',*,*,#6914,.F.);
#6914 = EDGE_CURVE('',#6915,#6904,#6917,.T.);
#6915 = VERTEX_POINT('',#6916);
#6916 = CARTESIAN_POINT('',(-2.049262695617,0.628574641834,
    0.244181993364));
#6917 = CIRCLE('',#6918,2.143498);
#6918 = AXIS2_PLACEMENT_3D('',#6919,#6920,#6921);
#6919 = CARTESIAN_POINT('',(0.,0.,0.244181993364));
#6920 = DIRECTION('',(0.,0.,-1.));
#6921 = DIRECTION('',(1.,0.,0.));
#6922 = ORIENTED_EDGE('',*,*,#6923,.F.);
#6923 = EDGE_CURVE('',#6924,#6915,#6926,.T.);
#6924 = VERTEX_POINT('',#6925);
#6925 = CARTESIAN_POINT('',(-0.58692839913,-2.061576758284,
    3.579082372333));
#6926 = ELLIPSE('',#6927,3.171451909742,2.143498);
#6927 = AXIS2_PLACEMENT_3D('',#6928,#6929,#6930);
#6928 = CARTESIAN_POINT('',(0.,0.,1.831324677157));
#6929 = DIRECTION('',(0.319780261325,-0.664030554844,-0.675872774049));
#6930 = DIRECTION('',(-0.293250206372,0.608940328081,-0.73701831273));
#6931 = ORIENTED_EDGE('',*,*,#6932,.T.);
#6932 = EDGE_CURVE('',#6924,#6906,#6933,.T.);
#6933 = CIRCLE('',#6934,2.143498);
#6934 = AXIS2_PLACEMENT_3D('',#6935,#6936,#6937);
#6935 = CARTESIAN_POINT('',(0.,0.,3.579082372333));
#6936 = DIRECTION('',(0.,0.,-1.));
#6937 = DIRECTION('',(1.,0.,0.));
#6938 = FACE_BOUND('',#6939,.F.);
#6939 = EDGE_LOOP('',(#6940,#6951,#6960,#6969));
#6940 = ORIENTED_EDGE('',*,*,#6941,.F.);
#6941 = EDGE_CURVE('',#6942,#6944,#6946,.T.);
#6942 = VERTEX_POINT('',#6943);
#6943 = CARTESIAN_POINT('',(-1.879284869217,-1.03095686444,
    0.244181993364));
#6944 = VERTEX_POINT('',#6945);
#6945 = CARTESIAN_POINT('',(1.068818812164,-1.858012384988,
    3.579082372333));
#6946 = ELLIPSE('',#6947,3.171451909742,2.143498);
#6947 = AXIS2_PLACEMENT_3D('',#6948,#6949,#6950);
#6948 = CARTESIAN_POINT('',(0.,0.,1.99193968854));
#6949 = DIRECTION('',(-0.71853972487,0.164002003292,0.675872774049));
#6950 = DIRECTION('',(-0.658927232504,0.150395840917,-0.73701831273));
#6951 = ORIENTED_EDGE('',*,*,#6952,.F.);
#6952 = EDGE_CURVE('',#6953,#6942,#6955,.T.);
#6953 = VERTEX_POINT('',#6954);
#6954 = CARTESIAN_POINT('',(-1.769133836114,-1.21026821239,
    0.244181993364));
#6955 = CIRCLE('',#6956,2.143498);
#6956 = AXIS2_PLACEMENT_3D('',#6957,#6958,#6959);
#6957 = CARTESIAN_POINT('',(0.,0.,0.244181993364));
#6958 = DIRECTION('',(0.,0.,-1.));
#6959 = DIRECTION('',(1.,0.,0.));
#6960 = ORIENTED_EDGE('',*,*,#6961,.F.);
#6961 = EDGE_CURVE('',#6962,#6953,#6964,.T.);
#6962 = VERTEX_POINT('',#6963);
#6963 = CARTESIAN_POINT('',(1.245861741872,-1.744251184934,
    3.579082372333));
#6964 = ELLIPSE('',#6965,3.171451909742,2.143498);
#6965 = AXIS2_PLACEMENT_3D('',#6966,#6967,#6968);
#6966 = CARTESIAN_POINT('',(0.,0.,1.831324677157));
#6967 = DIRECTION('',(0.71853972487,-0.164002003292,-0.675872774049));
#6968 = DIRECTION('',(-0.658927232504,0.150395840917,-0.73701831273));
#6969 = ORIENTED_EDGE('',*,*,#6970,.T.);
#6970 = EDGE_CURVE('',#6962,#6944,#6971,.T.);
#6971 = CIRCLE('',#6972,2.143498);
#6972 = AXIS2_PLACEMENT_3D('',#6973,#6974,#6975);
#6973 = CARTESIAN_POINT('',(0.,0.,3.579082372333));
#6974 = DIRECTION('',(0.,0.,-1.));
#6975 = DIRECTION('',(1.,0.,0.));
#6976 = FACE_BOUND('',#6977,.F.);
#6977 = EDGE_LOOP('',(#6978,#6989,#6998,#7007));
#6978 = ORIENTED_EDGE('',*,*,#6979,.F.);
#6979 = EDGE_CURVE('',#6980,#6982,#6984,.T.);
#6980 = VERTEX_POINT('',#6981);
#6981 = CARTESIAN_POINT('',(-0.365680417058,-2.112075166414,
    0.244181993364));
#6982 = VERTEX_POINT('',#6983);
#6983 = CARTESIAN_POINT('',(2.119050206818,-0.322815577363,
    3.579082372333));
#6984 = ELLIPSE('',#6985,3.171451909742,2.143498);
#6985 = AXIS2_PLACEMENT_3D('',#6986,#6987,#6988);
#6986 = CARTESIAN_POINT('',(0.,0.,1.99193968854));
#6987 = DIRECTION('',(-0.576224120048,-0.45952340177,0.675872774049));
#6988 = DIRECTION('',(-0.528418612894,-0.421399781973,-0.73701831273));
#6989 = ORIENTED_EDGE('',*,*,#6990,.F.);
#6990 = EDGE_CURVE('',#6991,#6980,#6993,.T.);
#6991 = VERTEX_POINT('',#6992);
#6992 = CARTESIAN_POINT('',(-0.156811114263,-2.137754417712,
    0.244181993364));
#6993 = CIRCLE('',#6994,2.143498);
#6994 = AXIS2_PLACEMENT_3D('',#6995,#6996,#6997);
#6995 = CARTESIAN_POINT('',(0.,0.,0.244181993364));
#6996 = DIRECTION('',(0.,0.,-1.));
#6997 = DIRECTION('',(1.,0.,0.));
#6998 = ORIENTED_EDGE('',*,*,#6999,.F.);
#6999 = EDGE_CURVE('',#7000,#6991,#7002,.T.);
#7000 = VERTEX_POINT('',#7001);
#7001 = CARTESIAN_POINT('',(2.140492580297,-0.113468893088,
    3.579082372333));
#7002 = ELLIPSE('',#7003,3.171451909742,2.143498);
#7003 = AXIS2_PLACEMENT_3D('',#7004,#7005,#7006);
#7004 = CARTESIAN_POINT('',(0.,0.,1.831324677157));
#7005 = DIRECTION('',(0.576224120048,0.45952340177,-0.675872774049));
#7006 = DIRECTION('',(-0.528418612894,-0.421399781973,-0.73701831273));
#7007 = ORIENTED_EDGE('',*,*,#7008,.T.);
#7008 = EDGE_CURVE('',#7000,#6982,#7009,.T.);
#7009 = CIRCLE('',#7010,2.143498);
#7010 = AXIS2_PLACEMENT_3D('',#7011,#7012,#7013);
#7011 = CARTESIAN_POINT('',(0.,0.,3.579082372333));
#7012 = DIRECTION('',(0.,0.,-1.));
#7013 = DIRECTION('',(1.,0.,0.));
#7014 = CYLINDRICAL_SURFACE('',#7015,2.143498);
#7015 = AXIS2_PLACEMENT_3D('',#7016,#7017,#7018);
#7016 = CARTESIAN_POINT('',(0.,0.,0.));
#7017 = DIRECTION('',(-0.,-0.,-1.));
#7018 = DIRECTION('',(1.,0.,0.));
#7019 = ADVANCED_FACE('',(#7020),#7046,.T.);
#7020 = FACE_BOUND('',#7021,.T.);
#7021 = EDGE_LOOP('',(#7022,#7023,#7031,#7039,#7045));
#7022 = ORIENTED_EDGE('',*,*,#6717,.F.);
#7023 = ORIENTED_EDGE('',*,*,#7024,.F.);
#7024 = EDGE_CURVE('',#7025,#6718,#7027,.T.);
#7025 = VERTEX_POINT('',#7026);
#7026 = CARTESIAN_POINT('',(6.823641,-0.24764,0.));
#7027 = LINE('',#7028,#7029);
#7028 = CARTESIAN_POINT('',(6.823641,-0.24764,0.));
#7029 = VECTOR('',#7030,1.);
#7030 = DIRECTION('',(-1.,0.,0.));
#7031 = ORIENTED_EDGE('',*,*,#7032,.F.);
#7032 = EDGE_CURVE('',#7033,#7025,#7035,.T.);
#7033 = VERTEX_POINT('',#7034);
#7034 = CARTESIAN_POINT('',(6.823641,0.24764,0.));
#7035 = LINE('',#7036,#7037);
#7036 = CARTESIAN_POINT('',(6.823641,0.24764,0.));
#7037 = VECTOR('',#7038,1.);
#7038 = DIRECTION('',(0.,-1.,0.));
#7039 = ORIENTED_EDGE('',*,*,#7040,.F.);
#7040 = EDGE_CURVE('',#6632,#7033,#7041,.T.);
#7041 = LINE('',#7042,#7043);
#7042 = CARTESIAN_POINT('',(0.238152,0.24764,0.));
#7043 = VECTOR('',#7044,1.);
#7044 = DIRECTION('',(1.,0.,0.));
#7045 = ORIENTED_EDGE('',*,*,#6629,.F.);
#7046 = PLANE('',#7047);
#7047 = AXIS2_PLACEMENT_3D('',#7048,#7049,#7050);
#7048 = CARTESIAN_POINT('',(1.392279437978E-16,-4.860320947125E-17,0.));
#7049 = DIRECTION('',(0.,0.,1.));
#7050 = DIRECTION('',(1.,0.,0.));
#7051 = ADVANCED_FACE('',(#7052),#7069,.F.);
#7052 = FACE_BOUND('',#7053,.F.);
#7053 = EDGE_LOOP('',(#7054,#7062,#7063));
#7054 = ORIENTED_EDGE('',*,*,#7055,.T.);
#7055 = EDGE_CURVE('',#7056,#6632,#7058,.T.);
#7056 = VERTEX_POINT('',#7057);
#7057 = CARTESIAN_POINT('',(0.238152,0.24764,0.));
#7058 = LINE('',#7059,#7060);
#7059 = CARTESIAN_POINT('',(0.238152,0.24764,0.));
#7060 = VECTOR('',#7061,1.);
#7061 = DIRECTION('',(1.,0.,0.));
#7062 = ORIENTED_EDGE('',*,*,#6780,.T.);
#7063 = ORIENTED_EDGE('',*,*,#7064,.T.);
#7064 = EDGE_CURVE('',#6772,#7056,#7065,.T.);
#7065 = LINE('',#7066,#7067);
#7066 = CARTESIAN_POINT('',(0.238152,6.881911,0.));
#7067 = VECTOR('',#7068,1.);
#7068 = DIRECTION('',(0.,-1.,0.));
#7069 = PLANE('',#7070);
#7070 = AXIS2_PLACEMENT_3D('',#7071,#7072,#7073);
#7071 = CARTESIAN_POINT('',(-1.196152386665E-16,1.51729545177E-16,0.));
#7072 = DIRECTION('',(0.,0.,1.));
#7073 = DIRECTION('',(1.,0.,0.));
#7074 = ADVANCED_FACE('',(#7075),#7100,.T.);
#7075 = FACE_BOUND('',#7076,.T.);
#7076 = EDGE_LOOP('',(#7077,#7085,#7086,#7094));
#7077 = ORIENTED_EDGE('',*,*,#7078,.F.);
#7078 = EDGE_CURVE('',#6763,#7079,#7081,.T.);
#7079 = VERTEX_POINT('',#7080);
#7080 = CARTESIAN_POINT('',(-0.238152,6.881911,0.));
#7081 = LINE('',#7082,#7083);
#7082 = CARTESIAN_POINT('',(-0.238152,0.24764,0.));
#7083 = VECTOR('',#7084,1.);
#7084 = DIRECTION('',(0.,1.,0.));
#7085 = ORIENTED_EDGE('',*,*,#6771,.F.);
#7086 = ORIENTED_EDGE('',*,*,#7087,.F.);
#7087 = EDGE_CURVE('',#7088,#6772,#7090,.T.);
#7088 = VERTEX_POINT('',#7089);
#7089 = CARTESIAN_POINT('',(0.238152,6.881911,0.));
#7090 = LINE('',#7091,#7092);
#7091 = CARTESIAN_POINT('',(0.238152,6.881911,0.));
#7092 = VECTOR('',#7093,1.);
#7093 = DIRECTION('',(0.,-1.,0.));
#7094 = ORIENTED_EDGE('',*,*,#7095,.F.);
#7095 = EDGE_CURVE('',#7079,#7088,#7096,.T.);
#7096 = LINE('',#7097,#7098);
#7097 = CARTESIAN_POINT('',(-0.238152,6.881911,0.));
#7098 = VECTOR('',#7099,1.);
#7099 = DIRECTION('',(1.,0.,0.));
#7100 = PLANE('',#7101);
#7101 = AXIS2_PLACEMENT_3D('',#7102,#7103,#7104);
#7102 = CARTESIAN_POINT('',(1.392279437978E-16,-4.860320947125E-17,0.));
#7103 = DIRECTION('',(0.,0.,1.));
#7104 = DIRECTION('',(1.,0.,0.));
#7105 = ADVANCED_FACE('',(#7106),#7123,.F.);
#7106 = FACE_BOUND('',#7107,.F.);
#7107 = EDGE_LOOP('',(#7108,#7116,#7117));
#7108 = ORIENTED_EDGE('',*,*,#7109,.T.);
#7109 = EDGE_CURVE('',#7110,#6763,#7112,.T.);
#7110 = VERTEX_POINT('',#7111);
#7111 = CARTESIAN_POINT('',(-0.238152,0.24764,0.));
#7112 = LINE('',#7113,#7114);
#7113 = CARTESIAN_POINT('',(-0.238152,0.24764,0.));
#7114 = VECTOR('',#7115,1.);
#7115 = DIRECTION('',(0.,1.,0.));
#7116 = ORIENTED_EDGE('',*,*,#6762,.T.);
#7117 = ORIENTED_EDGE('',*,*,#7118,.T.);
#7118 = EDGE_CURVE('',#6754,#7110,#7119,.T.);
#7119 = LINE('',#7120,#7121);
#7120 = CARTESIAN_POINT('',(-6.823641,0.24764,0.));
#7121 = VECTOR('',#7122,1.);
#7122 = DIRECTION('',(1.,0.,0.));
#7123 = PLANE('',#7124);
#7124 = AXIS2_PLACEMENT_3D('',#7125,#7126,#7127);
#7125 = CARTESIAN_POINT('',(-1.196152386665E-16,1.51729545177E-16,0.));
#7126 = DIRECTION('',(0.,0.,1.));
#7127 = DIRECTION('',(1.,0.,0.));
#7128 = ADVANCED_FACE('',(#7129),#7154,.T.);
#7129 = FACE_BOUND('',#7130,.T.);
#7130 = EDGE_LOOP('',(#7131,#7139,#7140,#7148));
#7131 = ORIENTED_EDGE('',*,*,#7132,.F.);
#7132 = EDGE_CURVE('',#6745,#7133,#7135,.T.);
#7133 = VERTEX_POINT('',#7134);
#7134 = CARTESIAN_POINT('',(-6.823641,-0.24764,0.));
#7135 = LINE('',#7136,#7137);
#7136 = CARTESIAN_POINT('',(-0.238152,-0.24764,0.));
#7137 = VECTOR('',#7138,1.);
#7138 = DIRECTION('',(-1.,0.,0.));
#7139 = ORIENTED_EDGE('',*,*,#6753,.F.);
#7140 = ORIENTED_EDGE('',*,*,#7141,.F.);
#7141 = EDGE_CURVE('',#7142,#6754,#7144,.T.);
#7142 = VERTEX_POINT('',#7143);
#7143 = CARTESIAN_POINT('',(-6.823641,0.24764,0.));
#7144 = LINE('',#7145,#7146);
#7145 = CARTESIAN_POINT('',(-6.823641,0.24764,0.));
#7146 = VECTOR('',#7147,1.);
#7147 = DIRECTION('',(1.,0.,0.));
#7148 = ORIENTED_EDGE('',*,*,#7149,.F.);
#7149 = EDGE_CURVE('',#7133,#7142,#7150,.T.);
#7150 = LINE('',#7151,#7152);
#7151 = CARTESIAN_POINT('',(-6.823641,-0.24764,0.));
#7152 = VECTOR('',#7153,1.);
#7153 = DIRECTION('',(0.,1.,0.));
#7154 = PLANE('',#7155);
#7155 = AXIS2_PLACEMENT_3D('',#7156,#7157,#7158);
#7156 = CARTESIAN_POINT('',(1.392279437978E-16,-4.860320947125E-17,0.));
#7157 = DIRECTION('',(0.,0.,1.));
#7158 = DIRECTION('',(1.,0.,0.));
#7159 = ADVANCED_FACE('',(#7160),#7177,.F.);
#7160 = FACE_BOUND('',#7161,.F.);
#7161 = EDGE_LOOP('',(#7162,#7163,#7171));
#7162 = ORIENTED_EDGE('',*,*,#6744,.T.);
#7163 = ORIENTED_EDGE('',*,*,#7164,.T.);
#7164 = EDGE_CURVE('',#6736,#7165,#7167,.T.);
#7165 = VERTEX_POINT('',#7166);
#7166 = CARTESIAN_POINT('',(-0.238152,-0.24764,0.));
#7167 = LINE('',#7168,#7169);
#7168 = CARTESIAN_POINT('',(-0.238152,-6.881911,0.));
#7169 = VECTOR('',#7170,1.);
#7170 = DIRECTION('',(0.,1.,0.));
#7171 = ORIENTED_EDGE('',*,*,#7172,.T.);
#7172 = EDGE_CURVE('',#7165,#6745,#7173,.T.);
#7173 = LINE('',#7174,#7175);
#7174 = CARTESIAN_POINT('',(-0.238152,-0.24764,0.));
#7175 = VECTOR('',#7176,1.);
#7176 = DIRECTION('',(-1.,0.,0.));
#7177 = PLANE('',#7178);
#7178 = AXIS2_PLACEMENT_3D('',#7179,#7180,#7181);
#7179 = CARTESIAN_POINT('',(-1.196152386665E-16,1.51729545177E-16,0.));
#7180 = DIRECTION('',(0.,0.,1.));
#7181 = DIRECTION('',(1.,0.,0.));
#7182 = ADVANCED_FACE('',(#7183),#7208,.T.);
#7183 = FACE_BOUND('',#7184,.T.);
#7184 = EDGE_LOOP('',(#7185,#7193,#7201,#7207));
#7185 = ORIENTED_EDGE('',*,*,#7186,.F.);
#7186 = EDGE_CURVE('',#7187,#6736,#7189,.T.);
#7187 = VERTEX_POINT('',#7188);
#7188 = CARTESIAN_POINT('',(-0.238152,-6.881911,0.));
#7189 = LINE('',#7190,#7191);
#7190 = CARTESIAN_POINT('',(-0.238152,-6.881911,0.));
#7191 = VECTOR('',#7192,1.);
#7192 = DIRECTION('',(0.,1.,0.));
#7193 = ORIENTED_EDGE('',*,*,#7194,.F.);
#7194 = EDGE_CURVE('',#7195,#7187,#7197,.T.);
#7195 = VERTEX_POINT('',#7196);
#7196 = CARTESIAN_POINT('',(0.238152,-6.881911,0.));
#7197 = LINE('',#7198,#7199);
#7198 = CARTESIAN_POINT('',(0.238152,-6.881911,0.));
#7199 = VECTOR('',#7200,1.);
#7200 = DIRECTION('',(-1.,0.,0.));
#7201 = ORIENTED_EDGE('',*,*,#7202,.F.);
#7202 = EDGE_CURVE('',#6727,#7195,#7203,.T.);
#7203 = LINE('',#7204,#7205);
#7204 = CARTESIAN_POINT('',(0.238152,-0.24764,0.));
#7205 = VECTOR('',#7206,1.);
#7206 = DIRECTION('',(0.,-1.,0.));
#7207 = ORIENTED_EDGE('',*,*,#6735,.F.);
#7208 = PLANE('',#7209);
#7209 = AXIS2_PLACEMENT_3D('',#7210,#7211,#7212);
#7210 = CARTESIAN_POINT('',(1.392279437978E-16,-4.860320947125E-17,0.));
#7211 = DIRECTION('',(0.,0.,1.));
#7212 = DIRECTION('',(1.,0.,0.));
#7213 = ADVANCED_FACE('',(#7214),#7231,.F.);
#7214 = FACE_BOUND('',#7215,.F.);
#7215 = EDGE_LOOP('',(#7216,#7217,#7225));
#7216 = ORIENTED_EDGE('',*,*,#6726,.T.);
#7217 = ORIENTED_EDGE('',*,*,#7218,.T.);
#7218 = EDGE_CURVE('',#6718,#7219,#7221,.T.);
#7219 = VERTEX_POINT('',#7220);
#7220 = CARTESIAN_POINT('',(0.238152,-0.24764,0.));
#7221 = LINE('',#7222,#7223);
#7222 = CARTESIAN_POINT('',(6.823641,-0.24764,0.));
#7223 = VECTOR('',#7224,1.);
#7224 = DIRECTION('',(-1.,0.,0.));
#7225 = ORIENTED_EDGE('',*,*,#7226,.T.);
#7226 = EDGE_CURVE('',#7219,#6727,#7227,.T.);
#7227 = LINE('',#7228,#7229);
#7228 = CARTESIAN_POINT('',(0.238152,-0.24764,0.));
#7229 = VECTOR('',#7230,1.);
#7230 = DIRECTION('',(0.,-1.,0.));
#7231 = PLANE('',#7232);
#7232 = AXIS2_PLACEMENT_3D('',#7233,#7234,#7235);
#7233 = CARTESIAN_POINT('',(-1.196152386665E-16,1.51729545177E-16,0.));
#7234 = DIRECTION('',(0.,0.,1.));
#7235 = DIRECTION('',(1.,0.,0.));
#7236 = ADVANCED_FACE('',(#7237),#7264,.T.);
#7237 = FACE_BOUND('',#7238,.T.);
#7238 = EDGE_LOOP('',(#7239,#7240,#7248,#7257,#7263));
#7239 = ORIENTED_EDGE('',*,*,#6648,.F.);
#7240 = ORIENTED_EDGE('',*,*,#7241,.T.);
#7241 = EDGE_CURVE('',#6649,#7242,#7244,.T.);
#7242 = VERTEX_POINT('',#7243);
#7243 = CARTESIAN_POINT('',(6.139233866525,1.602757789597,3.579082372333
    ));
#7244 = LINE('',#7245,#7246);
#7245 = CARTESIAN_POINT('',(0.,1.602757789597,3.579082372333));
#7246 = VECTOR('',#7247,1.);
#7247 = DIRECTION('',(1.,0.,0.));
#7248 = ORIENTED_EDGE('',*,*,#7249,.T.);
#7249 = EDGE_CURVE('',#7242,#7250,#7252,.T.);
#7250 = VERTEX_POINT('',#7251);
#7251 = CARTESIAN_POINT('',(6.175810721132,-1.455467944254,
    0.244181993364));
#7252 = ELLIPSE('',#7253,9.387861508299,6.345);
#7253 = AXIS2_PLACEMENT_3D('',#7254,#7255,#7256);
#7254 = CARTESIAN_POINT('',(0.,0.,1.831324677157));
#7255 = DIRECTION('',(0.,0.73701831273,-0.675872774049));
#7256 = DIRECTION('',(0.,0.675872774049,0.73701831273));
#7257 = ORIENTED_EDGE('',*,*,#7258,.F.);
#7258 = EDGE_CURVE('',#6701,#7250,#7259,.T.);
#7259 = LINE('',#7260,#7261);
#7260 = CARTESIAN_POINT('',(0.,-1.455467944254,0.244181993364));
#7261 = VECTOR('',#7262,1.);
#7262 = DIRECTION('',(1.,0.,0.));
#7263 = ORIENTED_EDGE('',*,*,#6709,.F.);
#7264 = PLANE('',#7265);
#7265 = AXIS2_PLACEMENT_3D('',#7266,#7267,#7268);
#7266 = CARTESIAN_POINT('',(0.,1.602757789597,3.579082372333));
#7267 = DIRECTION('',(0.,0.73701831273,-0.675872774049));
#7268 = DIRECTION('',(0.,-0.675872774049,-0.73701831273));
#7269 = ADVANCED_FACE('',(#7270),#7289,.T.);
#7270 = FACE_BOUND('',#7271,.T.);
#7271 = EDGE_LOOP('',(#7272,#7273,#7274,#7283));
#7272 = ORIENTED_EDGE('',*,*,#6700,.F.);
#7273 = ORIENTED_EDGE('',*,*,#7258,.T.);
#7274 = ORIENTED_EDGE('',*,*,#7275,.F.);
#7275 = EDGE_CURVE('',#7276,#7250,#7278,.T.);
#7276 = VERTEX_POINT('',#7277);
#7277 = CARTESIAN_POINT('',(6.139233866525,-1.602757789597,
    0.244181993364));
#7278 = CIRCLE('',#7279,6.345);
#7279 = AXIS2_PLACEMENT_3D('',#7280,#7281,#7282);
#7280 = CARTESIAN_POINT('',(0.,0.,0.244181993364));
#7281 = DIRECTION('',(0.,0.,1.));
#7282 = DIRECTION('',(1.,0.,0.));
#7283 = ORIENTED_EDGE('',*,*,#7284,.F.);
#7284 = EDGE_CURVE('',#6692,#7276,#7285,.T.);
#7285 = LINE('',#7286,#7287);
#7286 = CARTESIAN_POINT('',(0.,-1.602757789597,0.244181993364));
#7287 = VECTOR('',#7288,1.);
#7288 = DIRECTION('',(1.,0.,0.));
#7289 = PLANE('',#7290);
#7290 = AXIS2_PLACEMENT_3D('',#7291,#7292,#7293);
#7291 = CARTESIAN_POINT('',(0.,-1.455467944254,0.244181993364));
#7292 = DIRECTION('',(0.,-7.53767526906E-16,-1.));
#7293 = DIRECTION('',(0.,-1.,7.53767526906E-16));
#7294 = ADVANCED_FACE('',(#7295),#7315,.T.);
#7295 = FACE_BOUND('',#7296,.T.);
#7296 = EDGE_LOOP('',(#7297,#7298,#7299,#7308,#7314));
#7297 = ORIENTED_EDGE('',*,*,#6691,.F.);
#7298 = ORIENTED_EDGE('',*,*,#7284,.T.);
#7299 = ORIENTED_EDGE('',*,*,#7300,.T.);
#7300 = EDGE_CURVE('',#7276,#7301,#7303,.T.);
#7301 = VERTEX_POINT('',#7302);
#7302 = CARTESIAN_POINT('',(6.175810721132,1.455467944254,3.579082372333
    ));
#7303 = ELLIPSE('',#7304,9.387861508299,6.345);
#7304 = AXIS2_PLACEMENT_3D('',#7305,#7306,#7307);
#7305 = CARTESIAN_POINT('',(0.,0.,1.99193968854));
#7306 = DIRECTION('',(0.,-0.73701831273,0.675872774049));
#7307 = DIRECTION('',(0.,0.675872774049,0.73701831273));
#7308 = ORIENTED_EDGE('',*,*,#7309,.F.);
#7309 = EDGE_CURVE('',#6658,#7301,#7310,.T.);
#7310 = LINE('',#7311,#7312);
#7311 = CARTESIAN_POINT('',(0.,1.455467944254,3.579082372333));
#7312 = VECTOR('',#7313,1.);
#7313 = DIRECTION('',(1.,0.,0.));
#7314 = ORIENTED_EDGE('',*,*,#6666,.F.);
#7315 = PLANE('',#7316);
#7316 = AXIS2_PLACEMENT_3D('',#7317,#7318,#7319);
#7317 = CARTESIAN_POINT('',(0.,-1.602757789597,0.244181993364));
#7318 = DIRECTION('',(0.,-0.73701831273,0.675872774049));
#7319 = DIRECTION('',(0.,0.675872774049,0.73701831273));
#7320 = ADVANCED_FACE('',(#7321),#7341,.T.);
#7321 = FACE_BOUND('',#7322,.T.);
#7322 = EDGE_LOOP('',(#7323,#7332,#7333,#7334));
#7323 = ORIENTED_EDGE('',*,*,#7324,.F.);
#7324 = EDGE_CURVE('',#6676,#7325,#7327,.T.);
#7325 = VERTEX_POINT('',#7326);
#7326 = CARTESIAN_POINT('',(2.043498,0.,4.));
#7327 = CIRCLE('',#7328,0.1);
#7328 = AXIS2_PLACEMENT_3D('',#7329,#7330,#7331);
#7329 = CARTESIAN_POINT('',(2.043498,0.,3.9));
#7330 = DIRECTION('',(0.,-1.,0.));
#7331 = DIRECTION('',(1.,0.,0.));
#7332 = ORIENTED_EDGE('',*,*,#6683,.T.);
#7333 = ORIENTED_EDGE('',*,*,#7324,.T.);
#7334 = ORIENTED_EDGE('',*,*,#7335,.F.);
#7335 = EDGE_CURVE('',#7325,#7325,#7336,.T.);
#7336 = CIRCLE('',#7337,2.043498);
#7337 = AXIS2_PLACEMENT_3D('',#7338,#7339,#7340);
#7338 = CARTESIAN_POINT('',(0.,0.,4.));
#7339 = DIRECTION('',(0.,0.,1.));
#7340 = DIRECTION('',(1.,0.,0.));
#7341 = TOROIDAL_SURFACE('',#7342,2.043498,0.1);
#7342 = AXIS2_PLACEMENT_3D('',#7343,#7344,#7345);
#7343 = CARTESIAN_POINT('',(0.,0.,3.9));
#7344 = DIRECTION('',(0.,0.,1.));
#7345 = DIRECTION('',(1.,0.,0.));
#7346 = ADVANCED_FACE('',(#7347),#7359,.T.);
#7347 = FACE_BOUND('',#7348,.T.);
#7348 = EDGE_LOOP('',(#7349,#7350,#7351,#7352));
#7349 = ORIENTED_EDGE('',*,*,#7241,.F.);
#7350 = ORIENTED_EDGE('',*,*,#6657,.T.);
#7351 = ORIENTED_EDGE('',*,*,#7309,.T.);
#7352 = ORIENTED_EDGE('',*,*,#7353,.T.);
#7353 = EDGE_CURVE('',#7301,#7242,#7354,.T.);
#7354 = CIRCLE('',#7355,6.345);
#7355 = AXIS2_PLACEMENT_3D('',#7356,#7357,#7358);
#7356 = CARTESIAN_POINT('',(0.,0.,3.579082372333));
#7357 = DIRECTION('',(0.,0.,1.));
#7358 = DIRECTION('',(1.,0.,0.));
#7359 = PLANE('',#7360);
#7360 = AXIS2_PLACEMENT_3D('',#7361,#7362,#7363);
#7361 = CARTESIAN_POINT('',(0.,1.455467944254,3.579082372333));
#7362 = DIRECTION('',(0.,0.,1.));
#7363 = DIRECTION('',(0.,1.,0.));
#7364 = ADVANCED_FACE('',(#7365),#7391,.T.);
#7365 = FACE_BOUND('',#7366,.T.);
#7366 = EDGE_LOOP('',(#7367,#7368,#7376,#7385));
#7367 = ORIENTED_EDGE('',*,*,#6789,.F.);
#7368 = ORIENTED_EDGE('',*,*,#7369,.T.);
#7369 = EDGE_CURVE('',#6790,#7370,#7372,.T.);
#7370 = VERTEX_POINT('',#7371);
#7371 = CARTESIAN_POINT('',(5.080836205682,3.80054317842,0.244181993364)
  );
#7372 = LINE('',#7373,#7374);
#7373 = CARTESIAN_POINT('',(1.253086498678,-0.999303136663,
    0.244181993364));
#7374 = VECTOR('',#7375,1.);
#7375 = DIRECTION('',(0.623489801859,0.781831482468,-4.499970222302E-17)
  );
#7376 = ORIENTED_EDGE('',*,*,#7377,.T.);
#7377 = EDGE_CURVE('',#7370,#7378,#7380,.T.);
#7378 = VERTEX_POINT('',#7379);
#7379 = CARTESIAN_POINT('',(2.712624342295,5.735912671719,3.579082372333
    ));
#7380 = ELLIPSE('',#7381,9.387861508299,6.345);
#7381 = AXIS2_PLACEMENT_3D('',#7382,#7383,#7384);
#7382 = CARTESIAN_POINT('',(2.561669505958E-16,-8.963669283051E-17,
    1.99193968854));
#7383 = DIRECTION('',(0.576224120048,-0.45952340177,0.675872774049));
#7384 = DIRECTION('',(-0.528418612894,0.421399781973,0.73701831273));
#7385 = ORIENTED_EDGE('',*,*,#7386,.F.);
#7386 = EDGE_CURVE('',#6792,#7378,#7387,.T.);
#7387 = LINE('',#7388,#7389);
#7388 = CARTESIAN_POINT('',(-1.137930660541,0.907469420174,
    3.579082372333));
#7389 = VECTOR('',#7390,1.);
#7390 = DIRECTION('',(0.623489801859,0.781831482468,-4.499970222302E-17)
  );
#7391 = PLANE('',#7392);
#7392 = AXIS2_PLACEMENT_3D('',#7393,#7394,#7395);
#7393 = CARTESIAN_POINT('',(1.253086498678,-0.999303136663,
    0.244181993364));
#7394 = DIRECTION('',(0.576224120048,-0.45952340177,0.675872774049));
#7395 = DIRECTION('',(-0.528418612894,0.421399781973,0.73701831273));
#7396 = ADVANCED_FACE('',(#7397),#7416,.T.);
#7397 = FACE_BOUND('',#7398,.T.);
#7398 = EDGE_LOOP('',(#7399,#7400,#7408,#7415));
#7399 = ORIENTED_EDGE('',*,*,#6800,.F.);
#7400 = ORIENTED_EDGE('',*,*,#7401,.T.);
#7401 = EDGE_CURVE('',#6801,#7402,#7404,.T.);
#7402 = VERTEX_POINT('',#7403);
#7403 = CARTESIAN_POINT('',(4.988485663376,3.92097383137,0.244181993364)
  );
#7404 = LINE('',#7405,#7406);
#7405 = CARTESIAN_POINT('',(1.137930660541,-0.907469420174,
    0.244181993364));
#7406 = VECTOR('',#7407,1.);
#7407 = DIRECTION('',(0.623489801859,0.781831482468,-4.499970222302E-17)
  );
#7408 = ORIENTED_EDGE('',*,*,#7409,.F.);
#7409 = EDGE_CURVE('',#7370,#7402,#7410,.T.);
#7410 = CIRCLE('',#7411,6.345);
#7411 = AXIS2_PLACEMENT_3D('',#7412,#7413,#7414);
#7412 = CARTESIAN_POINT('',(3.14022342094E-17,-1.098811698962E-17,
    0.244181993364));
#7413 = DIRECTION('',(1.286017604195E-16,-4.499970222302E-17,1.));
#7414 = DIRECTION('',(0.623489801859,0.781831482468,-4.499970222302E-17)
  );
#7415 = ORIENTED_EDGE('',*,*,#7369,.F.);
#7416 = PLANE('',#7417);
#7417 = AXIS2_PLACEMENT_3D('',#7418,#7419,#7420);
#7418 = CARTESIAN_POINT('',(1.137930660541,-0.907469420174,
    0.244181993364));
#7419 = DIRECTION('',(4.607174225776E-16,-4.249666637751E-16,-1.));
#7420 = DIRECTION('',(0.781831482468,-0.623489801859,6.251657664864E-16)
  );
#7421 = ADVANCED_FACE('',(#7422),#7441,.T.);
#7422 = FACE_BOUND('',#7423,.T.);
#7423 = EDGE_LOOP('',(#7424,#7432,#7433,#7434));
#7424 = ORIENTED_EDGE('',*,*,#7425,.F.);
#7425 = EDGE_CURVE('',#6810,#7426,#7428,.T.);
#7426 = VERTEX_POINT('',#7427);
#7427 = CARTESIAN_POINT('',(2.574663208327,5.799149451746,3.579082372333
    ));
#7428 = LINE('',#7429,#7430);
#7429 = CARTESIAN_POINT('',(-1.253086498678,0.999303136663,
    3.579082372333));
#7430 = VECTOR('',#7431,1.);
#7431 = DIRECTION('',(0.623489801859,0.781831482468,-4.499970222302E-17)
  );
#7432 = ORIENTED_EDGE('',*,*,#6818,.T.);
#7433 = ORIENTED_EDGE('',*,*,#7386,.T.);
#7434 = ORIENTED_EDGE('',*,*,#7435,.T.);
#7435 = EDGE_CURVE('',#7378,#7426,#7436,.T.);
#7436 = CIRCLE('',#7437,6.345);
#7437 = AXIS2_PLACEMENT_3D('',#7438,#7439,#7440);
#7438 = CARTESIAN_POINT('',(4.602762937686E-16,-1.610576409867E-16,
    3.579082372333));
#7439 = DIRECTION('',(1.286017604195E-16,-4.499970222302E-17,1.));
#7440 = DIRECTION('',(0.623489801859,0.781831482468,-4.499970222302E-17)
  );
#7441 = PLANE('',#7442);
#7442 = AXIS2_PLACEMENT_3D('',#7443,#7444,#7445);
#7443 = CARTESIAN_POINT('',(-1.137930660541,0.907469420174,
    3.579082372333));
#7444 = DIRECTION('',(1.286017604195E-16,-4.499970222302E-17,1.));
#7445 = DIRECTION('',(-0.781831482468,0.623489801859,1.286017604195E-16)
  );
#7446 = ADVANCED_FACE('',(#7447),#7459,.T.);
#7447 = FACE_BOUND('',#7448,.T.);
#7448 = EDGE_LOOP('',(#7449,#7450,#7451,#7458));
#7449 = ORIENTED_EDGE('',*,*,#6809,.F.);
#7450 = ORIENTED_EDGE('',*,*,#7425,.T.);
#7451 = ORIENTED_EDGE('',*,*,#7452,.T.);
#7452 = EDGE_CURVE('',#7426,#7402,#7453,.T.);
#7453 = ELLIPSE('',#7454,9.387861508299,6.345);
#7454 = AXIS2_PLACEMENT_3D('',#7455,#7456,#7457);
#7455 = CARTESIAN_POINT('',(2.355115773822E-16,-8.240906514576E-17,
    1.831324677157));
#7456 = DIRECTION('',(-0.576224120048,0.45952340177,-0.675872774049));
#7457 = DIRECTION('',(-0.528418612894,0.421399781973,0.73701831273));
#7458 = ORIENTED_EDGE('',*,*,#7401,.F.);
#7459 = PLANE('',#7460);
#7460 = AXIS2_PLACEMENT_3D('',#7461,#7462,#7463);
#7461 = CARTESIAN_POINT('',(-1.253086498678,0.999303136663,
    3.579082372333));
#7462 = DIRECTION('',(-0.576224120048,0.45952340177,-0.675872774049));
#7463 = DIRECTION('',(0.528418612894,-0.421399781973,-0.73701831273));
#7464 = ADVANCED_FACE('',(#7465),#7491,.T.);
#7465 = FACE_BOUND('',#7466,.T.);
#7466 = EDGE_LOOP('',(#7467,#7468,#7476,#7485));
#7467 = ORIENTED_EDGE('',*,*,#6827,.F.);
#7468 = ORIENTED_EDGE('',*,*,#7469,.T.);
#7469 = EDGE_CURVE('',#6828,#7470,#7472,.T.);
#7470 = VERTEX_POINT('',#7471);
#7471 = CARTESIAN_POINT('',(0.196465251789,6.341957616134,0.244181993364
    ));
#7472 = LINE('',#7473,#7474);
#7473 = CARTESIAN_POINT('',(1.562573305545,0.356647160247,0.244181993364
    ));
#7474 = VECTOR('',#7475,1.);
#7475 = DIRECTION('',(-0.222520933956,0.974927912182,2.748834735106E-17)
  );
#7476 = ORIENTED_EDGE('',*,*,#7477,.T.);
#7477 = EDGE_CURVE('',#7470,#7478,#7480,.T.);
#7478 = VERTEX_POINT('',#7479);
#7479 = CARTESIAN_POINT('',(-2.793223493743,5.697098166085,
    3.579082372333));
#7480 = ELLIPSE('',#7481,9.387861508299,6.345);
#7481 = AXIS2_PLACEMENT_3D('',#7482,#7483,#7484);
#7482 = CARTESIAN_POINT('',(4.859652203047E-16,5.475513006094E-17,
    1.99193968854));
#7483 = DIRECTION('',(0.71853972487,0.164002003292,0.675872774049));
#7484 = DIRECTION('',(-0.658927232504,-0.150395840917,0.73701831273));
#7485 = ORIENTED_EDGE('',*,*,#7486,.F.);
#7486 = EDGE_CURVE('',#6830,#7478,#7487,.T.);
#7487 = LINE('',#7488,#7489);
#7488 = CARTESIAN_POINT('',(-1.418976324139,-0.323872086299,
    3.579082372333));
#7489 = VECTOR('',#7490,1.);
#7490 = DIRECTION('',(-0.222520933956,0.974927912182,2.748834735106E-17)
  );
#7491 = PLANE('',#7492);
#7492 = AXIS2_PLACEMENT_3D('',#7493,#7494,#7495);
#7493 = CARTESIAN_POINT('',(1.562573305545,0.356647160247,0.244181993364
    ));
#7494 = DIRECTION('',(0.71853972487,0.164002003292,0.675872774049));
#7495 = DIRECTION('',(-0.658927232504,-0.150395840917,0.73701831273));
#7496 = ADVANCED_FACE('',(#7497),#7516,.T.);
#7497 = FACE_BOUND('',#7498,.T.);
#7498 = EDGE_LOOP('',(#7499,#7500,#7508,#7515));
#7499 = ORIENTED_EDGE('',*,*,#6838,.F.);
#7500 = ORIENTED_EDGE('',*,*,#7501,.T.);
#7501 = EDGE_CURVE('',#6839,#7502,#7504,.T.);
#7502 = VERTEX_POINT('',#7503);
#7503 = CARTESIAN_POINT('',(4.472915453507E-02,6.344842338682,
    0.244181993364));
#7504 = LINE('',#7505,#7506);
#7505 = CARTESIAN_POINT('',(1.418976324139,0.323872086299,0.244181993364
    ));
#7506 = VECTOR('',#7507,1.);
#7507 = DIRECTION('',(-0.222520933956,0.974927912182,2.748834735106E-17)
  );
#7508 = ORIENTED_EDGE('',*,*,#7509,.F.);
#7509 = EDGE_CURVE('',#7470,#7502,#7510,.T.);
#7510 = CIRCLE('',#7511,6.345);
#7511 = AXIS2_PLACEMENT_3D('',#7512,#7513,#7514);
#7512 = CARTESIAN_POINT('',(5.957206279006E-17,6.712159450471E-18,
    0.244181993364));
#7513 = DIRECTION('',(2.439658304419E-16,2.748834735106E-17,1.));
#7514 = DIRECTION('',(-0.222520933956,0.974927912182,2.748834735106E-17)
  );
#7515 = ORIENTED_EDGE('',*,*,#7469,.F.);
#7516 = PLANE('',#7517);
#7517 = AXIS2_PLACEMENT_3D('',#7518,#7519,#7520);
#7518 = CARTESIAN_POINT('',(1.418976324139,0.323872086299,0.244181993364
    ));
#7519 = DIRECTION('',(4.90903170835E-16,1.40240706722E-16,-1.));
#7520 = DIRECTION('',(0.974927912182,0.222520933956,5.098016964641E-16)
  );
#7521 = ADVANCED_FACE('',(#7522),#7541,.T.);
#7522 = FACE_BOUND('',#7523,.T.);
#7523 = EDGE_LOOP('',(#7524,#7532,#7533,#7534));
#7524 = ORIENTED_EDGE('',*,*,#7525,.F.);
#7525 = EDGE_CURVE('',#6848,#7526,#7528,.T.);
#7526 = VERTEX_POINT('',#7527);
#7527 = CARTESIAN_POINT('',(-2.9286813593,5.62866329564,3.579082372333)
  );
#7528 = LINE('',#7529,#7530);
#7529 = CARTESIAN_POINT('',(-1.562573305545,-0.356647160247,
    3.579082372333));
#7530 = VECTOR('',#7531,1.);
#7531 = DIRECTION('',(-0.222520933956,0.974927912182,2.748834735106E-17)
  );
#7532 = ORIENTED_EDGE('',*,*,#6856,.T.);
#7533 = ORIENTED_EDGE('',*,*,#7486,.T.);
#7534 = ORIENTED_EDGE('',*,*,#7535,.T.);
#7535 = EDGE_CURVE('',#7478,#7526,#7536,.T.);
#7536 = CIRCLE('',#7537,6.345);
#7537 = AXIS2_PLACEMENT_3D('',#7538,#7539,#7540);
#7538 = CARTESIAN_POINT('',(8.731738031861E-16,9.838305944873E-17,
    3.579082372333));
#7539 = DIRECTION('',(2.439658304419E-16,2.748834735106E-17,1.));
#7540 = DIRECTION('',(-0.222520933956,0.974927912182,2.748834735106E-17)
  );
#7541 = PLANE('',#7542);
#7542 = AXIS2_PLACEMENT_3D('',#7543,#7544,#7545);
#7543 = CARTESIAN_POINT('',(-1.418976324139,-0.323872086299,
    3.579082372333));
#7544 = DIRECTION('',(2.439658304419E-16,2.748834735106E-17,1.));
#7545 = DIRECTION('',(-0.974927912182,-0.222520933956,2.439658304419E-16
    ));
#7546 = ADVANCED_FACE('',(#7547),#7559,.T.);
#7547 = FACE_BOUND('',#7548,.T.);
#7548 = EDGE_LOOP('',(#7549,#7550,#7551,#7558));
#7549 = ORIENTED_EDGE('',*,*,#6847,.F.);
#7550 = ORIENTED_EDGE('',*,*,#7525,.T.);
#7551 = ORIENTED_EDGE('',*,*,#7552,.T.);
#7552 = EDGE_CURVE('',#7526,#7502,#7553,.T.);
#7553 = ELLIPSE('',#7554,9.387861508299,6.345);
#7554 = AXIS2_PLACEMENT_3D('',#7555,#7556,#7557);
#7555 = CARTESIAN_POINT('',(4.467806456714E-16,5.034008883826E-17,
    1.831324677157));
#7556 = DIRECTION('',(-0.71853972487,-0.164002003292,-0.675872774049));
#7557 = DIRECTION('',(-0.658927232504,-0.150395840917,0.73701831273));
#7558 = ORIENTED_EDGE('',*,*,#7501,.F.);
#7559 = PLANE('',#7560);
#7560 = AXIS2_PLACEMENT_3D('',#7561,#7562,#7563);
#7561 = CARTESIAN_POINT('',(-1.562573305545,-0.356647160247,
    3.579082372333));
#7562 = DIRECTION('',(-0.71853972487,-0.164002003292,-0.675872774049));
#7563 = DIRECTION('',(0.658927232504,0.150395840917,-0.73701831273));
#7564 = ADVANCED_FACE('',(#7565),#7591,.T.);
#7565 = FACE_BOUND('',#7566,.T.);
#7566 = EDGE_LOOP('',(#7567,#7568,#7576,#7585));
#7567 = ORIENTED_EDGE('',*,*,#6865,.F.);
#7568 = ORIENTED_EDGE('',*,*,#7569,.T.);
#7569 = EDGE_CURVE('',#6866,#7570,#7572,.T.);
#7570 = VERTEX_POINT('',#7571);
#7571 = CARTESIAN_POINT('',(-4.835848043861,4.10774861654,0.244181993364
    ));
#7572 = LINE('',#7573,#7574);
#7573 = CARTESIAN_POINT('',(0.69541054265,1.444034871215,0.244181993364)
  );
#7574 = VECTOR('',#7575,1.);
#7575 = DIRECTION('',(-0.900968867902,0.433883739118,1.628791689062E-16)
  );
#7576 = ORIENTED_EDGE('',*,*,#7577,.T.);
#7577 = EDGE_CURVE('',#7570,#7578,#7580,.T.);
#7578 = VERTEX_POINT('',#7579);
#7579 = CARTESIAN_POINT('',(-6.195717067617,1.368252541765,
    3.579082372333));
#7580 = ELLIPSE('',#7581,9.387861508299,6.345);
#7581 = AXIS2_PLACEMENT_3D('',#7582,#7583,#7584);
#7582 = CARTESIAN_POINT('',(5.163520250056E-16,3.244454809807E-16,
    1.99193968854));
#7583 = DIRECTION('',(0.319780261325,0.664030554844,0.675872774049));
#7584 = DIRECTION('',(-0.293250206372,-0.608940328081,0.73701831273));
#7585 = ORIENTED_EDGE('',*,*,#7586,.F.);
#7586 = EDGE_CURVE('',#6868,#7578,#7587,.T.);
#7587 = LINE('',#7588,#7589);
#7588 = CARTESIAN_POINT('',(-0.631503873819,-1.311331306002,
    3.579082372333));
#7589 = VECTOR('',#7590,1.);
#7590 = DIRECTION('',(-0.900968867902,0.433883739118,1.628791689062E-16)
  );
#7591 = PLANE('',#7592);
#7592 = AXIS2_PLACEMENT_3D('',#7593,#7594,#7595);
#7593 = CARTESIAN_POINT('',(0.69541054265,1.444034871215,0.244181993364)
  );
#7594 = DIRECTION('',(0.319780261325,0.664030554844,0.675872774049));
#7595 = DIRECTION('',(-0.293250206372,-0.608940328081,0.73701831273));
#7596 = ADVANCED_FACE('',(#7597),#7616,.T.);
#7597 = FACE_BOUND('',#7598,.T.);
#7598 = EDGE_LOOP('',(#7599,#7600,#7608,#7615));
#7599 = ORIENTED_EDGE('',*,*,#6876,.F.);
#7600 = ORIENTED_EDGE('',*,*,#7601,.T.);
#7601 = EDGE_CURVE('',#6877,#7602,#7604,.T.);
#7602 = VERTEX_POINT('',#7603);
#7603 = CARTESIAN_POINT('',(-4.932709319979,3.99091515377,0.244181993364
    ));
#7604 = LINE('',#7605,#7606);
#7605 = CARTESIAN_POINT('',(0.631503873819,1.311331306002,0.244181993364
    ));
#7606 = VECTOR('',#7607,1.);
#7607 = DIRECTION('',(-0.900968867902,0.433883739118,1.628791689062E-16)
  );
#7608 = ORIENTED_EDGE('',*,*,#7609,.F.);
#7609 = EDGE_CURVE('',#7570,#7602,#7610,.T.);
#7610 = CIRCLE('',#7611,6.345);
#7611 = AXIS2_PLACEMENT_3D('',#7612,#7613,#7614);
#7612 = CARTESIAN_POINT('',(6.329703026097E-17,3.977216014104E-17,
    0.244181993364));
#7613 = DIRECTION('',(2.59220712342E-16,1.628791689062E-16,1.));
#7614 = DIRECTION('',(-0.900968867902,0.433883739118,1.628791689062E-16)
  );
#7615 = ORIENTED_EDGE('',*,*,#7569,.F.);
#7616 = PLANE('',#7617);
#7617 = AXIS2_PLACEMENT_3D('',#7618,#7619,#7620);
#7618 = CARTESIAN_POINT('',(0.631503873819,1.311331306002,0.244181993364
    ));
#7619 = DIRECTION('',(6.782676065739E-17,5.162419064719E-16,-1.));
#7620 = DIRECTION('',(0.433883739118,0.900968867902,4.94546814564E-16));
#7621 = ADVANCED_FACE('',(#7622),#7641,.T.);
#7622 = FACE_BOUND('',#7623,.T.);
#7623 = EDGE_LOOP('',(#7624,#7632,#7633,#7634));
#7624 = ORIENTED_EDGE('',*,*,#7625,.F.);
#7625 = EDGE_CURVE('',#6886,#7626,#7628,.T.);
#7626 = VERTEX_POINT('',#7627);
#7627 = CARTESIAN_POINT('',(-6.226669129161,1.21967887411,3.579082372333
    ));
#7628 = LINE('',#7629,#7630);
#7629 = CARTESIAN_POINT('',(-0.69541054265,-1.444034871215,
    3.579082372333));
#7630 = VECTOR('',#7631,1.);
#7631 = DIRECTION('',(-0.900968867902,0.433883739118,1.628791689062E-16)
  );
#7632 = ORIENTED_EDGE('',*,*,#6894,.T.);
#7633 = ORIENTED_EDGE('',*,*,#7586,.T.);
#7634 = ORIENTED_EDGE('',*,*,#7635,.T.);
#7635 = EDGE_CURVE('',#7578,#7626,#7636,.T.);
#7636 = CIRCLE('',#7637,6.345);
#7637 = AXIS2_PLACEMENT_3D('',#7638,#7639,#7640);
#7638 = CARTESIAN_POINT('',(9.277722820868E-16,5.829579622525E-16,
    3.579082372333));
#7639 = DIRECTION('',(2.59220712342E-16,1.628791689062E-16,1.));
#7640 = DIRECTION('',(-0.900968867902,0.433883739118,1.628791689062E-16)
  );
#7641 = PLANE('',#7642);
#7642 = AXIS2_PLACEMENT_3D('',#7643,#7644,#7645);
#7643 = CARTESIAN_POINT('',(-0.631503873819,-1.311331306002,
    3.579082372333));
#7644 = DIRECTION('',(2.59220712342E-16,1.628791689062E-16,1.));
#7645 = DIRECTION('',(-0.433883739118,-0.900968867902,2.59220712342E-16)
  );
#7646 = ADVANCED_FACE('',(#7647),#7659,.T.);
#7647 = FACE_BOUND('',#7648,.T.);
#7648 = EDGE_LOOP('',(#7649,#7650,#7651,#7658));
#7649 = ORIENTED_EDGE('',*,*,#6885,.F.);
#7650 = ORIENTED_EDGE('',*,*,#7625,.T.);
#7651 = ORIENTED_EDGE('',*,*,#7652,.T.);
#7652 = EDGE_CURVE('',#7626,#7602,#7653,.T.);
#7653 = ELLIPSE('',#7654,9.387861508299,6.345);
#7654 = AXIS2_PLACEMENT_3D('',#7655,#7656,#7657);
#7655 = CARTESIAN_POINT('',(4.747172873422E-16,2.982846414128E-16,
    1.831324677157));
#7656 = DIRECTION('',(-0.319780261325,-0.664030554844,-0.675872774049));
#7657 = DIRECTION('',(-0.293250206372,-0.608940328081,0.73701831273));
#7658 = ORIENTED_EDGE('',*,*,#7601,.F.);
#7659 = PLANE('',#7660);
#7660 = AXIS2_PLACEMENT_3D('',#7661,#7662,#7663);
#7661 = CARTESIAN_POINT('',(-0.69541054265,-1.444034871215,
    3.579082372333));
#7662 = DIRECTION('',(-0.319780261325,-0.664030554844,-0.675872774049));
#7663 = DIRECTION('',(0.293250206372,0.608940328081,-0.73701831273));
#7664 = ADVANCED_FACE('',(#7665),#7691,.T.);
#7665 = FACE_BOUND('',#7666,.T.);
#7666 = EDGE_LOOP('',(#7667,#7668,#7676,#7685));
#7667 = ORIENTED_EDGE('',*,*,#6903,.F.);
#7668 = ORIENTED_EDGE('',*,*,#7669,.T.);
#7669 = EDGE_CURVE('',#6904,#7670,#7672,.T.);
#7670 = VERTEX_POINT('',#7671);
#7671 = CARTESIAN_POINT('',(-6.226669129161,-1.21967887411,
    0.244181993364));
#7672 = LINE('',#7673,#7674);
#7673 = CARTESIAN_POINT('',(-0.69541054265,1.444034871215,0.244181993364
    ));
#7674 = VECTOR('',#7675,1.);
#7675 = DIRECTION('',(-0.900968867902,-0.433883739118,2.59220712342E-16)
  );
#7676 = ORIENTED_EDGE('',*,*,#7677,.T.);
#7677 = EDGE_CURVE('',#7670,#7678,#7680,.T.);
#7678 = VERTEX_POINT('',#7679);
#7679 = CARTESIAN_POINT('',(-4.932709319979,-3.99091515377,
    3.579082372333));
#7680 = ELLIPSE('',#7681,9.387861508299,6.345);
#7681 = AXIS2_PLACEMENT_3D('',#7682,#7683,#7684);
#7682 = CARTESIAN_POINT('',(3.244454809807E-16,5.163520250056E-16,
    1.99193968854));
#7683 = DIRECTION('',(-0.319780261325,0.664030554844,0.675872774049));
#7684 = DIRECTION('',(0.293250206372,-0.608940328081,0.73701831273));
#7685 = ORIENTED_EDGE('',*,*,#7686,.F.);
#7686 = EDGE_CURVE('',#6906,#7678,#7687,.T.);
#7687 = LINE('',#7688,#7689);
#7688 = CARTESIAN_POINT('',(0.631503873819,-1.311331306002,
    3.579082372333));
#7689 = VECTOR('',#7690,1.);
#7690 = DIRECTION('',(-0.900968867902,-0.433883739118,2.59220712342E-16)
  );
#7691 = PLANE('',#7692);
#7692 = AXIS2_PLACEMENT_3D('',#7693,#7694,#7695);
#7693 = CARTESIAN_POINT('',(-0.69541054265,1.444034871215,0.244181993364
    ));
#7694 = DIRECTION('',(-0.319780261325,0.664030554844,0.675872774049));
#7695 = DIRECTION('',(0.293250206372,-0.608940328081,0.73701831273));
#7696 = ADVANCED_FACE('',(#7697),#7716,.T.);
#7697 = FACE_BOUND('',#7698,.T.);
#7698 = EDGE_LOOP('',(#7699,#7700,#7708,#7715));
#7699 = ORIENTED_EDGE('',*,*,#6914,.F.);
#7700 = ORIENTED_EDGE('',*,*,#7701,.T.);
#7701 = EDGE_CURVE('',#6915,#7702,#7704,.T.);
#7702 = VERTEX_POINT('',#7703);
#7703 = CARTESIAN_POINT('',(-6.195717067617,-1.368252541765,
    0.244181993364));
#7704 = LINE('',#7705,#7706);
#7705 = CARTESIAN_POINT('',(-0.631503873819,1.311331306002,
    0.244181993364));
#7706 = VECTOR('',#7707,1.);
#7707 = DIRECTION('',(-0.900968867902,-0.433883739118,2.59220712342E-16)
  );
#7708 = ORIENTED_EDGE('',*,*,#7709,.F.);
#7709 = EDGE_CURVE('',#7670,#7702,#7710,.T.);
#7710 = CIRCLE('',#7711,6.345);
#7711 = AXIS2_PLACEMENT_3D('',#7712,#7713,#7714);
#7712 = CARTESIAN_POINT('',(3.977216014104E-17,6.329703026097E-17,
    0.244181993364));
#7713 = DIRECTION('',(1.628791689062E-16,2.59220712342E-16,1.));
#7714 = DIRECTION('',(-0.900968867902,-0.433883739118,2.59220712342E-16)
  );
#7715 = ORIENTED_EDGE('',*,*,#7669,.F.);
#7716 = PLANE('',#7717);
#7717 = AXIS2_PLACEMENT_3D('',#7718,#7719,#7720);
#7718 = CARTESIAN_POINT('',(-0.631503873819,1.311331306002,
    0.244181993364));
#7719 = DIRECTION('',(-4.899266419056E-16,4.199003630361E-16,-1.));
#7720 = DIRECTION('',(-0.433883739118,0.900968867902,5.908883579998E-16)
  );
#7721 = ADVANCED_FACE('',(#7722),#7741,.T.);
#7722 = FACE_BOUND('',#7723,.T.);
#7723 = EDGE_LOOP('',(#7724,#7732,#7733,#7734));
#7724 = ORIENTED_EDGE('',*,*,#7725,.F.);
#7725 = EDGE_CURVE('',#6924,#7726,#7728,.T.);
#7726 = VERTEX_POINT('',#7727);
#7727 = CARTESIAN_POINT('',(-4.835848043861,-4.10774861654,
    3.579082372333));
#7728 = LINE('',#7729,#7730);
#7729 = CARTESIAN_POINT('',(0.69541054265,-1.444034871215,3.579082372333
    ));
#7730 = VECTOR('',#7731,1.);
#7731 = DIRECTION('',(-0.900968867902,-0.433883739118,2.59220712342E-16)
  );
#7732 = ORIENTED_EDGE('',*,*,#6932,.T.);
#7733 = ORIENTED_EDGE('',*,*,#7686,.T.);
#7734 = ORIENTED_EDGE('',*,*,#7735,.T.);
#7735 = EDGE_CURVE('',#7678,#7726,#7736,.T.);
#7736 = CIRCLE('',#7737,6.345);
#7737 = AXIS2_PLACEMENT_3D('',#7738,#7739,#7740);
#7738 = CARTESIAN_POINT('',(5.829579622525E-16,9.277722820868E-16,
    3.579082372333));
#7739 = DIRECTION('',(1.628791689062E-16,2.59220712342E-16,1.));
#7740 = DIRECTION('',(-0.900968867902,-0.433883739118,2.59220712342E-16)
  );
#7741 = PLANE('',#7742);
#7742 = AXIS2_PLACEMENT_3D('',#7743,#7744,#7745);
#7743 = CARTESIAN_POINT('',(0.631503873819,-1.311331306002,
    3.579082372333));
#7744 = DIRECTION('',(1.628791689062E-16,2.59220712342E-16,1.));
#7745 = DIRECTION('',(0.433883739118,-0.900968867902,1.628791689062E-16)
  );
#7746 = ADVANCED_FACE('',(#7747),#7759,.T.);
#7747 = FACE_BOUND('',#7748,.T.);
#7748 = EDGE_LOOP('',(#7749,#7750,#7751,#7758));
#7749 = ORIENTED_EDGE('',*,*,#6923,.F.);
#7750 = ORIENTED_EDGE('',*,*,#7725,.T.);
#7751 = ORIENTED_EDGE('',*,*,#7752,.T.);
#7752 = EDGE_CURVE('',#7726,#7702,#7753,.T.);
#7753 = ELLIPSE('',#7754,9.387861508299,6.345);
#7754 = AXIS2_PLACEMENT_3D('',#7755,#7756,#7757);
#7755 = CARTESIAN_POINT('',(2.982846414128E-16,4.747172873422E-16,
    1.831324677157));
#7756 = DIRECTION('',(0.319780261325,-0.664030554844,-0.675872774049));
#7757 = DIRECTION('',(0.293250206372,-0.608940328081,0.73701831273));
#7758 = ORIENTED_EDGE('',*,*,#7701,.F.);
#7759 = PLANE('',#7760);
#7760 = AXIS2_PLACEMENT_3D('',#7761,#7762,#7763);
#7761 = CARTESIAN_POINT('',(0.69541054265,-1.444034871215,3.579082372333
    ));
#7762 = DIRECTION('',(0.319780261325,-0.664030554844,-0.675872774049));
#7763 = DIRECTION('',(-0.293250206372,0.608940328081,-0.73701831273));
#7764 = ADVANCED_FACE('',(#7765),#7791,.T.);
#7765 = FACE_BOUND('',#7766,.T.);
#7766 = EDGE_LOOP('',(#7767,#7768,#7776,#7785));
#7767 = ORIENTED_EDGE('',*,*,#6941,.F.);
#7768 = ORIENTED_EDGE('',*,*,#7769,.T.);
#7769 = EDGE_CURVE('',#6942,#7770,#7772,.T.);
#7770 = VERTEX_POINT('',#7771);
#7771 = CARTESIAN_POINT('',(-2.9286813593,-5.62866329564,0.244181993364)
  );
#7772 = LINE('',#7773,#7774);
#7773 = CARTESIAN_POINT('',(-1.562573305545,0.356647160247,
    0.244181993364));
#7774 = VECTOR('',#7775,1.);
#7775 = DIRECTION('',(-0.222520933956,-0.974927912182,2.439658304419E-16
    ));
#7776 = ORIENTED_EDGE('',*,*,#7777,.T.);
#7777 = EDGE_CURVE('',#7770,#7778,#7780,.T.);
#7778 = VERTEX_POINT('',#7779);
#7779 = CARTESIAN_POINT('',(4.472915453507E-02,-6.344842338682,
    3.579082372333));
#7780 = ELLIPSE('',#7781,9.387861508299,6.345);
#7781 = AXIS2_PLACEMENT_3D('',#7782,#7783,#7784);
#7782 = CARTESIAN_POINT('',(5.475513006094E-17,4.859652203047E-16,
    1.99193968854));
#7783 = DIRECTION('',(-0.71853972487,0.164002003292,0.675872774049));
#7784 = DIRECTION('',(0.658927232504,-0.150395840917,0.73701831273));
#7785 = ORIENTED_EDGE('',*,*,#7786,.F.);
#7786 = EDGE_CURVE('',#6944,#7778,#7787,.T.);
#7787 = LINE('',#7788,#7789);
#7788 = CARTESIAN_POINT('',(1.418976324139,-0.323872086299,
    3.579082372333));
#7789 = VECTOR('',#7790,1.);
#7790 = DIRECTION('',(-0.222520933956,-0.974927912182,2.439658304419E-16
    ));
#7791 = PLANE('',#7792);
#7792 = AXIS2_PLACEMENT_3D('',#7793,#7794,#7795);
#7793 = CARTESIAN_POINT('',(-1.562573305545,0.356647160247,
    0.244181993364));
#7794 = DIRECTION('',(-0.71853972487,0.164002003292,0.675872774049));
#7795 = DIRECTION('',(0.658927232504,-0.150395840917,0.73701831273));
#7796 = ADVANCED_FACE('',(#7797),#7816,.T.);
#7797 = FACE_BOUND('',#7798,.T.);
#7798 = EDGE_LOOP('',(#7799,#7800,#7808,#7815));
#7799 = ORIENTED_EDGE('',*,*,#6952,.F.);
#7800 = ORIENTED_EDGE('',*,*,#7801,.T.);
#7801 = EDGE_CURVE('',#6953,#7802,#7804,.T.);
#7802 = VERTEX_POINT('',#7803);
#7803 = CARTESIAN_POINT('',(-2.793223493743,-5.697098166085,
    0.244181993364));
#7804 = LINE('',#7805,#7806);
#7805 = CARTESIAN_POINT('',(-1.418976324139,0.323872086299,
    0.244181993364));
#7806 = VECTOR('',#7807,1.);
#7807 = DIRECTION('',(-0.222520933956,-0.974927912182,2.439658304419E-16
    ));
#7808 = ORIENTED_EDGE('',*,*,#7809,.F.);
#7809 = EDGE_CURVE('',#7770,#7802,#7810,.T.);
#7810 = CIRCLE('',#7811,6.345);
#7811 = AXIS2_PLACEMENT_3D('',#7812,#7813,#7814);
#7812 = CARTESIAN_POINT('',(6.712159450471E-18,5.957206279006E-17,
    0.244181993364));
#7813 = DIRECTION('',(2.748834735106E-17,2.439658304419E-16,1.));
#7814 = DIRECTION('',(-0.222520933956,-0.974927912182,2.439658304419E-16
    ));
#7815 = ORIENTED_EDGE('',*,*,#7769,.F.);
#7816 = PLANE('',#7817);
#7817 = AXIS2_PLACEMENT_3D('',#7818,#7819,#7820);
#7818 = CARTESIAN_POINT('',(-1.418976324139,0.323872086299,
    0.244181993364));
#7819 = DIRECTION('',(-7.62357348628E-16,-7.62367763688E-17,-1.));
#7820 = DIRECTION('',(-0.974927912182,0.222520933956,7.262791795549E-16)
  );
#7821 = ADVANCED_FACE('',(#7822),#7841,.T.);
#7822 = FACE_BOUND('',#7823,.T.);
#7823 = EDGE_LOOP('',(#7824,#7832,#7833,#7834));
#7824 = ORIENTED_EDGE('',*,*,#7825,.F.);
#7825 = EDGE_CURVE('',#6962,#7826,#7828,.T.);
#7826 = VERTEX_POINT('',#7827);
#7827 = CARTESIAN_POINT('',(0.196465251789,-6.341957616134,
    3.579082372333));
#7828 = LINE('',#7829,#7830);
#7829 = CARTESIAN_POINT('',(1.562573305545,-0.356647160247,
    3.579082372333));
#7830 = VECTOR('',#7831,1.);
#7831 = DIRECTION('',(-0.222520933956,-0.974927912182,2.439658304419E-16
    ));
#7832 = ORIENTED_EDGE('',*,*,#6970,.T.);
#7833 = ORIENTED_EDGE('',*,*,#7786,.T.);
#7834 = ORIENTED_EDGE('',*,*,#7835,.T.);
#7835 = EDGE_CURVE('',#7778,#7826,#7836,.T.);
#7836 = CIRCLE('',#7837,6.345);
#7837 = AXIS2_PLACEMENT_3D('',#7838,#7839,#7840);
#7838 = CARTESIAN_POINT('',(9.838305944873E-17,8.731738031861E-16,
    3.579082372333));
#7839 = DIRECTION('',(2.748834735106E-17,2.439658304419E-16,1.));
#7840 = DIRECTION('',(-0.222520933956,-0.974927912182,2.439658304419E-16
    ));
#7841 = PLANE('',#7842);
#7842 = AXIS2_PLACEMENT_3D('',#7843,#7844,#7845);
#7843 = CARTESIAN_POINT('',(1.418976324139,-0.323872086299,
    3.579082372333));
#7844 = DIRECTION('',(2.748834735106E-17,2.439658304419E-16,1.));
#7845 = DIRECTION('',(0.974927912182,-0.222520933956,2.748834735106E-17)
  );
#7846 = ADVANCED_FACE('',(#7847),#7859,.T.);
#7847 = FACE_BOUND('',#7848,.T.);
#7848 = EDGE_LOOP('',(#7849,#7850,#7851,#7858));
#7849 = ORIENTED_EDGE('',*,*,#6961,.F.);
#7850 = ORIENTED_EDGE('',*,*,#7825,.T.);
#7851 = ORIENTED_EDGE('',*,*,#7852,.T.);
#7852 = EDGE_CURVE('',#7826,#7802,#7853,.T.);
#7853 = ELLIPSE('',#7854,9.387861508299,6.345);
#7854 = AXIS2_PLACEMENT_3D('',#7855,#7856,#7857);
#7855 = CARTESIAN_POINT('',(5.034008883826E-17,4.467806456714E-16,
    1.831324677157));
#7856 = DIRECTION('',(0.71853972487,-0.164002003292,-0.675872774049));
#7857 = DIRECTION('',(0.658927232504,-0.150395840917,0.73701831273));
#7858 = ORIENTED_EDGE('',*,*,#7801,.F.);
#7859 = PLANE('',#7860);
#7860 = AXIS2_PLACEMENT_3D('',#7861,#7862,#7863);
#7861 = CARTESIAN_POINT('',(1.562573305545,-0.356647160247,
    3.579082372333));
#7862 = DIRECTION('',(0.71853972487,-0.164002003292,-0.675872774049));
#7863 = DIRECTION('',(-0.658927232504,0.150395840917,-0.73701831273));
#7864 = ADVANCED_FACE('',(#7865),#7891,.T.);
#7865 = FACE_BOUND('',#7866,.T.);
#7866 = EDGE_LOOP('',(#7867,#7868,#7876,#7885));
#7867 = ORIENTED_EDGE('',*,*,#6979,.F.);
#7868 = ORIENTED_EDGE('',*,*,#7869,.T.);
#7869 = EDGE_CURVE('',#6980,#7870,#7872,.T.);
#7870 = VERTEX_POINT('',#7871);
#7871 = CARTESIAN_POINT('',(2.574663208327,-5.799149451746,
    0.244181993364));
#7872 = LINE('',#7873,#7874);
#7873 = CARTESIAN_POINT('',(-1.253086498678,-0.999303136663,
    0.244181993364));
#7874 = VECTOR('',#7875,1.);
#7875 = DIRECTION('',(0.623489801859,-0.781831482468,1.286017604195E-16)
  );
#7876 = ORIENTED_EDGE('',*,*,#7877,.T.);
#7877 = EDGE_CURVE('',#7870,#7878,#7880,.T.);
#7878 = VERTEX_POINT('',#7879);
#7879 = CARTESIAN_POINT('',(4.988485663376,-3.92097383137,3.579082372333
    ));
#7880 = ELLIPSE('',#7881,9.387861508299,6.345);
#7881 = AXIS2_PLACEMENT_3D('',#7882,#7883,#7884);
#7882 = CARTESIAN_POINT('',(-8.963669283051E-17,2.561669505958E-16,
    1.99193968854));
#7883 = DIRECTION('',(-0.576224120048,-0.45952340177,0.675872774049));
#7884 = DIRECTION('',(0.528418612894,0.421399781973,0.73701831273));
#7885 = ORIENTED_EDGE('',*,*,#7886,.F.);
#7886 = EDGE_CURVE('',#6982,#7878,#7887,.T.);
#7887 = LINE('',#7888,#7889);
#7888 = CARTESIAN_POINT('',(1.137930660541,0.907469420174,3.579082372333
    ));
#7889 = VECTOR('',#7890,1.);
#7890 = DIRECTION('',(0.623489801859,-0.781831482468,1.286017604195E-16)
  );
#7891 = PLANE('',#7892);
#7892 = AXIS2_PLACEMENT_3D('',#7893,#7894,#7895);
#7893 = CARTESIAN_POINT('',(-1.253086498678,-0.999303136663,
    0.244181993364));
#7894 = DIRECTION('',(-0.576224120048,-0.45952340177,0.675872774049));
#7895 = DIRECTION('',(0.528418612894,0.421399781973,0.73701831273));
#7896 = ADVANCED_FACE('',(#7897),#7916,.T.);
#7897 = FACE_BOUND('',#7898,.T.);
#7898 = EDGE_LOOP('',(#7899,#7900,#7908,#7915));
#7899 = ORIENTED_EDGE('',*,*,#6990,.F.);
#7900 = ORIENTED_EDGE('',*,*,#7901,.T.);
#7901 = EDGE_CURVE('',#6991,#7902,#7904,.T.);
#7902 = VERTEX_POINT('',#7903);
#7903 = CARTESIAN_POINT('',(2.712624342295,-5.735912671719,
    0.244181993364));
#7904 = LINE('',#7905,#7906);
#7905 = CARTESIAN_POINT('',(-1.137930660541,-0.907469420174,
    0.244181993364));
#7906 = VECTOR('',#7907,1.);
#7907 = DIRECTION('',(0.623489801859,-0.781831482468,1.286017604195E-16)
  );
#7908 = ORIENTED_EDGE('',*,*,#7909,.F.);
#7909 = EDGE_CURVE('',#7870,#7902,#7910,.T.);
#7910 = CIRCLE('',#7911,6.345);
#7911 = AXIS2_PLACEMENT_3D('',#7912,#7913,#7914);
#7912 = CARTESIAN_POINT('',(-1.098811698962E-17,3.14022342094E-17,
    0.244181993364));
#7913 = DIRECTION('',(-4.499970222302E-17,1.286017604195E-16,1.));
#7914 = DIRECTION('',(0.623489801859,-0.781831482468,1.286017604195E-16)
  );
#7915 = ORIENTED_EDGE('',*,*,#7869,.F.);
#7916 = PLANE('',#7917);
#7917 = AXIS2_PLACEMENT_3D('',#7918,#7919,#7920);
#7918 = CARTESIAN_POINT('',(-1.137930660541,-0.907469420174,
    0.244181993364));
#7919 = DIRECTION('',(-5.443194807741E-16,-5.985681264177E-16,-1.));
#7920 = DIRECTION('',(-0.781831482468,-0.623489801859,7.98767229129E-16)
  );
#7921 = ADVANCED_FACE('',(#7922),#7941,.T.);
#7922 = FACE_BOUND('',#7923,.T.);
#7923 = EDGE_LOOP('',(#7924,#7932,#7933,#7934));
#7924 = ORIENTED_EDGE('',*,*,#7925,.F.);
#7925 = EDGE_CURVE('',#7000,#7926,#7928,.T.);
#7926 = VERTEX_POINT('',#7927);
#7927 = CARTESIAN_POINT('',(5.080836205682,-3.80054317842,3.579082372333
    ));
#7928 = LINE('',#7929,#7930);
#7929 = CARTESIAN_POINT('',(1.253086498678,0.999303136663,3.579082372333
    ));
#7930 = VECTOR('',#7931,1.);
#7931 = DIRECTION('',(0.623489801859,-0.781831482468,1.286017604195E-16)
  );
#7932 = ORIENTED_EDGE('',*,*,#7008,.T.);
#7933 = ORIENTED_EDGE('',*,*,#7886,.T.);
#7934 = ORIENTED_EDGE('',*,*,#7935,.T.);
#7935 = EDGE_CURVE('',#7878,#7926,#7936,.T.);
#7936 = CIRCLE('',#7937,6.345);
#7937 = AXIS2_PLACEMENT_3D('',#7938,#7939,#7940);
#7938 = CARTESIAN_POINT('',(-1.610576409867E-16,4.602762937686E-16,
    3.579082372333));
#7939 = DIRECTION('',(-4.499970222302E-17,1.286017604195E-16,1.));
#7940 = DIRECTION('',(0.623489801859,-0.781831482468,1.286017604195E-16)
  );
#7941 = PLANE('',#7942);
#7942 = AXIS2_PLACEMENT_3D('',#7943,#7944,#7945);
#7943 = CARTESIAN_POINT('',(1.137930660541,0.907469420174,3.579082372333
    ));
#7944 = DIRECTION('',(-4.499970222302E-17,1.286017604195E-16,1.));
#7945 = DIRECTION('',(0.781831482468,0.623489801859,-4.499970222302E-17)
  );
#7946 = ADVANCED_FACE('',(#7947),#7959,.T.);
#7947 = FACE_BOUND('',#7948,.T.);
#7948 = EDGE_LOOP('',(#7949,#7950,#7951,#7958));
#7949 = ORIENTED_EDGE('',*,*,#6999,.F.);
#7950 = ORIENTED_EDGE('',*,*,#7925,.T.);
#7951 = ORIENTED_EDGE('',*,*,#7952,.T.);
#7952 = EDGE_CURVE('',#7926,#7902,#7953,.T.);
#7953 = ELLIPSE('',#7954,9.387861508299,6.345);
#7954 = AXIS2_PLACEMENT_3D('',#7955,#7956,#7957);
#7955 = CARTESIAN_POINT('',(-8.240906514576E-17,2.355115773822E-16,
    1.831324677157));
#7956 = DIRECTION('',(0.576224120048,0.45952340177,-0.675872774049));
#7957 = DIRECTION('',(0.528418612894,0.421399781973,0.73701831273));
#7958 = ORIENTED_EDGE('',*,*,#7901,.F.);
#7959 = PLANE('',#7960);
#7960 = AXIS2_PLACEMENT_3D('',#7961,#7962,#7963);
#7961 = CARTESIAN_POINT('',(1.253086498678,0.999303136663,3.579082372333
    ));
#7962 = DIRECTION('',(0.576224120048,0.45952340177,-0.675872774049));
#7963 = DIRECTION('',(-0.528418612894,-0.421399781973,-0.73701831273));
#7964 = ADVANCED_FACE('',(#7965),#7991,.F.);
#7965 = FACE_BOUND('',#7966,.F.);
#7966 = EDGE_LOOP('',(#7967,#7975,#7983,#7989,#7990));
#7967 = ORIENTED_EDGE('',*,*,#7968,.T.);
#7968 = EDGE_CURVE('',#7056,#7969,#7971,.T.);
#7969 = VERTEX_POINT('',#7970);
#7970 = CARTESIAN_POINT('',(0.238152,0.24764,-0.7));
#7971 = LINE('',#7972,#7973);
#7972 = CARTESIAN_POINT('',(0.238152,0.24764,0.));
#7973 = VECTOR('',#7974,1.);
#7974 = DIRECTION('',(0.,0.,-1.));
#7975 = ORIENTED_EDGE('',*,*,#7976,.T.);
#7976 = EDGE_CURVE('',#7969,#7977,#7979,.T.);
#7977 = VERTEX_POINT('',#7978);
#7978 = CARTESIAN_POINT('',(6.823641,0.24764,-0.7));
#7979 = LINE('',#7980,#7981);
#7980 = CARTESIAN_POINT('',(0.238152,0.24764,-0.7));
#7981 = VECTOR('',#7982,1.);
#7982 = DIRECTION('',(1.,0.,0.));
#7983 = ORIENTED_EDGE('',*,*,#7984,.F.);
#7984 = EDGE_CURVE('',#7033,#7977,#7985,.T.);
#7985 = LINE('',#7986,#7987);
#7986 = CARTESIAN_POINT('',(6.823641,0.24764,0.));
#7987 = VECTOR('',#7988,1.);
#7988 = DIRECTION('',(0.,0.,-1.));
#7989 = ORIENTED_EDGE('',*,*,#7040,.F.);
#7990 = ORIENTED_EDGE('',*,*,#7055,.F.);
#7991 = PLANE('',#7992);
#7992 = AXIS2_PLACEMENT_3D('',#7993,#7994,#7995);
#7993 = CARTESIAN_POINT('',(0.238152,0.24764,0.));
#7994 = DIRECTION('',(0.,-1.,0.));
#7995 = DIRECTION('',(1.,0.,0.));
#7996 = ADVANCED_FACE('',(#7997),#8015,.F.);
#7997 = FACE_BOUND('',#7998,.F.);
#7998 = EDGE_LOOP('',(#7999,#8000,#8008,#8014));
#7999 = ORIENTED_EDGE('',*,*,#7984,.T.);
#8000 = ORIENTED_EDGE('',*,*,#8001,.T.);
#8001 = EDGE_CURVE('',#7977,#8002,#8004,.T.);
#8002 = VERTEX_POINT('',#8003);
#8003 = CARTESIAN_POINT('',(6.823641,-0.24764,-0.7));
#8004 = LINE('',#8005,#8006);
#8005 = CARTESIAN_POINT('',(6.823641,0.24764,-0.7));
#8006 = VECTOR('',#8007,1.);
#8007 = DIRECTION('',(0.,-1.,0.));
#8008 = ORIENTED_EDGE('',*,*,#8009,.F.);
#8009 = EDGE_CURVE('',#7025,#8002,#8010,.T.);
#8010 = LINE('',#8011,#8012);
#8011 = CARTESIAN_POINT('',(6.823641,-0.24764,0.));
#8012 = VECTOR('',#8013,1.);
#8013 = DIRECTION('',(0.,0.,-1.));
#8014 = ORIENTED_EDGE('',*,*,#7032,.F.);
#8015 = PLANE('',#8016);
#8016 = AXIS2_PLACEMENT_3D('',#8017,#8018,#8019);
#8017 = CARTESIAN_POINT('',(6.823641,0.24764,0.));
#8018 = DIRECTION('',(-1.,-0.,-0.));
#8019 = DIRECTION('',(0.,-1.,0.));
#8020 = ADVANCED_FACE('',(#8021),#8040,.F.);
#8021 = FACE_BOUND('',#8022,.F.);
#8022 = EDGE_LOOP('',(#8023,#8024,#8032,#8038,#8039));
#8023 = ORIENTED_EDGE('',*,*,#8009,.T.);
#8024 = ORIENTED_EDGE('',*,*,#8025,.T.);
#8025 = EDGE_CURVE('',#8002,#8026,#8028,.T.);
#8026 = VERTEX_POINT('',#8027);
#8027 = CARTESIAN_POINT('',(0.238152,-0.24764,-0.7));
#8028 = LINE('',#8029,#8030);
#8029 = CARTESIAN_POINT('',(6.823641,-0.24764,-0.7));
#8030 = VECTOR('',#8031,1.);
#8031 = DIRECTION('',(-1.,0.,0.));
#8032 = ORIENTED_EDGE('',*,*,#8033,.F.);
#8033 = EDGE_CURVE('',#7219,#8026,#8034,.T.);
#8034 = LINE('',#8035,#8036);
#8035 = CARTESIAN_POINT('',(0.238152,-0.24764,0.));
#8036 = VECTOR('',#8037,1.);
#8037 = DIRECTION('',(0.,0.,-1.));
#8038 = ORIENTED_EDGE('',*,*,#7218,.F.);
#8039 = ORIENTED_EDGE('',*,*,#7024,.F.);
#8040 = PLANE('',#8041);
#8041 = AXIS2_PLACEMENT_3D('',#8042,#8043,#8044);
#8042 = CARTESIAN_POINT('',(6.823641,-0.24764,0.));
#8043 = DIRECTION('',(0.,1.,0.));
#8044 = DIRECTION('',(-1.,0.,0.));
#8045 = ADVANCED_FACE('',(#8046),#8065,.F.);
#8046 = FACE_BOUND('',#8047,.F.);
#8047 = EDGE_LOOP('',(#8048,#8056,#8062,#8063,#8064));
#8048 = ORIENTED_EDGE('',*,*,#8049,.T.);
#8049 = EDGE_CURVE('',#7088,#8050,#8052,.T.);
#8050 = VERTEX_POINT('',#8051);
#8051 = CARTESIAN_POINT('',(0.238152,6.881911,-0.7));
#8052 = LINE('',#8053,#8054);
#8053 = CARTESIAN_POINT('',(0.238152,6.881911,0.));
#8054 = VECTOR('',#8055,1.);
#8055 = DIRECTION('',(0.,0.,-1.));
#8056 = ORIENTED_EDGE('',*,*,#8057,.T.);
#8057 = EDGE_CURVE('',#8050,#7969,#8058,.T.);
#8058 = LINE('',#8059,#8060);
#8059 = CARTESIAN_POINT('',(0.238152,6.881911,-0.7));
#8060 = VECTOR('',#8061,1.);
#8061 = DIRECTION('',(0.,-1.,0.));
#8062 = ORIENTED_EDGE('',*,*,#7968,.F.);
#8063 = ORIENTED_EDGE('',*,*,#7064,.F.);
#8064 = ORIENTED_EDGE('',*,*,#7087,.F.);
#8065 = PLANE('',#8066);
#8066 = AXIS2_PLACEMENT_3D('',#8067,#8068,#8069);
#8067 = CARTESIAN_POINT('',(0.238152,6.881911,0.));
#8068 = DIRECTION('',(-1.,-0.,-0.));
#8069 = DIRECTION('',(0.,-1.,0.));
#8070 = ADVANCED_FACE('',(#8071),#8097,.F.);
#8071 = FACE_BOUND('',#8072,.F.);
#8072 = EDGE_LOOP('',(#8073,#8081,#8089,#8095,#8096));
#8073 = ORIENTED_EDGE('',*,*,#8074,.T.);
#8074 = EDGE_CURVE('',#7110,#8075,#8077,.T.);
#8075 = VERTEX_POINT('',#8076);
#8076 = CARTESIAN_POINT('',(-0.238152,0.24764,-0.7));
#8077 = LINE('',#8078,#8079);
#8078 = CARTESIAN_POINT('',(-0.238152,0.24764,0.));
#8079 = VECTOR('',#8080,1.);
#8080 = DIRECTION('',(0.,0.,-1.));
#8081 = ORIENTED_EDGE('',*,*,#8082,.T.);
#8082 = EDGE_CURVE('',#8075,#8083,#8085,.T.);
#8083 = VERTEX_POINT('',#8084);
#8084 = CARTESIAN_POINT('',(-0.238152,6.881911,-0.7));
#8085 = LINE('',#8086,#8087);
#8086 = CARTESIAN_POINT('',(-0.238152,0.24764,-0.7));
#8087 = VECTOR('',#8088,1.);
#8088 = DIRECTION('',(0.,1.,0.));
#8089 = ORIENTED_EDGE('',*,*,#8090,.F.);
#8090 = EDGE_CURVE('',#7079,#8083,#8091,.T.);
#8091 = LINE('',#8092,#8093);
#8092 = CARTESIAN_POINT('',(-0.238152,6.881911,0.));
#8093 = VECTOR('',#8094,1.);
#8094 = DIRECTION('',(0.,0.,-1.));
#8095 = ORIENTED_EDGE('',*,*,#7078,.F.);
#8096 = ORIENTED_EDGE('',*,*,#7109,.F.);
#8097 = PLANE('',#8098);
#8098 = AXIS2_PLACEMENT_3D('',#8099,#8100,#8101);
#8099 = CARTESIAN_POINT('',(-0.238152,0.24764,0.));
#8100 = DIRECTION('',(1.,0.,0.));
#8101 = DIRECTION('',(0.,1.,0.));
#8102 = ADVANCED_FACE('',(#8103),#8114,.F.);
#8103 = FACE_BOUND('',#8104,.F.);
#8104 = EDGE_LOOP('',(#8105,#8106,#8112,#8113));
#8105 = ORIENTED_EDGE('',*,*,#8090,.T.);
#8106 = ORIENTED_EDGE('',*,*,#8107,.T.);
#8107 = EDGE_CURVE('',#8083,#8050,#8108,.T.);
#8108 = LINE('',#8109,#8110);
#8109 = CARTESIAN_POINT('',(-0.238152,6.881911,-0.7));
#8110 = VECTOR('',#8111,1.);
#8111 = DIRECTION('',(1.,0.,0.));
#8112 = ORIENTED_EDGE('',*,*,#8049,.F.);
#8113 = ORIENTED_EDGE('',*,*,#7095,.F.);
#8114 = PLANE('',#8115);
#8115 = AXIS2_PLACEMENT_3D('',#8116,#8117,#8118);
#8116 = CARTESIAN_POINT('',(-0.238152,6.881911,0.));
#8117 = DIRECTION('',(0.,-1.,0.));
#8118 = DIRECTION('',(1.,0.,0.));
#8119 = ADVANCED_FACE('',(#8120),#8139,.F.);
#8120 = FACE_BOUND('',#8121,.F.);
#8121 = EDGE_LOOP('',(#8122,#8130,#8136,#8137,#8138));
#8122 = ORIENTED_EDGE('',*,*,#8123,.T.);
#8123 = EDGE_CURVE('',#7142,#8124,#8126,.T.);
#8124 = VERTEX_POINT('',#8125);
#8125 = CARTESIAN_POINT('',(-6.823641,0.24764,-0.7));
#8126 = LINE('',#8127,#8128);
#8127 = CARTESIAN_POINT('',(-6.823641,0.24764,0.));
#8128 = VECTOR('',#8129,1.);
#8129 = DIRECTION('',(0.,0.,-1.));
#8130 = ORIENTED_EDGE('',*,*,#8131,.T.);
#8131 = EDGE_CURVE('',#8124,#8075,#8132,.T.);
#8132 = LINE('',#8133,#8134);
#8133 = CARTESIAN_POINT('',(-6.823641,0.24764,-0.7));
#8134 = VECTOR('',#8135,1.);
#8135 = DIRECTION('',(1.,0.,0.));
#8136 = ORIENTED_EDGE('',*,*,#8074,.F.);
#8137 = ORIENTED_EDGE('',*,*,#7118,.F.);
#8138 = ORIENTED_EDGE('',*,*,#7141,.F.);
#8139 = PLANE('',#8140);
#8140 = AXIS2_PLACEMENT_3D('',#8141,#8142,#8143);
#8141 = CARTESIAN_POINT('',(-6.823641,0.24764,0.));
#8142 = DIRECTION('',(0.,-1.,0.));
#8143 = DIRECTION('',(1.,0.,0.));
#8144 = ADVANCED_FACE('',(#8145),#8171,.F.);
#8145 = FACE_BOUND('',#8146,.F.);
#8146 = EDGE_LOOP('',(#8147,#8155,#8163,#8169,#8170));
#8147 = ORIENTED_EDGE('',*,*,#8148,.T.);
#8148 = EDGE_CURVE('',#7165,#8149,#8151,.T.);
#8149 = VERTEX_POINT('',#8150);
#8150 = CARTESIAN_POINT('',(-0.238152,-0.24764,-0.7));
#8151 = LINE('',#8152,#8153);
#8152 = CARTESIAN_POINT('',(-0.238152,-0.24764,0.));
#8153 = VECTOR('',#8154,1.);
#8154 = DIRECTION('',(0.,0.,-1.));
#8155 = ORIENTED_EDGE('',*,*,#8156,.T.);
#8156 = EDGE_CURVE('',#8149,#8157,#8159,.T.);
#8157 = VERTEX_POINT('',#8158);
#8158 = CARTESIAN_POINT('',(-6.823641,-0.24764,-0.7));
#8159 = LINE('',#8160,#8161);
#8160 = CARTESIAN_POINT('',(-0.238152,-0.24764,-0.7));
#8161 = VECTOR('',#8162,1.);
#8162 = DIRECTION('',(-1.,0.,0.));
#8163 = ORIENTED_EDGE('',*,*,#8164,.F.);
#8164 = EDGE_CURVE('',#7133,#8157,#8165,.T.);
#8165 = LINE('',#8166,#8167);
#8166 = CARTESIAN_POINT('',(-6.823641,-0.24764,0.));
#8167 = VECTOR('',#8168,1.);
#8168 = DIRECTION('',(0.,0.,-1.));
#8169 = ORIENTED_EDGE('',*,*,#7132,.F.);
#8170 = ORIENTED_EDGE('',*,*,#7172,.F.);
#8171 = PLANE('',#8172);
#8172 = AXIS2_PLACEMENT_3D('',#8173,#8174,#8175);
#8173 = CARTESIAN_POINT('',(-0.238152,-0.24764,0.));
#8174 = DIRECTION('',(0.,1.,0.));
#8175 = DIRECTION('',(-1.,0.,0.));
#8176 = ADVANCED_FACE('',(#8177),#8188,.F.);
#8177 = FACE_BOUND('',#8178,.F.);
#8178 = EDGE_LOOP('',(#8179,#8180,#8186,#8187));
#8179 = ORIENTED_EDGE('',*,*,#8164,.T.);
#8180 = ORIENTED_EDGE('',*,*,#8181,.T.);
#8181 = EDGE_CURVE('',#8157,#8124,#8182,.T.);
#8182 = LINE('',#8183,#8184);
#8183 = CARTESIAN_POINT('',(-6.823641,-0.24764,-0.7));
#8184 = VECTOR('',#8185,1.);
#8185 = DIRECTION('',(0.,1.,0.));
#8186 = ORIENTED_EDGE('',*,*,#8123,.F.);
#8187 = ORIENTED_EDGE('',*,*,#7149,.F.);
#8188 = PLANE('',#8189);
#8189 = AXIS2_PLACEMENT_3D('',#8190,#8191,#8192);
#8190 = CARTESIAN_POINT('',(-6.823641,-0.24764,0.));
#8191 = DIRECTION('',(1.,0.,0.));
#8192 = DIRECTION('',(0.,1.,0.));
#8193 = ADVANCED_FACE('',(#8194),#8213,.F.);
#8194 = FACE_BOUND('',#8195,.F.);
#8195 = EDGE_LOOP('',(#8196,#8204,#8210,#8211,#8212));
#8196 = ORIENTED_EDGE('',*,*,#8197,.T.);
#8197 = EDGE_CURVE('',#7187,#8198,#8200,.T.);
#8198 = VERTEX_POINT('',#8199);
#8199 = CARTESIAN_POINT('',(-0.238152,-6.881911,-0.7));
#8200 = LINE('',#8201,#8202);
#8201 = CARTESIAN_POINT('',(-0.238152,-6.881911,0.));
#8202 = VECTOR('',#8203,1.);
#8203 = DIRECTION('',(0.,0.,-1.));
#8204 = ORIENTED_EDGE('',*,*,#8205,.T.);
#8205 = EDGE_CURVE('',#8198,#8149,#8206,.T.);
#8206 = LINE('',#8207,#8208);
#8207 = CARTESIAN_POINT('',(-0.238152,-6.881911,-0.7));
#8208 = VECTOR('',#8209,1.);
#8209 = DIRECTION('',(0.,1.,0.));
#8210 = ORIENTED_EDGE('',*,*,#8148,.F.);
#8211 = ORIENTED_EDGE('',*,*,#7164,.F.);
#8212 = ORIENTED_EDGE('',*,*,#7186,.F.);
#8213 = PLANE('',#8214);
#8214 = AXIS2_PLACEMENT_3D('',#8215,#8216,#8217);
#8215 = CARTESIAN_POINT('',(-0.238152,-6.881911,0.));
#8216 = DIRECTION('',(1.,0.,0.));
#8217 = DIRECTION('',(0.,1.,0.));
#8218 = ADVANCED_FACE('',(#8219),#8238,.F.);
#8219 = FACE_BOUND('',#8220,.F.);
#8220 = EDGE_LOOP('',(#8221,#8222,#8230,#8236,#8237));
#8221 = ORIENTED_EDGE('',*,*,#8033,.T.);
#8222 = ORIENTED_EDGE('',*,*,#8223,.T.);
#8223 = EDGE_CURVE('',#8026,#8224,#8226,.T.);
#8224 = VERTEX_POINT('',#8225);
#8225 = CARTESIAN_POINT('',(0.238152,-6.881911,-0.7));
#8226 = LINE('',#8227,#8228);
#8227 = CARTESIAN_POINT('',(0.238152,-0.24764,-0.7));
#8228 = VECTOR('',#8229,1.);
#8229 = DIRECTION('',(0.,-1.,0.));
#8230 = ORIENTED_EDGE('',*,*,#8231,.F.);
#8231 = EDGE_CURVE('',#7195,#8224,#8232,.T.);
#8232 = LINE('',#8233,#8234);
#8233 = CARTESIAN_POINT('',(0.238152,-6.881911,0.));
#8234 = VECTOR('',#8235,1.);
#8235 = DIRECTION('',(0.,0.,-1.));
#8236 = ORIENTED_EDGE('',*,*,#7202,.F.);
#8237 = ORIENTED_EDGE('',*,*,#7226,.F.);
#8238 = PLANE('',#8239);
#8239 = AXIS2_PLACEMENT_3D('',#8240,#8241,#8242);
#8240 = CARTESIAN_POINT('',(0.238152,-0.24764,0.));
#8241 = DIRECTION('',(-1.,-0.,-0.));
#8242 = DIRECTION('',(0.,-1.,0.));
#8243 = ADVANCED_FACE('',(#8244),#8255,.F.);
#8244 = FACE_BOUND('',#8245,.F.);
#8245 = EDGE_LOOP('',(#8246,#8247,#8253,#8254));
#8246 = ORIENTED_EDGE('',*,*,#8231,.T.);
#8247 = ORIENTED_EDGE('',*,*,#8248,.T.);
#8248 = EDGE_CURVE('',#8224,#8198,#8249,.T.);
#8249 = LINE('',#8250,#8251);
#8250 = CARTESIAN_POINT('',(0.238152,-6.881911,-0.7));
#8251 = VECTOR('',#8252,1.);
#8252 = DIRECTION('',(-1.,0.,0.));
#8253 = ORIENTED_EDGE('',*,*,#8197,.F.);
#8254 = ORIENTED_EDGE('',*,*,#7194,.F.);
#8255 = PLANE('',#8256);
#8256 = AXIS2_PLACEMENT_3D('',#8257,#8258,#8259);
#8257 = CARTESIAN_POINT('',(0.238152,-6.881911,0.));
#8258 = DIRECTION('',(0.,1.,0.));
#8259 = DIRECTION('',(-1.,0.,0.));
#8260 = ADVANCED_FACE('',(#8261),#8267,.T.);
#8261 = FACE_BOUND('',#8262,.T.);
#8262 = EDGE_LOOP('',(#8263,#8264,#8265,#8266));
#8263 = ORIENTED_EDGE('',*,*,#7249,.F.);
#8264 = ORIENTED_EDGE('',*,*,#7353,.F.);
#8265 = ORIENTED_EDGE('',*,*,#7300,.F.);
#8266 = ORIENTED_EDGE('',*,*,#7275,.T.);
#8267 = CYLINDRICAL_SURFACE('',#8268,6.345);
#8268 = AXIS2_PLACEMENT_3D('',#8269,#8270,#8271);
#8269 = CARTESIAN_POINT('',(0.,0.,4.));
#8270 = DIRECTION('',(0.,0.,1.));
#8271 = DIRECTION('',(1.,0.,0.));
#8272 = ADVANCED_FACE('',(#8273),#8276,.T.);
#8273 = FACE_BOUND('',#8274,.T.);
#8274 = EDGE_LOOP('',(#8275));
#8275 = ORIENTED_EDGE('',*,*,#7335,.T.);
#8276 = PLANE('',#8277);
#8277 = AXIS2_PLACEMENT_3D('',#8278,#8279,#8280);
#8278 = CARTESIAN_POINT('',(-1.196152386665E-16,1.51729545177E-16,4.));
#8279 = DIRECTION('',(0.,0.,1.));
#8280 = DIRECTION('',(1.,0.,0.));
#8281 = ADVANCED_FACE('',(#8282),#8288,.T.);
#8282 = FACE_BOUND('',#8283,.T.);
#8283 = EDGE_LOOP('',(#8284,#8285,#8286,#8287));
#8284 = ORIENTED_EDGE('',*,*,#7377,.F.);
#8285 = ORIENTED_EDGE('',*,*,#7409,.T.);
#8286 = ORIENTED_EDGE('',*,*,#7452,.F.);
#8287 = ORIENTED_EDGE('',*,*,#7435,.F.);
#8288 = CYLINDRICAL_SURFACE('',#8289,6.345);
#8289 = AXIS2_PLACEMENT_3D('',#8290,#8291,#8292);
#8290 = CARTESIAN_POINT('',(5.144070416782E-16,-1.799988088921E-16,4.));
#8291 = DIRECTION('',(1.286017604195E-16,-4.499970222302E-17,1.));
#8292 = DIRECTION('',(0.623489801859,0.781831482468,-4.499970222302E-17)
  );
#8293 = ADVANCED_FACE('',(#8294),#8300,.T.);
#8294 = FACE_BOUND('',#8295,.T.);
#8295 = EDGE_LOOP('',(#8296,#8297,#8298,#8299));
#8296 = ORIENTED_EDGE('',*,*,#7477,.F.);
#8297 = ORIENTED_EDGE('',*,*,#7509,.T.);
#8298 = ORIENTED_EDGE('',*,*,#7552,.F.);
#8299 = ORIENTED_EDGE('',*,*,#7535,.F.);
#8300 = CYLINDRICAL_SURFACE('',#8301,6.345);
#8301 = AXIS2_PLACEMENT_3D('',#8302,#8303,#8304);
#8302 = CARTESIAN_POINT('',(9.758633217674E-16,1.099533894042E-16,4.));
#8303 = DIRECTION('',(2.439658304419E-16,2.748834735106E-17,1.));
#8304 = DIRECTION('',(-0.222520933956,0.974927912182,2.748834735106E-17)
  );
#8305 = ADVANCED_FACE('',(#8306),#8312,.T.);
#8306 = FACE_BOUND('',#8307,.T.);
#8307 = EDGE_LOOP('',(#8308,#8309,#8310,#8311));
#8308 = ORIENTED_EDGE('',*,*,#7577,.F.);
#8309 = ORIENTED_EDGE('',*,*,#7609,.T.);
#8310 = ORIENTED_EDGE('',*,*,#7652,.F.);
#8311 = ORIENTED_EDGE('',*,*,#7635,.F.);
#8312 = CYLINDRICAL_SURFACE('',#8313,6.345);
#8313 = AXIS2_PLACEMENT_3D('',#8314,#8315,#8316);
#8314 = CARTESIAN_POINT('',(1.036882849368E-15,6.515166756248E-16,4.));
#8315 = DIRECTION('',(2.59220712342E-16,1.628791689062E-16,1.));
#8316 = DIRECTION('',(-0.900968867902,0.433883739118,1.628791689062E-16)
  );
#8317 = ADVANCED_FACE('',(#8318),#8324,.T.);
#8318 = FACE_BOUND('',#8319,.T.);
#8319 = EDGE_LOOP('',(#8320,#8321,#8322,#8323));
#8320 = ORIENTED_EDGE('',*,*,#7677,.F.);
#8321 = ORIENTED_EDGE('',*,*,#7709,.T.);
#8322 = ORIENTED_EDGE('',*,*,#7752,.F.);
#8323 = ORIENTED_EDGE('',*,*,#7735,.F.);
#8324 = CYLINDRICAL_SURFACE('',#8325,6.345);
#8325 = AXIS2_PLACEMENT_3D('',#8326,#8327,#8328);
#8326 = CARTESIAN_POINT('',(6.515166756248E-16,1.036882849368E-15,4.));
#8327 = DIRECTION('',(1.628791689062E-16,2.59220712342E-16,1.));
#8328 = DIRECTION('',(-0.900968867902,-0.433883739118,2.59220712342E-16)
  );
#8329 = ADVANCED_FACE('',(#8330),#8336,.T.);
#8330 = FACE_BOUND('',#8331,.T.);
#8331 = EDGE_LOOP('',(#8332,#8333,#8334,#8335));
#8332 = ORIENTED_EDGE('',*,*,#7777,.F.);
#8333 = ORIENTED_EDGE('',*,*,#7809,.T.);
#8334 = ORIENTED_EDGE('',*,*,#7852,.F.);
#8335 = ORIENTED_EDGE('',*,*,#7835,.F.);
#8336 = CYLINDRICAL_SURFACE('',#8337,6.345);
#8337 = AXIS2_PLACEMENT_3D('',#8338,#8339,#8340);
#8338 = CARTESIAN_POINT('',(1.099533894042E-16,9.758633217674E-16,4.));
#8339 = DIRECTION('',(2.748834735106E-17,2.439658304419E-16,1.));
#8340 = DIRECTION('',(-0.222520933956,-0.974927912182,2.439658304419E-16
    ));
#8341 = ADVANCED_FACE('',(#8342),#8348,.T.);
#8342 = FACE_BOUND('',#8343,.T.);
#8343 = EDGE_LOOP('',(#8344,#8345,#8346,#8347));
#8344 = ORIENTED_EDGE('',*,*,#7877,.F.);
#8345 = ORIENTED_EDGE('',*,*,#7909,.T.);
#8346 = ORIENTED_EDGE('',*,*,#7952,.F.);
#8347 = ORIENTED_EDGE('',*,*,#7935,.F.);
#8348 = CYLINDRICAL_SURFACE('',#8349,6.345);
#8349 = AXIS2_PLACEMENT_3D('',#8350,#8351,#8352);
#8350 = CARTESIAN_POINT('',(-1.799988088921E-16,5.144070416782E-16,4.));
#8351 = DIRECTION('',(-4.499970222302E-17,1.286017604195E-16,1.));
#8352 = DIRECTION('',(0.623489801859,-0.781831482468,1.286017604195E-16)
  );
#8353 = ADVANCED_FACE('',(#8354),#8368,.F.);
#8354 = FACE_BOUND('',#8355,.T.);
#8355 = EDGE_LOOP('',(#8356,#8357,#8358,#8359,#8360,#8361,#8362,#8363,
    #8364,#8365,#8366,#8367));
#8356 = ORIENTED_EDGE('',*,*,#8205,.T.);
#8357 = ORIENTED_EDGE('',*,*,#8156,.T.);
#8358 = ORIENTED_EDGE('',*,*,#8181,.T.);
#8359 = ORIENTED_EDGE('',*,*,#8131,.T.);
#8360 = ORIENTED_EDGE('',*,*,#8082,.T.);
#8361 = ORIENTED_EDGE('',*,*,#8107,.T.);
#8362 = ORIENTED_EDGE('',*,*,#8057,.T.);
#8363 = ORIENTED_EDGE('',*,*,#7976,.T.);
#8364 = ORIENTED_EDGE('',*,*,#8001,.T.);
#8365 = ORIENTED_EDGE('',*,*,#8025,.T.);
#8366 = ORIENTED_EDGE('',*,*,#8223,.T.);
#8367 = ORIENTED_EDGE('',*,*,#8248,.T.);
#8368 = PLANE('',#8369);
#8369 = AXIS2_PLACEMENT_3D('',#8370,#8371,#8372);
#8370 = CARTESIAN_POINT('',(1.392279437978E-16,-4.860320947125E-17,-0.7)
  );
#8371 = DIRECTION('',(0.,0.,1.));
#8372 = DIRECTION('',(1.,0.,0.));
#8373 = ( GEOMETRIC_REPRESENTATION_CONTEXT(3) 
GLOBAL_UNCERTAINTY_ASSIGNED_CONTEXT((#8377)) 
GLOBAL_UNIT_ASSIGNED_CONTEXT((#8374,#8375,#8376)) REPRESENTATION_CONTEXT
('Context #1','3D Context with UNIT and UNCERTAINTY') );
#8374 = ( LENGTH_UNIT() NAMED_UNIT(*) SI_UNIT(.MILLI.,.METRE.) );
#8375 = ( NAMED_UNIT(*) PLANE_ANGLE_UNIT() SI_UNIT($,.RADIAN.) );
#8376 = ( NAMED_UNIT(*) SI_UNIT($,.STERADIAN.) SOLID_ANGLE_UNIT() );
#8377 = UNCERTAINTY_MEASURE_WITH_UNIT(LENGTH_MEASURE(1.E-07),#8374,
  'distance_accuracy_value','confusion accuracy');
#8378 = CONTEXT_DEPENDENT_SHAPE_REPRESENTATION(#8379,#8381);
#8379 = ( REPRESENTATION_RELATIONSHIP('','',#6622,#10) 
REPRESENTATION_RELATIONSHIP_WITH_TRANSFORMATION(#8380) 
SHAPE_REPRESENTATION_RELATIONSHIP() );
#8380 = ITEM_DEFINED_TRANSFORMATION('','',#11,#23);
#8381 = PRODUCT_DEFINITION_SHAPE('Placement','Placement of an item',
  #8382);
#8382 = NEXT_ASSEMBLY_USAGE_OCCURRENCE('25','Вентилятор_2','',
  #5,#6617,$);
#8383 = PRODUCT_RELATED_PRODUCT_CATEGORY('part',$,(#6619));
#8384 = SHAPE_DEFINITION_REPRESENTATION(#8385,#8391);
#8385 = PRODUCT_DEFINITION_SHAPE('','',#8386);
#8386 = PRODUCT_DEFINITION('design','',#8387,#8390);
#8387 = PRODUCT_DEFINITION_FORMATION('','',#8388);
#8388 = PRODUCT('Имя лодки','Имя лодки','',(#8389));
#8389 = PRODUCT_CONTEXT('',#2,'mechanical');
#8390 = PRODUCT_DEFINITION_CONTEXT('part definition',#2,'design');
#8391 = SHAPE_REPRESENTATION('',(#11,#8392,#8806,#9220,#9502,#10138,
    #10720,#11364,#12035,#12185,#12706,#13196,#14009,#14555,#14903,
    #15251),#15545);
#8392 = MANIFOLD_SOLID_BREP('',#8393);
#8393 = CLOSED_SHELL('',(#8394,#8434,#8465,#8496,#8527,#8558,#8589,#8620
    ,#8651,#8682,#8713,#8744,#8766,#8786));
#8394 = ADVANCED_FACE('',(#8395),#8429,.T.);
#8395 = FACE_BOUND('',#8396,.T.);
#8396 = EDGE_LOOP('',(#8397,#8407,#8415,#8423));
#8397 = ORIENTED_EDGE('',*,*,#8398,.T.);
#8398 = EDGE_CURVE('',#8399,#8401,#8403,.T.);
#8399 = VERTEX_POINT('',#8400);
#8400 = CARTESIAN_POINT('',(-22.97083846075,-22.36833128519,0.));
#8401 = VERTEX_POINT('',#8402);
#8402 = CARTESIAN_POINT('',(-22.97083846075,-22.36833128519,0.6));
#8403 = LINE('',#8404,#8405);
#8404 = CARTESIAN_POINT('',(-22.97083846075,-22.36833128519,0.));
#8405 = VECTOR('',#8406,1.);
#8406 = DIRECTION('',(0.,0.,1.));
#8407 = ORIENTED_EDGE('',*,*,#8408,.T.);
#8408 = EDGE_CURVE('',#8401,#8409,#8411,.T.);
#8409 = VERTEX_POINT('',#8410);
#8410 = CARTESIAN_POINT('',(-23.23655430377,-22.36833128519,0.6));
#8411 = LINE('',#8412,#8413);
#8412 = CARTESIAN_POINT('',(-22.97083846075,-22.36833128519,0.6));
#8413 = VECTOR('',#8414,1.);
#8414 = DIRECTION('',(-1.,0.,0.));
#8415 = ORIENTED_EDGE('',*,*,#8416,.F.);
#8416 = EDGE_CURVE('',#8417,#8409,#8419,.T.);
#8417 = VERTEX_POINT('',#8418);
#8418 = CARTESIAN_POINT('',(-23.23655430377,-22.36833128519,0.));
#8419 = LINE('',#8420,#8421);
#8420 = CARTESIAN_POINT('',(-23.23655430377,-22.36833128519,0.));
#8421 = VECTOR('',#8422,1.);
#8422 = DIRECTION('',(0.,0.,1.));
#8423 = ORIENTED_EDGE('',*,*,#8424,.F.);
#8424 = EDGE_CURVE('',#8399,#8417,#8425,.T.);
#8425 = LINE('',#8426,#8427);
#8426 = CARTESIAN_POINT('',(-22.97083846075,-22.36833128519,0.));
#8427 = VECTOR('',#8428,1.);
#8428 = DIRECTION('',(-1.,0.,0.));
#8429 = PLANE('',#8430);
#8430 = AXIS2_PLACEMENT_3D('',#8431,#8432,#8433);
#8431 = CARTESIAN_POINT('',(-22.97083846075,-22.36833128519,0.));
#8432 = DIRECTION('',(0.,-1.,0.));
#8433 = DIRECTION('',(-1.,0.,0.));
#8434 = ADVANCED_FACE('',(#8435),#8460,.T.);
#8435 = FACE_BOUND('',#8436,.T.);
#8436 = EDGE_LOOP('',(#8437,#8447,#8453,#8454));
#8437 = ORIENTED_EDGE('',*,*,#8438,.T.);
#8438 = EDGE_CURVE('',#8439,#8441,#8443,.T.);
#8439 = VERTEX_POINT('',#8440);
#8440 = CARTESIAN_POINT('',(-22.97083846075,-20.36833128519,0.));
#8441 = VERTEX_POINT('',#8442);
#8442 = CARTESIAN_POINT('',(-22.97083846075,-20.36833128519,0.6));
#8443 = LINE('',#8444,#8445);
#8444 = CARTESIAN_POINT('',(-22.97083846075,-20.36833128519,0.));
#8445 = VECTOR('',#8446,1.);
#8446 = DIRECTION('',(0.,0.,1.));
#8447 = ORIENTED_EDGE('',*,*,#8448,.T.);
#8448 = EDGE_CURVE('',#8441,#8401,#8449,.T.);
#8449 = LINE('',#8450,#8451);
#8450 = CARTESIAN_POINT('',(-22.97083846075,-20.36833128519,0.6));
#8451 = VECTOR('',#8452,1.);
#8452 = DIRECTION('',(0.,-1.,0.));
#8453 = ORIENTED_EDGE('',*,*,#8398,.F.);
#8454 = ORIENTED_EDGE('',*,*,#8455,.F.);
#8455 = EDGE_CURVE('',#8439,#8399,#8456,.T.);
#8456 = LINE('',#8457,#8458);
#8457 = CARTESIAN_POINT('',(-22.97083846075,-20.36833128519,0.));
#8458 = VECTOR('',#8459,1.);
#8459 = DIRECTION('',(0.,-1.,0.));
#8460 = PLANE('',#8461);
#8461 = AXIS2_PLACEMENT_3D('',#8462,#8463,#8464);
#8462 = CARTESIAN_POINT('',(-22.97083846075,-20.36833128519,0.));
#8463 = DIRECTION('',(1.,0.,0.));
#8464 = DIRECTION('',(0.,-1.,0.));
#8465 = ADVANCED_FACE('',(#8466),#8491,.T.);
#8466 = FACE_BOUND('',#8467,.T.);
#8467 = EDGE_LOOP('',(#8468,#8478,#8484,#8485));
#8468 = ORIENTED_EDGE('',*,*,#8469,.T.);
#8469 = EDGE_CURVE('',#8470,#8472,#8474,.T.);
#8470 = VERTEX_POINT('',#8471);
#8471 = CARTESIAN_POINT('',(-23.23655430377,-20.36833128519,0.));
#8472 = VERTEX_POINT('',#8473);
#8473 = CARTESIAN_POINT('',(-23.23655430377,-20.36833128519,0.6));
#8474 = LINE('',#8475,#8476);
#8475 = CARTESIAN_POINT('',(-23.23655430377,-20.36833128519,0.));
#8476 = VECTOR('',#8477,1.);
#8477 = DIRECTION('',(0.,0.,1.));
#8478 = ORIENTED_EDGE('',*,*,#8479,.T.);
#8479 = EDGE_CURVE('',#8472,#8441,#8480,.T.);
#8480 = LINE('',#8481,#8482);
#8481 = CARTESIAN_POINT('',(-23.23655430377,-20.36833128519,0.6));
#8482 = VECTOR('',#8483,1.);
#8483 = DIRECTION('',(1.,0.,0.));
#8484 = ORIENTED_EDGE('',*,*,#8438,.F.);
#8485 = ORIENTED_EDGE('',*,*,#8486,.F.);
#8486 = EDGE_CURVE('',#8470,#8439,#8487,.T.);
#8487 = LINE('',#8488,#8489);
#8488 = CARTESIAN_POINT('',(-23.23655430377,-20.36833128519,0.));
#8489 = VECTOR('',#8490,1.);
#8490 = DIRECTION('',(1.,0.,0.));
#8491 = PLANE('',#8492);
#8492 = AXIS2_PLACEMENT_3D('',#8493,#8494,#8495);
#8493 = CARTESIAN_POINT('',(-23.23655430377,-20.36833128519,0.));
#8494 = DIRECTION('',(0.,1.,0.));
#8495 = DIRECTION('',(1.,0.,0.));
#8496 = ADVANCED_FACE('',(#8497),#8522,.T.);
#8497 = FACE_BOUND('',#8498,.T.);
#8498 = EDGE_LOOP('',(#8499,#8509,#8515,#8516));
#8499 = ORIENTED_EDGE('',*,*,#8500,.T.);
#8500 = EDGE_CURVE('',#8501,#8503,#8505,.T.);
#8501 = VERTEX_POINT('',#8502);
#8502 = CARTESIAN_POINT('',(-23.23655430377,-21.18809872705,0.));
#8503 = VERTEX_POINT('',#8504);
#8504 = CARTESIAN_POINT('',(-23.23655430377,-21.18809872705,0.6));
#8505 = LINE('',#8506,#8507);
#8506 = CARTESIAN_POINT('',(-23.23655430377,-21.18809872705,0.));
#8507 = VECTOR('',#8508,1.);
#8508 = DIRECTION('',(0.,0.,1.));
#8509 = ORIENTED_EDGE('',*,*,#8510,.T.);
#8510 = EDGE_CURVE('',#8503,#8472,#8511,.T.);
#8511 = LINE('',#8512,#8513);
#8512 = CARTESIAN_POINT('',(-23.23655430377,-21.18809872705,0.6));
#8513 = VECTOR('',#8514,1.);
#8514 = DIRECTION('',(0.,1.,0.));
#8515 = ORIENTED_EDGE('',*,*,#8469,.F.);
#8516 = ORIENTED_EDGE('',*,*,#8517,.F.);
#8517 = EDGE_CURVE('',#8501,#8470,#8518,.T.);
#8518 = LINE('',#8519,#8520);
#8519 = CARTESIAN_POINT('',(-23.23655430377,-21.18809872705,0.));
#8520 = VECTOR('',#8521,1.);
#8521 = DIRECTION('',(0.,1.,0.));
#8522 = PLANE('',#8523);
#8523 = AXIS2_PLACEMENT_3D('',#8524,#8525,#8526);
#8524 = CARTESIAN_POINT('',(-23.23655430377,-21.18809872705,0.));
#8525 = DIRECTION('',(-1.,0.,0.));
#8526 = DIRECTION('',(0.,1.,0.));
#8527 = ADVANCED_FACE('',(#8528),#8553,.T.);
#8528 = FACE_BOUND('',#8529,.T.);
#8529 = EDGE_LOOP('',(#8530,#8540,#8546,#8547));
#8530 = ORIENTED_EDGE('',*,*,#8531,.T.);
#8531 = EDGE_CURVE('',#8532,#8534,#8536,.T.);
#8532 = VERTEX_POINT('',#8533);
#8533 = CARTESIAN_POINT('',(-24.27489005959,-21.18809872705,0.));
#8534 = VERTEX_POINT('',#8535);
#8535 = CARTESIAN_POINT('',(-24.27489005959,-21.18809872705,0.6));
#8536 = LINE('',#8537,#8538);
#8537 = CARTESIAN_POINT('',(-24.27489005959,-21.18809872705,0.));
#8538 = VECTOR('',#8539,1.);
#8539 = DIRECTION('',(0.,0.,1.));
#8540 = ORIENTED_EDGE('',*,*,#8541,.T.);
#8541 = EDGE_CURVE('',#8534,#8503,#8542,.T.);
#8542 = LINE('',#8543,#8544);
#8543 = CARTESIAN_POINT('',(-24.27489005959,-21.18809872705,0.6));
#8544 = VECTOR('',#8545,1.);
#8545 = DIRECTION('',(1.,0.,0.));
#8546 = ORIENTED_EDGE('',*,*,#8500,.F.);
#8547 = ORIENTED_EDGE('',*,*,#8548,.F.);
#8548 = EDGE_CURVE('',#8532,#8501,#8549,.T.);
#8549 = LINE('',#8550,#8551);
#8550 = CARTESIAN_POINT('',(-24.27489005959,-21.18809872705,0.));
#8551 = VECTOR('',#8552,1.);
#8552 = DIRECTION('',(1.,0.,0.));
#8553 = PLANE('',#8554);
#8554 = AXIS2_PLACEMENT_3D('',#8555,#8556,#8557);
#8555 = CARTESIAN_POINT('',(-24.27489005959,-21.18809872705,0.));
#8556 = DIRECTION('',(0.,1.,0.));
#8557 = DIRECTION('',(1.,0.,0.));
#8558 = ADVANCED_FACE('',(#8559),#8584,.T.);
#8559 = FACE_BOUND('',#8560,.T.);
#8560 = EDGE_LOOP('',(#8561,#8571,#8577,#8578));
#8561 = ORIENTED_EDGE('',*,*,#8562,.T.);
#8562 = EDGE_CURVE('',#8563,#8565,#8567,.T.);
#8563 = VERTEX_POINT('',#8564);
#8564 = CARTESIAN_POINT('',(-24.27489005959,-20.36833128519,0.));
#8565 = VERTEX_POINT('',#8566);
#8566 = CARTESIAN_POINT('',(-24.27489005959,-20.36833128519,0.6));
#8567 = LINE('',#8568,#8569);
#8568 = CARTESIAN_POINT('',(-24.27489005959,-20.36833128519,0.));
#8569 = VECTOR('',#8570,1.);
#8570 = DIRECTION('',(0.,0.,1.));
#8571 = ORIENTED_EDGE('',*,*,#8572,.T.);
#8572 = EDGE_CURVE('',#8565,#8534,#8573,.T.);
#8573 = LINE('',#8574,#8575);
#8574 = CARTESIAN_POINT('',(-24.27489005959,-20.36833128519,0.6));
#8575 = VECTOR('',#8576,1.);
#8576 = DIRECTION('',(0.,-1.,0.));
#8577 = ORIENTED_EDGE('',*,*,#8531,.F.);
#8578 = ORIENTED_EDGE('',*,*,#8579,.F.);
#8579 = EDGE_CURVE('',#8563,#8532,#8580,.T.);
#8580 = LINE('',#8581,#8582);
#8581 = CARTESIAN_POINT('',(-24.27489005959,-20.36833128519,0.));
#8582 = VECTOR('',#8583,1.);
#8583 = DIRECTION('',(0.,-1.,0.));
#8584 = PLANE('',#8585);
#8585 = AXIS2_PLACEMENT_3D('',#8586,#8587,#8588);
#8586 = CARTESIAN_POINT('',(-24.27489005959,-20.36833128519,0.));
#8587 = DIRECTION('',(1.,0.,0.));
#8588 = DIRECTION('',(0.,-1.,0.));
#8589 = ADVANCED_FACE('',(#8590),#8615,.T.);
#8590 = FACE_BOUND('',#8591,.T.);
#8591 = EDGE_LOOP('',(#8592,#8602,#8608,#8609));
#8592 = ORIENTED_EDGE('',*,*,#8593,.T.);
#8593 = EDGE_CURVE('',#8594,#8596,#8598,.T.);
#8594 = VERTEX_POINT('',#8595);
#8595 = CARTESIAN_POINT('',(-24.53924325726,-20.36833128519,0.));
#8596 = VERTEX_POINT('',#8597);
#8597 = CARTESIAN_POINT('',(-24.53924325726,-20.36833128519,0.6));
#8598 = LINE('',#8599,#8600);
#8599 = CARTESIAN_POINT('',(-24.53924325726,-20.36833128519,0.));
#8600 = VECTOR('',#8601,1.);
#8601 = DIRECTION('',(0.,0.,1.));
#8602 = ORIENTED_EDGE('',*,*,#8603,.T.);
#8603 = EDGE_CURVE('',#8596,#8565,#8604,.T.);
#8604 = LINE('',#8605,#8606);
#8605 = CARTESIAN_POINT('',(-24.53924325726,-20.36833128519,0.6));
#8606 = VECTOR('',#8607,1.);
#8607 = DIRECTION('',(1.,0.,0.));
#8608 = ORIENTED_EDGE('',*,*,#8562,.F.);
#8609 = ORIENTED_EDGE('',*,*,#8610,.F.);
#8610 = EDGE_CURVE('',#8594,#8563,#8611,.T.);
#8611 = LINE('',#8612,#8613);
#8612 = CARTESIAN_POINT('',(-24.53924325726,-20.36833128519,0.));
#8613 = VECTOR('',#8614,1.);
#8614 = DIRECTION('',(1.,0.,0.));
#8615 = PLANE('',#8616);
#8616 = AXIS2_PLACEMENT_3D('',#8617,#8618,#8619);
#8617 = CARTESIAN_POINT('',(-24.53924325726,-20.36833128519,0.));
#8618 = DIRECTION('',(0.,1.,0.));
#8619 = DIRECTION('',(1.,0.,0.));
#8620 = ADVANCED_FACE('',(#8621),#8646,.T.);
#8621 = FACE_BOUND('',#8622,.T.);
#8622 = EDGE_LOOP('',(#8623,#8633,#8639,#8640));
#8623 = ORIENTED_EDGE('',*,*,#8624,.T.);
#8624 = EDGE_CURVE('',#8625,#8627,#8629,.T.);
#8625 = VERTEX_POINT('',#8626);
#8626 = CARTESIAN_POINT('',(-24.53924325726,-22.36833128519,0.));
#8627 = VERTEX_POINT('',#8628);
#8628 = CARTESIAN_POINT('',(-24.53924325726,-22.36833128519,0.6));
#8629 = LINE('',#8630,#8631);
#8630 = CARTESIAN_POINT('',(-24.53924325726,-22.36833128519,0.));
#8631 = VECTOR('',#8632,1.);
#8632 = DIRECTION('',(0.,0.,1.));
#8633 = ORIENTED_EDGE('',*,*,#8634,.T.);
#8634 = EDGE_CURVE('',#8627,#8596,#8635,.T.);
#8635 = LINE('',#8636,#8637);
#8636 = CARTESIAN_POINT('',(-24.53924325726,-22.36833128519,0.6));
#8637 = VECTOR('',#8638,1.);
#8638 = DIRECTION('',(0.,1.,0.));
#8639 = ORIENTED_EDGE('',*,*,#8593,.F.);
#8640 = ORIENTED_EDGE('',*,*,#8641,.F.);
#8641 = EDGE_CURVE('',#8625,#8594,#8642,.T.);
#8642 = LINE('',#8643,#8644);
#8643 = CARTESIAN_POINT('',(-24.53924325726,-22.36833128519,0.));
#8644 = VECTOR('',#8645,1.);
#8645 = DIRECTION('',(0.,1.,0.));
#8646 = PLANE('',#8647);
#8647 = AXIS2_PLACEMENT_3D('',#8648,#8649,#8650);
#8648 = CARTESIAN_POINT('',(-24.53924325726,-22.36833128519,0.));
#8649 = DIRECTION('',(-1.,0.,0.));
#8650 = DIRECTION('',(0.,1.,0.));
#8651 = ADVANCED_FACE('',(#8652),#8677,.T.);
#8652 = FACE_BOUND('',#8653,.T.);
#8653 = EDGE_LOOP('',(#8654,#8664,#8670,#8671));
#8654 = ORIENTED_EDGE('',*,*,#8655,.T.);
#8655 = EDGE_CURVE('',#8656,#8658,#8660,.T.);
#8656 = VERTEX_POINT('',#8657);
#8657 = CARTESIAN_POINT('',(-24.27489005959,-22.36833128519,0.));
#8658 = VERTEX_POINT('',#8659);
#8659 = CARTESIAN_POINT('',(-24.27489005959,-22.36833128519,0.6));
#8660 = LINE('',#8661,#8662);
#8661 = CARTESIAN_POINT('',(-24.27489005959,-22.36833128519,0.));
#8662 = VECTOR('',#8663,1.);
#8663 = DIRECTION('',(0.,0.,1.));
#8664 = ORIENTED_EDGE('',*,*,#8665,.T.);
#8665 = EDGE_CURVE('',#8658,#8627,#8666,.T.);
#8666 = LINE('',#8667,#8668);
#8667 = CARTESIAN_POINT('',(-24.27489005959,-22.36833128519,0.6));
#8668 = VECTOR('',#8669,1.);
#8669 = DIRECTION('',(-1.,0.,0.));
#8670 = ORIENTED_EDGE('',*,*,#8624,.F.);
#8671 = ORIENTED_EDGE('',*,*,#8672,.F.);
#8672 = EDGE_CURVE('',#8656,#8625,#8673,.T.);
#8673 = LINE('',#8674,#8675);
#8674 = CARTESIAN_POINT('',(-24.27489005959,-22.36833128519,0.));
#8675 = VECTOR('',#8676,1.);
#8676 = DIRECTION('',(-1.,0.,0.));
#8677 = PLANE('',#8678);
#8678 = AXIS2_PLACEMENT_3D('',#8679,#8680,#8681);
#8679 = CARTESIAN_POINT('',(-24.27489005959,-22.36833128519,0.));
#8680 = DIRECTION('',(0.,-1.,0.));
#8681 = DIRECTION('',(-1.,0.,0.));
#8682 = ADVANCED_FACE('',(#8683),#8708,.T.);
#8683 = FACE_BOUND('',#8684,.T.);
#8684 = EDGE_LOOP('',(#8685,#8695,#8701,#8702));
#8685 = ORIENTED_EDGE('',*,*,#8686,.T.);
#8686 = EDGE_CURVE('',#8687,#8689,#8691,.T.);
#8687 = VERTEX_POINT('',#8688);
#8688 = CARTESIAN_POINT('',(-24.27489005959,-21.42647082007,0.));
#8689 = VERTEX_POINT('',#8690);
#8690 = CARTESIAN_POINT('',(-24.27489005959,-21.42647082007,0.6));
#8691 = LINE('',#8692,#8693);
#8692 = CARTESIAN_POINT('',(-24.27489005959,-21.42647082007,0.));
#8693 = VECTOR('',#8694,1.);
#8694 = DIRECTION('',(0.,0.,1.));
#8695 = ORIENTED_EDGE('',*,*,#8696,.T.);
#8696 = EDGE_CURVE('',#8689,#8658,#8697,.T.);
#8697 = LINE('',#8698,#8699);
#8698 = CARTESIAN_POINT('',(-24.27489005959,-21.42647082007,0.6));
#8699 = VECTOR('',#8700,1.);
#8700 = DIRECTION('',(0.,-1.,0.));
#8701 = ORIENTED_EDGE('',*,*,#8655,.F.);
#8702 = ORIENTED_EDGE('',*,*,#8703,.F.);
#8703 = EDGE_CURVE('',#8687,#8656,#8704,.T.);
#8704 = LINE('',#8705,#8706);
#8705 = CARTESIAN_POINT('',(-24.27489005959,-21.42647082007,0.));
#8706 = VECTOR('',#8707,1.);
#8707 = DIRECTION('',(0.,-1.,0.));
#8708 = PLANE('',#8709);
#8709 = AXIS2_PLACEMENT_3D('',#8710,#8711,#8712);
#8710 = CARTESIAN_POINT('',(-24.27489005959,-21.42647082007,0.));
#8711 = DIRECTION('',(1.,0.,0.));
#8712 = DIRECTION('',(0.,-1.,0.));
#8713 = ADVANCED_FACE('',(#8714),#8739,.T.);
#8714 = FACE_BOUND('',#8715,.T.);
#8715 = EDGE_LOOP('',(#8716,#8726,#8732,#8733));
#8716 = ORIENTED_EDGE('',*,*,#8717,.T.);
#8717 = EDGE_CURVE('',#8718,#8720,#8722,.T.);
#8718 = VERTEX_POINT('',#8719);
#8719 = CARTESIAN_POINT('',(-23.23655430377,-21.42647082007,0.));
#8720 = VERTEX_POINT('',#8721);
#8721 = CARTESIAN_POINT('',(-23.23655430377,-21.42647082007,0.6));
#8722 = LINE('',#8723,#8724);
#8723 = CARTESIAN_POINT('',(-23.23655430377,-21.42647082007,0.));
#8724 = VECTOR('',#8725,1.);
#8725 = DIRECTION('',(0.,0.,1.));
#8726 = ORIENTED_EDGE('',*,*,#8727,.T.);
#8727 = EDGE_CURVE('',#8720,#8689,#8728,.T.);
#8728 = LINE('',#8729,#8730);
#8729 = CARTESIAN_POINT('',(-23.23655430377,-21.42647082007,0.6));
#8730 = VECTOR('',#8731,1.);
#8731 = DIRECTION('',(-1.,0.,0.));
#8732 = ORIENTED_EDGE('',*,*,#8686,.F.);
#8733 = ORIENTED_EDGE('',*,*,#8734,.F.);
#8734 = EDGE_CURVE('',#8718,#8687,#8735,.T.);
#8735 = LINE('',#8736,#8737);
#8736 = CARTESIAN_POINT('',(-23.23655430377,-21.42647082007,0.));
#8737 = VECTOR('',#8738,1.);
#8738 = DIRECTION('',(-1.,0.,0.));
#8739 = PLANE('',#8740);
#8740 = AXIS2_PLACEMENT_3D('',#8741,#8742,#8743);
#8741 = CARTESIAN_POINT('',(-23.23655430377,-21.42647082007,0.));
#8742 = DIRECTION('',(0.,-1.,0.));
#8743 = DIRECTION('',(-1.,0.,0.));
#8744 = ADVANCED_FACE('',(#8745),#8761,.T.);
#8745 = FACE_BOUND('',#8746,.T.);
#8746 = EDGE_LOOP('',(#8747,#8748,#8754,#8755));
#8747 = ORIENTED_EDGE('',*,*,#8416,.T.);
#8748 = ORIENTED_EDGE('',*,*,#8749,.T.);
#8749 = EDGE_CURVE('',#8409,#8720,#8750,.T.);
#8750 = LINE('',#8751,#8752);
#8751 = CARTESIAN_POINT('',(-23.23655430377,-22.36833128519,0.6));
#8752 = VECTOR('',#8753,1.);
#8753 = DIRECTION('',(0.,1.,0.));
#8754 = ORIENTED_EDGE('',*,*,#8717,.F.);
#8755 = ORIENTED_EDGE('',*,*,#8756,.F.);
#8756 = EDGE_CURVE('',#8417,#8718,#8757,.T.);
#8757 = LINE('',#8758,#8759);
#8758 = CARTESIAN_POINT('',(-23.23655430377,-22.36833128519,0.));
#8759 = VECTOR('',#8760,1.);
#8760 = DIRECTION('',(0.,1.,0.));
#8761 = PLANE('',#8762);
#8762 = AXIS2_PLACEMENT_3D('',#8763,#8764,#8765);
#8763 = CARTESIAN_POINT('',(-23.23655430377,-22.36833128519,0.));
#8764 = DIRECTION('',(-1.,0.,0.));
#8765 = DIRECTION('',(0.,1.,0.));
#8766 = ADVANCED_FACE('',(#8767),#8781,.F.);
#8767 = FACE_BOUND('',#8768,.F.);
#8768 = EDGE_LOOP('',(#8769,#8770,#8771,#8772,#8773,#8774,#8775,#8776,
    #8777,#8778,#8779,#8780));
#8769 = ORIENTED_EDGE('',*,*,#8424,.F.);
#8770 = ORIENTED_EDGE('',*,*,#8455,.F.);
#8771 = ORIENTED_EDGE('',*,*,#8486,.F.);
#8772 = ORIENTED_EDGE('',*,*,#8517,.F.);
#8773 = ORIENTED_EDGE('',*,*,#8548,.F.);
#8774 = ORIENTED_EDGE('',*,*,#8579,.F.);
#8775 = ORIENTED_EDGE('',*,*,#8610,.F.);
#8776 = ORIENTED_EDGE('',*,*,#8641,.F.);
#8777 = ORIENTED_EDGE('',*,*,#8672,.F.);
#8778 = ORIENTED_EDGE('',*,*,#8703,.F.);
#8779 = ORIENTED_EDGE('',*,*,#8734,.F.);
#8780 = ORIENTED_EDGE('',*,*,#8756,.F.);
#8781 = PLANE('',#8782);
#8782 = AXIS2_PLACEMENT_3D('',#8783,#8784,#8785);
#8783 = CARTESIAN_POINT('',(-23.75526604281,-21.35916905415,0.));
#8784 = DIRECTION('',(0.,0.,1.));
#8785 = DIRECTION('',(1.,0.,0.));
#8786 = ADVANCED_FACE('',(#8787),#8801,.T.);
#8787 = FACE_BOUND('',#8788,.T.);
#8788 = EDGE_LOOP('',(#8789,#8790,#8791,#8792,#8793,#8794,#8795,#8796,
    #8797,#8798,#8799,#8800));
#8789 = ORIENTED_EDGE('',*,*,#8408,.F.);
#8790 = ORIENTED_EDGE('',*,*,#8448,.F.);
#8791 = ORIENTED_EDGE('',*,*,#8479,.F.);
#8792 = ORIENTED_EDGE('',*,*,#8510,.F.);
#8793 = ORIENTED_EDGE('',*,*,#8541,.F.);
#8794 = ORIENTED_EDGE('',*,*,#8572,.F.);
#8795 = ORIENTED_EDGE('',*,*,#8603,.F.);
#8796 = ORIENTED_EDGE('',*,*,#8634,.F.);
#8797 = ORIENTED_EDGE('',*,*,#8665,.F.);
#8798 = ORIENTED_EDGE('',*,*,#8696,.F.);
#8799 = ORIENTED_EDGE('',*,*,#8727,.F.);
#8800 = ORIENTED_EDGE('',*,*,#8749,.F.);
#8801 = PLANE('',#8802);
#8802 = AXIS2_PLACEMENT_3D('',#8803,#8804,#8805);
#8803 = CARTESIAN_POINT('',(-23.75526604281,-21.35916905415,0.6));
#8804 = DIRECTION('',(0.,0.,1.));
#8805 = DIRECTION('',(1.,0.,0.));
#8806 = MANIFOLD_SOLID_BREP('',#8807);
#8807 = CLOSED_SHELL('',(#8808,#8848,#8879,#8910,#8941,#8972,#9003,#9034
    ,#9065,#9096,#9127,#9158,#9180,#9200));
#8808 = ADVANCED_FACE('',(#8809),#8843,.T.);
#8809 = FACE_BOUND('',#8810,.T.);
#8810 = EDGE_LOOP('',(#8811,#8821,#8829,#8837));
#8811 = ORIENTED_EDGE('',*,*,#8812,.T.);
#8812 = EDGE_CURVE('',#8813,#8815,#8817,.T.);
#8813 = VERTEX_POINT('',#8814);
#8814 = CARTESIAN_POINT('',(-21.03243003052,-22.36833128519,0.));
#8815 = VERTEX_POINT('',#8816);
#8816 = CARTESIAN_POINT('',(-21.03243003052,-22.36833128519,0.6));
#8817 = LINE('',#8818,#8819);
#8818 = CARTESIAN_POINT('',(-21.03243003052,-22.36833128519,0.));
#8819 = VECTOR('',#8820,1.);
#8820 = DIRECTION('',(0.,0.,1.));
#8821 = ORIENTED_EDGE('',*,*,#8822,.T.);
#8822 = EDGE_CURVE('',#8815,#8823,#8825,.T.);
#8823 = VERTEX_POINT('',#8824);
#8824 = CARTESIAN_POINT('',(-22.5245266875,-22.36833128519,0.6));
#8825 = LINE('',#8826,#8827);
#8826 = CARTESIAN_POINT('',(-21.03243003052,-22.36833128519,0.6));
#8827 = VECTOR('',#8828,1.);
#8828 = DIRECTION('',(-1.,0.,0.));
#8829 = ORIENTED_EDGE('',*,*,#8830,.F.);
#8830 = EDGE_CURVE('',#8831,#8823,#8833,.T.);
#8831 = VERTEX_POINT('',#8832);
#8832 = CARTESIAN_POINT('',(-22.5245266875,-22.36833128519,0.));
#8833 = LINE('',#8834,#8835);
#8834 = CARTESIAN_POINT('',(-22.5245266875,-22.36833128519,0.));
#8835 = VECTOR('',#8836,1.);
#8836 = DIRECTION('',(0.,0.,1.));
#8837 = ORIENTED_EDGE('',*,*,#8838,.F.);
#8838 = EDGE_CURVE('',#8813,#8831,#8839,.T.);
#8839 = LINE('',#8840,#8841);
#8840 = CARTESIAN_POINT('',(-21.03243003052,-22.36833128519,0.));
#8841 = VECTOR('',#8842,1.);
#8842 = DIRECTION('',(-1.,0.,0.));
#8843 = PLANE('',#8844);
#8844 = AXIS2_PLACEMENT_3D('',#8845,#8846,#8847);
#8845 = CARTESIAN_POINT('',(-21.03243003052,-22.36833128519,0.));
#8846 = DIRECTION('',(0.,-1.,0.));
#8847 = DIRECTION('',(-1.,0.,0.));
#8848 = ADVANCED_FACE('',(#8849),#8874,.T.);
#8849 = FACE_BOUND('',#8850,.T.);
#8850 = EDGE_LOOP('',(#8851,#8861,#8867,#8868));
#8851 = ORIENTED_EDGE('',*,*,#8852,.T.);
#8852 = EDGE_CURVE('',#8853,#8855,#8857,.T.);
#8853 = VERTEX_POINT('',#8854);
#8854 = CARTESIAN_POINT('',(-21.03243003052,-22.12995919216,0.));
#8855 = VERTEX_POINT('',#8856);
#8856 = CARTESIAN_POINT('',(-21.03243003052,-22.12995919216,0.6));
#8857 = LINE('',#8858,#8859);
#8858 = CARTESIAN_POINT('',(-21.03243003052,-22.12995919216,0.));
#8859 = VECTOR('',#8860,1.);
#8860 = DIRECTION('',(0.,0.,1.));
#8861 = ORIENTED_EDGE('',*,*,#8862,.T.);
#8862 = EDGE_CURVE('',#8855,#8815,#8863,.T.);
#8863 = LINE('',#8864,#8865);
#8864 = CARTESIAN_POINT('',(-21.03243003052,-22.12995919216,0.6));
#8865 = VECTOR('',#8866,1.);
#8866 = DIRECTION('',(0.,-1.,0.));
#8867 = ORIENTED_EDGE('',*,*,#8812,.F.);
#8868 = ORIENTED_EDGE('',*,*,#8869,.F.);
#8869 = EDGE_CURVE('',#8853,#8813,#8870,.T.);
#8870 = LINE('',#8871,#8872);
#8871 = CARTESIAN_POINT('',(-21.03243003052,-22.12995919216,0.));
#8872 = VECTOR('',#8873,1.);
#8873 = DIRECTION('',(0.,-1.,0.));
#8874 = PLANE('',#8875);
#8875 = AXIS2_PLACEMENT_3D('',#8876,#8877,#8878);
#8876 = CARTESIAN_POINT('',(-21.03243003052,-22.12995919216,0.));
#8877 = DIRECTION('',(1.,0.,0.));
#8878 = DIRECTION('',(0.,-1.,0.));
#8879 = ADVANCED_FACE('',(#8880),#8905,.T.);
#8880 = FACE_BOUND('',#8881,.T.);
#8881 = EDGE_LOOP('',(#8882,#8892,#8898,#8899));
#8882 = ORIENTED_EDGE('',*,*,#8883,.T.);
#8883 = EDGE_CURVE('',#8884,#8886,#8888,.T.);
#8884 = VERTEX_POINT('',#8885);
#8885 = CARTESIAN_POINT('',(-22.26017348982,-22.12995919216,0.));
#8886 = VERTEX_POINT('',#8887);
#8887 = CARTESIAN_POINT('',(-22.26017348982,-22.12995919216,0.6));
#8888 = LINE('',#8889,#8890);
#8889 = CARTESIAN_POINT('',(-22.26017348982,-22.12995919216,0.));
#8890 = VECTOR('',#8891,1.);
#8891 = DIRECTION('',(0.,0.,1.));
#8892 = ORIENTED_EDGE('',*,*,#8893,.T.);
#8893 = EDGE_CURVE('',#8886,#8855,#8894,.T.);
#8894 = LINE('',#8895,#8896);
#8895 = CARTESIAN_POINT('',(-22.26017348982,-22.12995919216,0.6));
#8896 = VECTOR('',#8897,1.);
#8897 = DIRECTION('',(1.,0.,0.));
#8898 = ORIENTED_EDGE('',*,*,#8852,.F.);
#8899 = ORIENTED_EDGE('',*,*,#8900,.F.);
#8900 = EDGE_CURVE('',#8884,#8853,#8901,.T.);
#8901 = LINE('',#8902,#8903);
#8902 = CARTESIAN_POINT('',(-22.26017348982,-22.12995919216,0.));
#8903 = VECTOR('',#8904,1.);
#8904 = DIRECTION('',(1.,0.,0.));
#8905 = PLANE('',#8906);
#8906 = AXIS2_PLACEMENT_3D('',#8907,#8908,#8909);
#8907 = CARTESIAN_POINT('',(-22.26017348982,-22.12995919216,0.));
#8908 = DIRECTION('',(0.,1.,0.));
#8909 = DIRECTION('',(1.,0.,0.));
#8910 = ADVANCED_FACE('',(#8911),#8936,.T.);
#8911 = FACE_BOUND('',#8912,.T.);
#8912 = EDGE_LOOP('',(#8913,#8923,#8929,#8930));
#8913 = ORIENTED_EDGE('',*,*,#8914,.T.);
#8914 = EDGE_CURVE('',#8915,#8917,#8919,.T.);
#8915 = VERTEX_POINT('',#8916);
#8916 = CARTESIAN_POINT('',(-22.26017348982,-21.45554058751,0.));
#8917 = VERTEX_POINT('',#8918);
#8918 = CARTESIAN_POINT('',(-22.26017348982,-21.45554058751,0.6));
#8919 = LINE('',#8920,#8921);
#8920 = CARTESIAN_POINT('',(-22.26017348982,-21.45554058751,0.));
#8921 = VECTOR('',#8922,1.);
#8922 = DIRECTION('',(0.,0.,1.));
#8923 = ORIENTED_EDGE('',*,*,#8924,.T.);
#8924 = EDGE_CURVE('',#8917,#8886,#8925,.T.);
#8925 = LINE('',#8926,#8927);
#8926 = CARTESIAN_POINT('',(-22.26017348982,-21.45554058751,0.6));
#8927 = VECTOR('',#8928,1.);
#8928 = DIRECTION('',(0.,-1.,0.));
#8929 = ORIENTED_EDGE('',*,*,#8883,.F.);
#8930 = ORIENTED_EDGE('',*,*,#8931,.F.);
#8931 = EDGE_CURVE('',#8915,#8884,#8932,.T.);
#8932 = LINE('',#8933,#8934);
#8933 = CARTESIAN_POINT('',(-22.26017348982,-21.45554058751,0.));
#8934 = VECTOR('',#8935,1.);
#8935 = DIRECTION('',(0.,-1.,0.));
#8936 = PLANE('',#8937);
#8937 = AXIS2_PLACEMENT_3D('',#8938,#8939,#8940);
#8938 = CARTESIAN_POINT('',(-22.26017348982,-21.45554058751,0.));
#8939 = DIRECTION('',(1.,0.,0.));
#8940 = DIRECTION('',(0.,-1.,0.));
#8941 = ADVANCED_FACE('',(#8942),#8967,.T.);
#8942 = FACE_BOUND('',#8943,.T.);
#8943 = EDGE_LOOP('',(#8944,#8954,#8960,#8961));
#8944 = ORIENTED_EDGE('',*,*,#8945,.T.);
#8945 = EDGE_CURVE('',#8946,#8948,#8950,.T.);
#8946 = VERTEX_POINT('',#8947);
#8947 = CARTESIAN_POINT('',(-21.15506811191,-21.45554058751,0.));
#8948 = VERTEX_POINT('',#8949);
#8949 = CARTESIAN_POINT('',(-21.15506811191,-21.45554058751,0.6));
#8950 = LINE('',#8951,#8952);
#8951 = CARTESIAN_POINT('',(-21.15506811191,-21.45554058751,0.));
#8952 = VECTOR('',#8953,1.);
#8953 = DIRECTION('',(0.,0.,1.));
#8954 = ORIENTED_EDGE('',*,*,#8955,.T.);
#8955 = EDGE_CURVE('',#8948,#8917,#8956,.T.);
#8956 = LINE('',#8957,#8958);
#8957 = CARTESIAN_POINT('',(-21.15506811191,-21.45554058751,0.6));
#8958 = VECTOR('',#8959,1.);
#8959 = DIRECTION('',(-1.,0.,0.));
#8960 = ORIENTED_EDGE('',*,*,#8914,.F.);
#8961 = ORIENTED_EDGE('',*,*,#8962,.F.);
#8962 = EDGE_CURVE('',#8946,#8915,#8963,.T.);
#8963 = LINE('',#8964,#8965);
#8964 = CARTESIAN_POINT('',(-21.15506811191,-21.45554058751,0.));
#8965 = VECTOR('',#8966,1.);
#8966 = DIRECTION('',(-1.,0.,0.));
#8967 = PLANE('',#8968);
#8968 = AXIS2_PLACEMENT_3D('',#8969,#8970,#8971);
#8969 = CARTESIAN_POINT('',(-21.15506811191,-21.45554058751,0.));
#8970 = DIRECTION('',(0.,-1.,0.));
#8971 = DIRECTION('',(-1.,0.,0.));
#8972 = ADVANCED_FACE('',(#8973),#8998,.T.);
#8973 = FACE_BOUND('',#8974,.T.);
#8974 = EDGE_LOOP('',(#8975,#8985,#8991,#8992));
#8975 = ORIENTED_EDGE('',*,*,#8976,.T.);
#8976 = EDGE_CURVE('',#8977,#8979,#8981,.T.);
#8977 = VERTEX_POINT('',#8978);
#8978 = CARTESIAN_POINT('',(-21.15506811191,-21.21716849449,0.));
#8979 = VERTEX_POINT('',#8980);
#8980 = CARTESIAN_POINT('',(-21.15506811191,-21.21716849449,0.6));
#8981 = LINE('',#8982,#8983);
#8982 = CARTESIAN_POINT('',(-21.15506811191,-21.21716849449,0.));
#8983 = VECTOR('',#8984,1.);
#8984 = DIRECTION('',(0.,0.,1.));
#8985 = ORIENTED_EDGE('',*,*,#8986,.T.);
#8986 = EDGE_CURVE('',#8979,#8948,#8987,.T.);
#8987 = LINE('',#8988,#8989);
#8988 = CARTESIAN_POINT('',(-21.15506811191,-21.21716849449,0.6));
#8989 = VECTOR('',#8990,1.);
#8990 = DIRECTION('',(0.,-1.,0.));
#8991 = ORIENTED_EDGE('',*,*,#8945,.F.);
#8992 = ORIENTED_EDGE('',*,*,#8993,.F.);
#8993 = EDGE_CURVE('',#8977,#8946,#8994,.T.);
#8994 = LINE('',#8995,#8996);
#8995 = CARTESIAN_POINT('',(-21.15506811191,-21.21716849449,0.));
#8996 = VECTOR('',#8997,1.);
#8997 = DIRECTION('',(0.,-1.,0.));
#8998 = PLANE('',#8999);
#8999 = AXIS2_PLACEMENT_3D('',#9000,#9001,#9002);
#9000 = CARTESIAN_POINT('',(-21.15506811191,-21.21716849449,0.));
#9001 = DIRECTION('',(1.,0.,0.));
#9002 = DIRECTION('',(0.,-1.,0.));
#9003 = ADVANCED_FACE('',(#9004),#9029,.T.);
#9004 = FACE_BOUND('',#9005,.T.);
#9005 = EDGE_LOOP('',(#9006,#9016,#9022,#9023));
#9006 = ORIENTED_EDGE('',*,*,#9007,.T.);
#9007 = EDGE_CURVE('',#9008,#9010,#9012,.T.);
#9008 = VERTEX_POINT('',#9009);
#9009 = CARTESIAN_POINT('',(-22.26017348982,-21.21716849449,0.));
#9010 = VERTEX_POINT('',#9011);
#9011 = CARTESIAN_POINT('',(-22.26017348982,-21.21716849449,0.6));
#9012 = LINE('',#9013,#9014);
#9013 = CARTESIAN_POINT('',(-22.26017348982,-21.21716849449,0.));
#9014 = VECTOR('',#9015,1.);
#9015 = DIRECTION('',(0.,0.,1.));
#9016 = ORIENTED_EDGE('',*,*,#9017,.T.);
#9017 = EDGE_CURVE('',#9010,#8979,#9018,.T.);
#9018 = LINE('',#9019,#9020);
#9019 = CARTESIAN_POINT('',(-22.26017348982,-21.21716849449,0.6));
#9020 = VECTOR('',#9021,1.);
#9021 = DIRECTION('',(1.,0.,0.));
#9022 = ORIENTED_EDGE('',*,*,#8976,.F.);
#9023 = ORIENTED_EDGE('',*,*,#9024,.F.);
#9024 = EDGE_CURVE('',#9008,#8977,#9025,.T.);
#9025 = LINE('',#9026,#9027);
#9026 = CARTESIAN_POINT('',(-22.26017348982,-21.21716849449,0.));
#9027 = VECTOR('',#9028,1.);
#9028 = DIRECTION('',(1.,0.,0.));
#9029 = PLANE('',#9030);
#9030 = AXIS2_PLACEMENT_3D('',#9031,#9032,#9033);
#9031 = CARTESIAN_POINT('',(-22.26017348982,-21.21716849449,0.));
#9032 = DIRECTION('',(0.,1.,0.));
#9033 = DIRECTION('',(1.,0.,0.));
#9034 = ADVANCED_FACE('',(#9035),#9060,.T.);
#9035 = FACE_BOUND('',#9036,.T.);
#9036 = EDGE_LOOP('',(#9037,#9047,#9053,#9054));
#9037 = ORIENTED_EDGE('',*,*,#9038,.T.);
#9038 = EDGE_CURVE('',#9039,#9041,#9043,.T.);
#9039 = VERTEX_POINT('',#9040);
#9040 = CARTESIAN_POINT('',(-22.26017348982,-20.60670337821,0.));
#9041 = VERTEX_POINT('',#9042);
#9042 = CARTESIAN_POINT('',(-22.26017348982,-20.60670337821,0.6));
#9043 = LINE('',#9044,#9045);
#9044 = CARTESIAN_POINT('',(-22.26017348982,-20.60670337821,0.));
#9045 = VECTOR('',#9046,1.);
#9046 = DIRECTION('',(0.,0.,1.));
#9047 = ORIENTED_EDGE('',*,*,#9048,.T.);
#9048 = EDGE_CURVE('',#9041,#9010,#9049,.T.);
#9049 = LINE('',#9050,#9051);
#9050 = CARTESIAN_POINT('',(-22.26017348982,-20.60670337821,0.6));
#9051 = VECTOR('',#9052,1.);
#9052 = DIRECTION('',(0.,-1.,0.));
#9053 = ORIENTED_EDGE('',*,*,#9007,.F.);
#9054 = ORIENTED_EDGE('',*,*,#9055,.F.);
#9055 = EDGE_CURVE('',#9039,#9008,#9056,.T.);
#9056 = LINE('',#9057,#9058);
#9057 = CARTESIAN_POINT('',(-22.26017348982,-20.60670337821,0.));
#9058 = VECTOR('',#9059,1.);
#9059 = DIRECTION('',(0.,-1.,0.));
#9060 = PLANE('',#9061);
#9061 = AXIS2_PLACEMENT_3D('',#9062,#9063,#9064);
#9062 = CARTESIAN_POINT('',(-22.26017348982,-20.60670337821,0.));
#9063 = DIRECTION('',(1.,0.,0.));
#9064 = DIRECTION('',(0.,-1.,0.));
#9065 = ADVANCED_FACE('',(#9066),#9091,.T.);
#9066 = FACE_BOUND('',#9067,.T.);
#9067 = EDGE_LOOP('',(#9068,#9078,#9084,#9085));
#9068 = ORIENTED_EDGE('',*,*,#9069,.T.);
#9069 = EDGE_CURVE('',#9070,#9072,#9074,.T.);
#9070 = VERTEX_POINT('',#9071);
#9071 = CARTESIAN_POINT('',(-21.07875997238,-20.60670337821,0.));
#9072 = VERTEX_POINT('',#9073);
#9073 = CARTESIAN_POINT('',(-21.07875997238,-20.60670337821,0.6));
#9074 = LINE('',#9075,#9076);
#9075 = CARTESIAN_POINT('',(-21.07875997238,-20.60670337821,0.));
#9076 = VECTOR('',#9077,1.);
#9077 = DIRECTION('',(0.,0.,1.));
#9078 = ORIENTED_EDGE('',*,*,#9079,.T.);
#9079 = EDGE_CURVE('',#9072,#9041,#9080,.T.);
#9080 = LINE('',#9081,#9082);
#9081 = CARTESIAN_POINT('',(-21.07875997238,-20.60670337821,0.6));
#9082 = VECTOR('',#9083,1.);
#9083 = DIRECTION('',(-1.,0.,0.));
#9084 = ORIENTED_EDGE('',*,*,#9038,.F.);
#9085 = ORIENTED_EDGE('',*,*,#9086,.F.);
#9086 = EDGE_CURVE('',#9070,#9039,#9087,.T.);
#9087 = LINE('',#9088,#9089);
#9088 = CARTESIAN_POINT('',(-21.07875997238,-20.60670337821,0.));
#9089 = VECTOR('',#9090,1.);
#9090 = DIRECTION('',(-1.,0.,0.));
#9091 = PLANE('',#9092);
#9092 = AXIS2_PLACEMENT_3D('',#9093,#9094,#9095);
#9093 = CARTESIAN_POINT('',(-21.07875997238,-20.60670337821,0.));
#9094 = DIRECTION('',(0.,-1.,0.));
#9095 = DIRECTION('',(-1.,0.,0.));
#9096 = ADVANCED_FACE('',(#9097),#9122,.T.);
#9097 = FACE_BOUND('',#9098,.T.);
#9098 = EDGE_LOOP('',(#9099,#9109,#9115,#9116));
#9099 = ORIENTED_EDGE('',*,*,#9100,.T.);
#9100 = EDGE_CURVE('',#9101,#9103,#9105,.T.);
#9101 = VERTEX_POINT('',#9102);
#9102 = CARTESIAN_POINT('',(-21.07875997238,-20.36833128519,0.));
#9103 = VERTEX_POINT('',#9104);
#9104 = CARTESIAN_POINT('',(-21.07875997238,-20.36833128519,0.6));
#9105 = LINE('',#9106,#9107);
#9106 = CARTESIAN_POINT('',(-21.07875997238,-20.36833128519,0.));
#9107 = VECTOR('',#9108,1.);
#9108 = DIRECTION('',(0.,0.,1.));
#9109 = ORIENTED_EDGE('',*,*,#9110,.T.);
#9110 = EDGE_CURVE('',#9103,#9072,#9111,.T.);
#9111 = LINE('',#9112,#9113);
#9112 = CARTESIAN_POINT('',(-21.07875997238,-20.36833128519,0.6));
#9113 = VECTOR('',#9114,1.);
#9114 = DIRECTION('',(0.,-1.,0.));
#9115 = ORIENTED_EDGE('',*,*,#9069,.F.);
#9116 = ORIENTED_EDGE('',*,*,#9117,.F.);
#9117 = EDGE_CURVE('',#9101,#9070,#9118,.T.);
#9118 = LINE('',#9119,#9120);
#9119 = CARTESIAN_POINT('',(-21.07875997238,-20.36833128519,0.));
#9120 = VECTOR('',#9121,1.);
#9121 = DIRECTION('',(0.,-1.,0.));
#9122 = PLANE('',#9123);
#9123 = AXIS2_PLACEMENT_3D('',#9124,#9125,#9126);
#9124 = CARTESIAN_POINT('',(-21.07875997238,-20.36833128519,0.));
#9125 = DIRECTION('',(1.,0.,0.));
#9126 = DIRECTION('',(0.,-1.,0.));
#9127 = ADVANCED_FACE('',(#9128),#9153,.T.);
#9128 = FACE_BOUND('',#9129,.T.);
#9129 = EDGE_LOOP('',(#9130,#9140,#9146,#9147));
#9130 = ORIENTED_EDGE('',*,*,#9131,.T.);
#9131 = EDGE_CURVE('',#9132,#9134,#9136,.T.);
#9132 = VERTEX_POINT('',#9133);
#9133 = CARTESIAN_POINT('',(-22.5245266875,-20.36833128519,0.));
#9134 = VERTEX_POINT('',#9135);
#9135 = CARTESIAN_POINT('',(-22.5245266875,-20.36833128519,0.6));
#9136 = LINE('',#9137,#9138);
#9137 = CARTESIAN_POINT('',(-22.5245266875,-20.36833128519,0.));
#9138 = VECTOR('',#9139,1.);
#9139 = DIRECTION('',(0.,0.,1.));
#9140 = ORIENTED_EDGE('',*,*,#9141,.T.);
#9141 = EDGE_CURVE('',#9134,#9103,#9142,.T.);
#9142 = LINE('',#9143,#9144);
#9143 = CARTESIAN_POINT('',(-22.5245266875,-20.36833128519,0.6));
#9144 = VECTOR('',#9145,1.);
#9145 = DIRECTION('',(1.,0.,0.));
#9146 = ORIENTED_EDGE('',*,*,#9100,.F.);
#9147 = ORIENTED_EDGE('',*,*,#9148,.F.);
#9148 = EDGE_CURVE('',#9132,#9101,#9149,.T.);
#9149 = LINE('',#9150,#9151);
#9150 = CARTESIAN_POINT('',(-22.5245266875,-20.36833128519,0.));
#9151 = VECTOR('',#9152,1.);
#9152 = DIRECTION('',(1.,0.,0.));
#9153 = PLANE('',#9154);
#9154 = AXIS2_PLACEMENT_3D('',#9155,#9156,#9157);
#9155 = CARTESIAN_POINT('',(-22.5245266875,-20.36833128519,0.));
#9156 = DIRECTION('',(0.,1.,0.));
#9157 = DIRECTION('',(1.,0.,0.));
#9158 = ADVANCED_FACE('',(#9159),#9175,.T.);
#9159 = FACE_BOUND('',#9160,.T.);
#9160 = EDGE_LOOP('',(#9161,#9162,#9168,#9169));
#9161 = ORIENTED_EDGE('',*,*,#8830,.T.);
#9162 = ORIENTED_EDGE('',*,*,#9163,.T.);
#9163 = EDGE_CURVE('',#8823,#9134,#9164,.T.);
#9164 = LINE('',#9165,#9166);
#9165 = CARTESIAN_POINT('',(-22.5245266875,-22.36833128519,0.6));
#9166 = VECTOR('',#9167,1.);
#9167 = DIRECTION('',(0.,1.,0.));
#9168 = ORIENTED_EDGE('',*,*,#9131,.F.);
#9169 = ORIENTED_EDGE('',*,*,#9170,.F.);
#9170 = EDGE_CURVE('',#8831,#9132,#9171,.T.);
#9171 = LINE('',#9172,#9173);
#9172 = CARTESIAN_POINT('',(-22.5245266875,-22.36833128519,0.));
#9173 = VECTOR('',#9174,1.);
#9174 = DIRECTION('',(0.,1.,0.));
#9175 = PLANE('',#9176);
#9176 = AXIS2_PLACEMENT_3D('',#9177,#9178,#9179);
#9177 = CARTESIAN_POINT('',(-22.5245266875,-22.36833128519,0.));
#9178 = DIRECTION('',(-1.,0.,0.));
#9179 = DIRECTION('',(0.,1.,0.));
#9180 = ADVANCED_FACE('',(#9181),#9195,.F.);
#9181 = FACE_BOUND('',#9182,.F.);
#9182 = EDGE_LOOP('',(#9183,#9184,#9185,#9186,#9187,#9188,#9189,#9190,
    #9191,#9192,#9193,#9194));
#9183 = ORIENTED_EDGE('',*,*,#8838,.F.);
#9184 = ORIENTED_EDGE('',*,*,#8869,.F.);
#9185 = ORIENTED_EDGE('',*,*,#8900,.F.);
#9186 = ORIENTED_EDGE('',*,*,#8931,.F.);
#9187 = ORIENTED_EDGE('',*,*,#8962,.F.);
#9188 = ORIENTED_EDGE('',*,*,#8993,.F.);
#9189 = ORIENTED_EDGE('',*,*,#9024,.F.);
#9190 = ORIENTED_EDGE('',*,*,#9055,.F.);
#9191 = ORIENTED_EDGE('',*,*,#9086,.F.);
#9192 = ORIENTED_EDGE('',*,*,#9117,.F.);
#9193 = ORIENTED_EDGE('',*,*,#9148,.F.);
#9194 = ORIENTED_EDGE('',*,*,#9170,.F.);
#9195 = PLANE('',#9196);
#9196 = AXIS2_PLACEMENT_3D('',#9197,#9198,#9199);
#9197 = CARTESIAN_POINT('',(-21.8826208717,-21.36927794572,0.));
#9198 = DIRECTION('',(0.,0.,1.));
#9199 = DIRECTION('',(1.,0.,0.));
#9200 = ADVANCED_FACE('',(#9201),#9215,.T.);
#9201 = FACE_BOUND('',#9202,.T.);
#9202 = EDGE_LOOP('',(#9203,#9204,#9205,#9206,#9207,#9208,#9209,#9210,
    #9211,#9212,#9213,#9214));
#9203 = ORIENTED_EDGE('',*,*,#8822,.F.);
#9204 = ORIENTED_EDGE('',*,*,#8862,.F.);
#9205 = ORIENTED_EDGE('',*,*,#8893,.F.);
#9206 = ORIENTED_EDGE('',*,*,#8924,.F.);
#9207 = ORIENTED_EDGE('',*,*,#8955,.F.);
#9208 = ORIENTED_EDGE('',*,*,#8986,.F.);
#9209 = ORIENTED_EDGE('',*,*,#9017,.F.);
#9210 = ORIENTED_EDGE('',*,*,#9048,.F.);
#9211 = ORIENTED_EDGE('',*,*,#9079,.F.);
#9212 = ORIENTED_EDGE('',*,*,#9110,.F.);
#9213 = ORIENTED_EDGE('',*,*,#9141,.F.);
#9214 = ORIENTED_EDGE('',*,*,#9163,.F.);
#9215 = PLANE('',#9216);
#9216 = AXIS2_PLACEMENT_3D('',#9217,#9218,#9219);
#9217 = CARTESIAN_POINT('',(-21.8826208717,-21.36927794572,0.6));
#9218 = DIRECTION('',(0.,0.,1.));
#9219 = DIRECTION('',(1.,0.,0.));
#9220 = MANIFOLD_SOLID_BREP('',#9221);
#9221 = CLOSED_SHELL('',(#9222,#9262,#9293,#9324,#9355,#9386,#9417,#9448
    ,#9470,#9486));
#9222 = ADVANCED_FACE('',(#9223),#9257,.T.);
#9223 = FACE_BOUND('',#9224,.T.);
#9224 = EDGE_LOOP('',(#9225,#9235,#9243,#9251));
#9225 = ORIENTED_EDGE('',*,*,#9226,.T.);
#9226 = EDGE_CURVE('',#9227,#9229,#9231,.T.);
#9227 = VERTEX_POINT('',#9228);
#9228 = CARTESIAN_POINT('',(-19.09020619331,-22.36833128519,0.));
#9229 = VERTEX_POINT('',#9230);
#9230 = CARTESIAN_POINT('',(-19.09020619331,-22.36833128519,0.6));
#9231 = LINE('',#9232,#9233);
#9232 = CARTESIAN_POINT('',(-19.09020619331,-22.36833128519,0.));
#9233 = VECTOR('',#9234,1.);
#9234 = DIRECTION('',(0.,0.,1.));
#9235 = ORIENTED_EDGE('',*,*,#9236,.T.);
#9236 = EDGE_CURVE('',#9229,#9237,#9239,.T.);
#9237 = VERTEX_POINT('',#9238);
#9238 = CARTESIAN_POINT('',(-19.35592203633,-22.36833128519,0.6));
#9239 = LINE('',#9240,#9241);
#9240 = CARTESIAN_POINT('',(-19.09020619331,-22.36833128519,0.6));
#9241 = VECTOR('',#9242,1.);
#9242 = DIRECTION('',(-1.,0.,0.));
#9243 = ORIENTED_EDGE('',*,*,#9244,.F.);
#9244 = EDGE_CURVE('',#9245,#9237,#9247,.T.);
#9245 = VERTEX_POINT('',#9246);
#9246 = CARTESIAN_POINT('',(-19.35592203633,-22.36833128519,0.));
#9247 = LINE('',#9248,#9249);
#9248 = CARTESIAN_POINT('',(-19.35592203633,-22.36833128519,0.));
#9249 = VECTOR('',#9250,1.);
#9250 = DIRECTION('',(0.,0.,1.));
#9251 = ORIENTED_EDGE('',*,*,#9252,.F.);
#9252 = EDGE_CURVE('',#9227,#9245,#9253,.T.);
#9253 = LINE('',#9254,#9255);
#9254 = CARTESIAN_POINT('',(-19.09020619331,-22.36833128519,0.));
#9255 = VECTOR('',#9256,1.);
#9256 = DIRECTION('',(-1.,0.,0.));
#9257 = PLANE('',#9258);
#9258 = AXIS2_PLACEMENT_3D('',#9259,#9260,#9261);
#9259 = CARTESIAN_POINT('',(-19.09020619331,-22.36833128519,0.));
#9260 = DIRECTION('',(0.,-1.,0.));
#9261 = DIRECTION('',(-1.,0.,0.));
#9262 = ADVANCED_FACE('',(#9263),#9288,.T.);
#9263 = FACE_BOUND('',#9264,.T.);
#9264 = EDGE_LOOP('',(#9265,#9275,#9281,#9282));
#9265 = ORIENTED_EDGE('',*,*,#9266,.T.);
#9266 = EDGE_CURVE('',#9267,#9269,#9271,.T.);
#9267 = VERTEX_POINT('',#9268);
#9268 = CARTESIAN_POINT('',(-19.09020619331,-20.36833128519,0.));
#9269 = VERTEX_POINT('',#9270);
#9270 = CARTESIAN_POINT('',(-19.09020619331,-20.36833128519,0.6));
#9271 = LINE('',#9272,#9273);
#9272 = CARTESIAN_POINT('',(-19.09020619331,-20.36833128519,0.));
#9273 = VECTOR('',#9274,1.);
#9274 = DIRECTION('',(0.,0.,1.));
#9275 = ORIENTED_EDGE('',*,*,#9276,.T.);
#9276 = EDGE_CURVE('',#9269,#9229,#9277,.T.);
#9277 = LINE('',#9278,#9279);
#9278 = CARTESIAN_POINT('',(-19.09020619331,-20.36833128519,0.6));
#9279 = VECTOR('',#9280,1.);
#9280 = DIRECTION('',(0.,-1.,0.));
#9281 = ORIENTED_EDGE('',*,*,#9226,.F.);
#9282 = ORIENTED_EDGE('',*,*,#9283,.F.);
#9283 = EDGE_CURVE('',#9267,#9227,#9284,.T.);
#9284 = LINE('',#9285,#9286);
#9285 = CARTESIAN_POINT('',(-19.09020619331,-20.36833128519,0.));
#9286 = VECTOR('',#9287,1.);
#9287 = DIRECTION('',(0.,-1.,0.));
#9288 = PLANE('',#9289);
#9289 = AXIS2_PLACEMENT_3D('',#9290,#9291,#9292);
#9290 = CARTESIAN_POINT('',(-19.09020619331,-20.36833128519,0.));
#9291 = DIRECTION('',(1.,0.,0.));
#9292 = DIRECTION('',(0.,-1.,0.));
#9293 = ADVANCED_FACE('',(#9294),#9319,.T.);
#9294 = FACE_BOUND('',#9295,.T.);
#9295 = EDGE_LOOP('',(#9296,#9306,#9312,#9313));
#9296 = ORIENTED_EDGE('',*,*,#9297,.T.);
#9297 = EDGE_CURVE('',#9298,#9300,#9302,.T.);
#9298 = VERTEX_POINT('',#9299);
#9299 = CARTESIAN_POINT('',(-20.66133628052,-20.36833128519,0.));
#9300 = VERTEX_POINT('',#9301);
#9301 = CARTESIAN_POINT('',(-20.66133628052,-20.36833128519,0.6));
#9302 = LINE('',#9303,#9304);
#9303 = CARTESIAN_POINT('',(-20.66133628052,-20.36833128519,0.));
#9304 = VECTOR('',#9305,1.);
#9305 = DIRECTION('',(0.,0.,1.));
#9306 = ORIENTED_EDGE('',*,*,#9307,.T.);
#9307 = EDGE_CURVE('',#9300,#9269,#9308,.T.);
#9308 = LINE('',#9309,#9310);
#9309 = CARTESIAN_POINT('',(-20.66133628052,-20.36833128519,0.6));
#9310 = VECTOR('',#9311,1.);
#9311 = DIRECTION('',(1.,0.,0.));
#9312 = ORIENTED_EDGE('',*,*,#9266,.F.);
#9313 = ORIENTED_EDGE('',*,*,#9314,.F.);
#9314 = EDGE_CURVE('',#9298,#9267,#9315,.T.);
#9315 = LINE('',#9316,#9317);
#9316 = CARTESIAN_POINT('',(-20.66133628052,-20.36833128519,0.));
#9317 = VECTOR('',#9318,1.);
#9318 = DIRECTION('',(1.,0.,0.));
#9319 = PLANE('',#9320);
#9320 = AXIS2_PLACEMENT_3D('',#9321,#9322,#9323);
#9321 = CARTESIAN_POINT('',(-20.66133628052,-20.36833128519,0.));
#9322 = DIRECTION('',(0.,1.,0.));
#9323 = DIRECTION('',(1.,0.,0.));
#9324 = ADVANCED_FACE('',(#9325),#9350,.T.);
#9325 = FACE_BOUND('',#9326,.T.);
#9326 = EDGE_LOOP('',(#9327,#9337,#9343,#9344));
#9327 = ORIENTED_EDGE('',*,*,#9328,.T.);
#9328 = EDGE_CURVE('',#9329,#9331,#9333,.T.);
#9329 = VERTEX_POINT('',#9330);
#9330 = CARTESIAN_POINT('',(-20.66133628052,-22.36833128519,0.));
#9331 = VERTEX_POINT('',#9332);
#9332 = CARTESIAN_POINT('',(-20.66133628052,-22.36833128519,0.6));
#9333 = LINE('',#9334,#9335);
#9334 = CARTESIAN_POINT('',(-20.66133628052,-22.36833128519,0.));
#9335 = VECTOR('',#9336,1.);
#9336 = DIRECTION('',(0.,0.,1.));
#9337 = ORIENTED_EDGE('',*,*,#9338,.T.);
#9338 = EDGE_CURVE('',#9331,#9300,#9339,.T.);
#9339 = LINE('',#9340,#9341);
#9340 = CARTESIAN_POINT('',(-20.66133628052,-22.36833128519,0.6));
#9341 = VECTOR('',#9342,1.);
#9342 = DIRECTION('',(0.,1.,0.));
#9343 = ORIENTED_EDGE('',*,*,#9297,.F.);
#9344 = ORIENTED_EDGE('',*,*,#9345,.F.);
#9345 = EDGE_CURVE('',#9329,#9298,#9346,.T.);
#9346 = LINE('',#9347,#9348);
#9347 = CARTESIAN_POINT('',(-20.66133628052,-22.36833128519,0.));
#9348 = VECTOR('',#9349,1.);
#9349 = DIRECTION('',(0.,1.,0.));
#9350 = PLANE('',#9351);
#9351 = AXIS2_PLACEMENT_3D('',#9352,#9353,#9354);
#9352 = CARTESIAN_POINT('',(-20.66133628052,-22.36833128519,0.));
#9353 = DIRECTION('',(-1.,0.,0.));
#9354 = DIRECTION('',(0.,1.,0.));
#9355 = ADVANCED_FACE('',(#9356),#9381,.T.);
#9356 = FACE_BOUND('',#9357,.T.);
#9357 = EDGE_LOOP('',(#9358,#9368,#9374,#9375));
#9358 = ORIENTED_EDGE('',*,*,#9359,.T.);
#9359 = EDGE_CURVE('',#9360,#9362,#9364,.T.);
#9360 = VERTEX_POINT('',#9361);
#9361 = CARTESIAN_POINT('',(-20.39698308284,-22.36833128519,0.));
#9362 = VERTEX_POINT('',#9363);
#9363 = CARTESIAN_POINT('',(-20.39698308284,-22.36833128519,0.6));
#9364 = LINE('',#9365,#9366);
#9365 = CARTESIAN_POINT('',(-20.39698308284,-22.36833128519,0.));
#9366 = VECTOR('',#9367,1.);
#9367 = DIRECTION('',(0.,0.,1.));
#9368 = ORIENTED_EDGE('',*,*,#9369,.T.);
#9369 = EDGE_CURVE('',#9362,#9331,#9370,.T.);
#9370 = LINE('',#9371,#9372);
#9371 = CARTESIAN_POINT('',(-20.39698308284,-22.36833128519,0.6));
#9372 = VECTOR('',#9373,1.);
#9373 = DIRECTION('',(-1.,0.,0.));
#9374 = ORIENTED_EDGE('',*,*,#9328,.F.);
#9375 = ORIENTED_EDGE('',*,*,#9376,.F.);
#9376 = EDGE_CURVE('',#9360,#9329,#9377,.T.);
#9377 = LINE('',#9378,#9379);
#9378 = CARTESIAN_POINT('',(-20.39698308284,-22.36833128519,0.));
#9379 = VECTOR('',#9380,1.);
#9380 = DIRECTION('',(-1.,0.,0.));
#9381 = PLANE('',#9382);
#9382 = AXIS2_PLACEMENT_3D('',#9383,#9384,#9385);
#9383 = CARTESIAN_POINT('',(-20.39698308284,-22.36833128519,0.));
#9384 = DIRECTION('',(0.,-1.,0.));
#9385 = DIRECTION('',(-1.,0.,0.));
#9386 = ADVANCED_FACE('',(#9387),#9412,.T.);
#9387 = FACE_BOUND('',#9388,.T.);
#9388 = EDGE_LOOP('',(#9389,#9399,#9405,#9406));
#9389 = ORIENTED_EDGE('',*,*,#9390,.T.);
#9390 = EDGE_CURVE('',#9391,#9393,#9395,.T.);
#9391 = VERTEX_POINT('',#9392);
#9392 = CARTESIAN_POINT('',(-20.39698308284,-20.60088942472,0.));
#9393 = VERTEX_POINT('',#9394);
#9394 = CARTESIAN_POINT('',(-20.39698308284,-20.60088942472,0.6));
#9395 = LINE('',#9396,#9397);
#9396 = CARTESIAN_POINT('',(-20.39698308284,-20.60088942472,0.));
#9397 = VECTOR('',#9398,1.);
#9398 = DIRECTION('',(0.,0.,1.));
#9399 = ORIENTED_EDGE('',*,*,#9400,.T.);
#9400 = EDGE_CURVE('',#9393,#9362,#9401,.T.);
#9401 = LINE('',#9402,#9403);
#9402 = CARTESIAN_POINT('',(-20.39698308284,-20.60088942472,0.6));
#9403 = VECTOR('',#9404,1.);
#9404 = DIRECTION('',(0.,-1.,0.));
#9405 = ORIENTED_EDGE('',*,*,#9359,.F.);
#9406 = ORIENTED_EDGE('',*,*,#9407,.F.);
#9407 = EDGE_CURVE('',#9391,#9360,#9408,.T.);
#9408 = LINE('',#9409,#9410);
#9409 = CARTESIAN_POINT('',(-20.39698308284,-20.60088942472,0.));
#9410 = VECTOR('',#9411,1.);
#9411 = DIRECTION('',(0.,-1.,0.));
#9412 = PLANE('',#9413);
#9413 = AXIS2_PLACEMENT_3D('',#9414,#9415,#9416);
#9414 = CARTESIAN_POINT('',(-20.39698308284,-20.60088942472,0.));
#9415 = DIRECTION('',(1.,0.,0.));
#9416 = DIRECTION('',(0.,-1.,0.));
#9417 = ADVANCED_FACE('',(#9418),#9443,.T.);
#9418 = FACE_BOUND('',#9419,.T.);
#9419 = EDGE_LOOP('',(#9420,#9430,#9436,#9437));
#9420 = ORIENTED_EDGE('',*,*,#9421,.T.);
#9421 = EDGE_CURVE('',#9422,#9424,#9426,.T.);
#9422 = VERTEX_POINT('',#9423);
#9423 = CARTESIAN_POINT('',(-19.35592203633,-20.60088942472,0.));
#9424 = VERTEX_POINT('',#9425);
#9425 = CARTESIAN_POINT('',(-19.35592203633,-20.60088942472,0.6));
#9426 = LINE('',#9427,#9428);
#9427 = CARTESIAN_POINT('',(-19.35592203633,-20.60088942472,0.));
#9428 = VECTOR('',#9429,1.);
#9429 = DIRECTION('',(0.,0.,1.));
#9430 = ORIENTED_EDGE('',*,*,#9431,.T.);
#9431 = EDGE_CURVE('',#9424,#9393,#9432,.T.);
#9432 = LINE('',#9433,#9434);
#9433 = CARTESIAN_POINT('',(-19.35592203633,-20.60088942472,0.6));
#9434 = VECTOR('',#9435,1.);
#9435 = DIRECTION('',(-1.,0.,0.));
#9436 = ORIENTED_EDGE('',*,*,#9390,.F.);
#9437 = ORIENTED_EDGE('',*,*,#9438,.F.);
#9438 = EDGE_CURVE('',#9422,#9391,#9439,.T.);
#9439 = LINE('',#9440,#9441);
#9440 = CARTESIAN_POINT('',(-19.35592203633,-20.60088942472,0.));
#9441 = VECTOR('',#9442,1.);
#9442 = DIRECTION('',(-1.,0.,0.));
#9443 = PLANE('',#9444);
#9444 = AXIS2_PLACEMENT_3D('',#9445,#9446,#9447);
#9445 = CARTESIAN_POINT('',(-19.35592203633,-20.60088942472,0.));
#9446 = DIRECTION('',(0.,-1.,0.));
#9447 = DIRECTION('',(-1.,0.,0.));
#9448 = ADVANCED_FACE('',(#9449),#9465,.T.);
#9449 = FACE_BOUND('',#9450,.T.);
#9450 = EDGE_LOOP('',(#9451,#9452,#9458,#9459));
#9451 = ORIENTED_EDGE('',*,*,#9244,.T.);
#9452 = ORIENTED_EDGE('',*,*,#9453,.T.);
#9453 = EDGE_CURVE('',#9237,#9424,#9454,.T.);
#9454 = LINE('',#9455,#9456);
#9455 = CARTESIAN_POINT('',(-19.35592203633,-22.36833128519,0.6));
#9456 = VECTOR('',#9457,1.);
#9457 = DIRECTION('',(0.,1.,0.));
#9458 = ORIENTED_EDGE('',*,*,#9421,.F.);
#9459 = ORIENTED_EDGE('',*,*,#9460,.F.);
#9460 = EDGE_CURVE('',#9245,#9422,#9461,.T.);
#9461 = LINE('',#9462,#9463);
#9462 = CARTESIAN_POINT('',(-19.35592203633,-22.36833128519,0.));
#9463 = VECTOR('',#9464,1.);
#9464 = DIRECTION('',(0.,1.,0.));
#9465 = PLANE('',#9466);
#9466 = AXIS2_PLACEMENT_3D('',#9467,#9468,#9469);
#9467 = CARTESIAN_POINT('',(-19.35592203633,-22.36833128519,0.));
#9468 = DIRECTION('',(-1.,0.,0.));
#9469 = DIRECTION('',(0.,1.,0.));
#9470 = ADVANCED_FACE('',(#9471),#9481,.F.);
#9471 = FACE_BOUND('',#9472,.F.);
#9472 = EDGE_LOOP('',(#9473,#9474,#9475,#9476,#9477,#9478,#9479,#9480));
#9473 = ORIENTED_EDGE('',*,*,#9252,.F.);
#9474 = ORIENTED_EDGE('',*,*,#9283,.F.);
#9475 = ORIENTED_EDGE('',*,*,#9314,.F.);
#9476 = ORIENTED_EDGE('',*,*,#9345,.F.);
#9477 = ORIENTED_EDGE('',*,*,#9376,.F.);
#9478 = ORIENTED_EDGE('',*,*,#9407,.F.);
#9479 = ORIENTED_EDGE('',*,*,#9438,.F.);
#9480 = ORIENTED_EDGE('',*,*,#9460,.F.);
#9481 = PLANE('',#9482);
#9482 = AXIS2_PLACEMENT_3D('',#9483,#9484,#9485);
#9483 = CARTESIAN_POINT('',(-19.87599680252,-21.23449569244,0.));
#9484 = DIRECTION('',(0.,0.,1.));
#9485 = DIRECTION('',(1.,0.,0.));
#9486 = ADVANCED_FACE('',(#9487),#9497,.T.);
#9487 = FACE_BOUND('',#9488,.T.);
#9488 = EDGE_LOOP('',(#9489,#9490,#9491,#9492,#9493,#9494,#9495,#9496));
#9489 = ORIENTED_EDGE('',*,*,#9236,.F.);
#9490 = ORIENTED_EDGE('',*,*,#9276,.F.);
#9491 = ORIENTED_EDGE('',*,*,#9307,.F.);
#9492 = ORIENTED_EDGE('',*,*,#9338,.F.);
#9493 = ORIENTED_EDGE('',*,*,#9369,.F.);
#9494 = ORIENTED_EDGE('',*,*,#9400,.F.);
#9495 = ORIENTED_EDGE('',*,*,#9431,.F.);
#9496 = ORIENTED_EDGE('',*,*,#9453,.F.);
#9497 = PLANE('',#9498);
#9498 = AXIS2_PLACEMENT_3D('',#9499,#9500,#9501);
#9499 = CARTESIAN_POINT('',(-19.87599680252,-21.23449569244,0.6));
#9500 = DIRECTION('',(0.,0.,1.));
#9501 = DIRECTION('',(1.,0.,0.));
#9502 = MANIFOLD_SOLID_BREP('',#9503);
#9503 = CLOSED_SHELL('',(#9504,#9544,#9575,#9606,#9637,#9668,#9701,#9734
    ,#9767,#9800,#9833,#9857,#9897,#9928,#9959,#9992,#10025,#10058,
    #10082,#10110));
#9504 = ADVANCED_FACE('',(#9505),#9539,.T.);
#9505 = FACE_BOUND('',#9506,.T.);
#9506 = EDGE_LOOP('',(#9507,#9517,#9525,#9533));
#9507 = ORIENTED_EDGE('',*,*,#9508,.T.);
#9508 = EDGE_CURVE('',#9509,#9511,#9513,.T.);
#9509 = VERTEX_POINT('',#9510);
#9510 = CARTESIAN_POINT('',(-18.65207029215,-20.36833128519,0.));
#9511 = VERTEX_POINT('',#9512);
#9512 = CARTESIAN_POINT('',(-18.65207029215,-20.36833128519,0.6));
#9513 = LINE('',#9514,#9515);
#9514 = CARTESIAN_POINT('',(-18.65207029215,-20.36833128519,0.));
#9515 = VECTOR('',#9516,1.);
#9516 = DIRECTION('',(0.,0.,1.));
#9517 = ORIENTED_EDGE('',*,*,#9518,.T.);
#9518 = EDGE_CURVE('',#9511,#9519,#9521,.T.);
#9519 = VERTEX_POINT('',#9520);
#9520 = CARTESIAN_POINT('',(-17.89852741424,-20.36833128519,0.6));
#9521 = LINE('',#9522,#9523);
#9522 = CARTESIAN_POINT('',(-18.65207029215,-20.36833128519,0.6));
#9523 = VECTOR('',#9524,1.);
#9524 = DIRECTION('',(1.,0.,0.));
#9525 = ORIENTED_EDGE('',*,*,#9526,.F.);
#9526 = EDGE_CURVE('',#9527,#9519,#9529,.T.);
#9527 = VERTEX_POINT('',#9528);
#9528 = CARTESIAN_POINT('',(-17.89852741424,-20.36833128519,0.));
#9529 = LINE('',#9530,#9531);
#9530 = CARTESIAN_POINT('',(-17.89852741424,-20.36833128519,0.));
#9531 = VECTOR('',#9532,1.);
#9532 = DIRECTION('',(0.,0.,1.));
#9533 = ORIENTED_EDGE('',*,*,#9534,.F.);
#9534 = EDGE_CURVE('',#9509,#9527,#9535,.T.);
#9535 = LINE('',#9536,#9537);
#9536 = CARTESIAN_POINT('',(-18.65207029215,-20.36833128519,0.));
#9537 = VECTOR('',#9538,1.);
#9538 = DIRECTION('',(1.,0.,0.));
#9539 = PLANE('',#9540);
#9540 = AXIS2_PLACEMENT_3D('',#9541,#9542,#9543);
#9541 = CARTESIAN_POINT('',(-18.65207029215,-20.36833128519,0.));
#9542 = DIRECTION('',(0.,1.,0.));
#9543 = DIRECTION('',(1.,0.,0.));
#9544 = ADVANCED_FACE('',(#9545),#9570,.T.);
#9545 = FACE_BOUND('',#9546,.T.);
#9546 = EDGE_LOOP('',(#9547,#9557,#9563,#9564));
#9547 = ORIENTED_EDGE('',*,*,#9548,.T.);
#9548 = EDGE_CURVE('',#9549,#9551,#9553,.T.);
#9549 = VERTEX_POINT('',#9550);
#9550 = CARTESIAN_POINT('',(-18.65207029215,-22.36833128519,0.));
#9551 = VERTEX_POINT('',#9552);
#9552 = CARTESIAN_POINT('',(-18.65207029215,-22.36833128519,0.6));
#9553 = LINE('',#9554,#9555);
#9554 = CARTESIAN_POINT('',(-18.65207029215,-22.36833128519,0.));
#9555 = VECTOR('',#9556,1.);
#9556 = DIRECTION('',(0.,0.,1.));
#9557 = ORIENTED_EDGE('',*,*,#9558,.T.);
#9558 = EDGE_CURVE('',#9551,#9511,#9559,.T.);
#9559 = LINE('',#9560,#9561);
#9560 = CARTESIAN_POINT('',(-18.65207029215,-22.36833128519,0.6));
#9561 = VECTOR('',#9562,1.);
#9562 = DIRECTION('',(0.,1.,0.));
#9563 = ORIENTED_EDGE('',*,*,#9508,.F.);
#9564 = ORIENTED_EDGE('',*,*,#9565,.F.);
#9565 = EDGE_CURVE('',#9549,#9509,#9566,.T.);
#9566 = LINE('',#9567,#9568);
#9567 = CARTESIAN_POINT('',(-18.65207029215,-22.36833128519,0.));
#9568 = VECTOR('',#9569,1.);
#9569 = DIRECTION('',(0.,1.,0.));
#9570 = PLANE('',#9571);
#9571 = AXIS2_PLACEMENT_3D('',#9572,#9573,#9574);
#9572 = CARTESIAN_POINT('',(-18.65207029215,-22.36833128519,0.));
#9573 = DIRECTION('',(-1.,0.,0.));
#9574 = DIRECTION('',(0.,1.,0.));
#9575 = ADVANCED_FACE('',(#9576),#9601,.T.);
#9576 = FACE_BOUND('',#9577,.T.);
#9577 = EDGE_LOOP('',(#9578,#9588,#9594,#9595));
#9578 = ORIENTED_EDGE('',*,*,#9579,.T.);
#9579 = EDGE_CURVE('',#9580,#9582,#9584,.T.);
#9580 = VERTEX_POINT('',#9581);
#9581 = CARTESIAN_POINT('',(-18.38771709447,-22.36833128519,0.));
#9582 = VERTEX_POINT('',#9583);
#9583 = CARTESIAN_POINT('',(-18.38771709447,-22.36833128519,0.6));
#9584 = LINE('',#9585,#9586);
#9585 = CARTESIAN_POINT('',(-18.38771709447,-22.36833128519,0.));
#9586 = VECTOR('',#9587,1.);
#9587 = DIRECTION('',(0.,0.,1.));
#9588 = ORIENTED_EDGE('',*,*,#9589,.T.);
#9589 = EDGE_CURVE('',#9582,#9551,#9590,.T.);
#9590 = LINE('',#9591,#9592);
#9591 = CARTESIAN_POINT('',(-18.38771709447,-22.36833128519,0.6));
#9592 = VECTOR('',#9593,1.);
#9593 = DIRECTION('',(-1.,0.,0.));
#9594 = ORIENTED_EDGE('',*,*,#9548,.F.);
#9595 = ORIENTED_EDGE('',*,*,#9596,.F.);
#9596 = EDGE_CURVE('',#9580,#9549,#9597,.T.);
#9597 = LINE('',#9598,#9599);
#9598 = CARTESIAN_POINT('',(-18.38771709447,-22.36833128519,0.));
#9599 = VECTOR('',#9600,1.);
#9600 = DIRECTION('',(-1.,0.,0.));
#9601 = PLANE('',#9602);
#9602 = AXIS2_PLACEMENT_3D('',#9603,#9604,#9605);
#9603 = CARTESIAN_POINT('',(-18.38771709447,-22.36833128519,0.));
#9604 = DIRECTION('',(0.,-1.,0.));
#9605 = DIRECTION('',(-1.,0.,0.));
#9606 = ADVANCED_FACE('',(#9607),#9632,.T.);
#9607 = FACE_BOUND('',#9608,.T.);
#9608 = EDGE_LOOP('',(#9609,#9619,#9625,#9626));
#9609 = ORIENTED_EDGE('',*,*,#9610,.T.);
#9610 = EDGE_CURVE('',#9611,#9613,#9615,.T.);
#9611 = VERTEX_POINT('',#9612);
#9612 = CARTESIAN_POINT('',(-18.38771709447,-21.5601917503,0.));
#9613 = VERTEX_POINT('',#9614);
#9614 = CARTESIAN_POINT('',(-18.38771709447,-21.5601917503,0.6));
#9615 = LINE('',#9616,#9617);
#9616 = CARTESIAN_POINT('',(-18.38771709447,-21.5601917503,0.));
#9617 = VECTOR('',#9618,1.);
#9618 = DIRECTION('',(0.,0.,1.));
#9619 = ORIENTED_EDGE('',*,*,#9620,.T.);
#9620 = EDGE_CURVE('',#9613,#9582,#9621,.T.);
#9621 = LINE('',#9622,#9623);
#9622 = CARTESIAN_POINT('',(-18.38771709447,-21.5601917503,0.6));
#9623 = VECTOR('',#9624,1.);
#9624 = DIRECTION('',(0.,-1.,0.));
#9625 = ORIENTED_EDGE('',*,*,#9579,.F.);
#9626 = ORIENTED_EDGE('',*,*,#9627,.F.);
#9627 = EDGE_CURVE('',#9611,#9580,#9628,.T.);
#9628 = LINE('',#9629,#9630);
#9629 = CARTESIAN_POINT('',(-18.38771709447,-21.5601917503,0.));
#9630 = VECTOR('',#9631,1.);
#9631 = DIRECTION('',(0.,-1.,0.));
#9632 = PLANE('',#9633);
#9633 = AXIS2_PLACEMENT_3D('',#9634,#9635,#9636);
#9634 = CARTESIAN_POINT('',(-18.38771709447,-21.5601917503,0.));
#9635 = DIRECTION('',(1.,0.,0.));
#9636 = DIRECTION('',(0.,-1.,0.));
#9637 = ADVANCED_FACE('',(#9638),#9663,.T.);
#9638 = FACE_BOUND('',#9639,.T.);
#9639 = EDGE_LOOP('',(#9640,#9650,#9656,#9657));
#9640 = ORIENTED_EDGE('',*,*,#9641,.T.);
#9641 = EDGE_CURVE('',#9642,#9644,#9646,.T.);
#9642 = VERTEX_POINT('',#9643);
#9643 = CARTESIAN_POINT('',(-17.87672508866,-21.5601917503,0.));
#9644 = VERTEX_POINT('',#9645);
#9645 = CARTESIAN_POINT('',(-17.87672508866,-21.5601917503,0.6));
#9646 = LINE('',#9647,#9648);
#9647 = CARTESIAN_POINT('',(-17.87672508866,-21.5601917503,0.));
#9648 = VECTOR('',#9649,1.);
#9649 = DIRECTION('',(0.,0.,1.));
#9650 = ORIENTED_EDGE('',*,*,#9651,.T.);
#9651 = EDGE_CURVE('',#9644,#9613,#9652,.T.);
#9652 = LINE('',#9653,#9654);
#9653 = CARTESIAN_POINT('',(-17.87672508866,-21.5601917503,0.6));
#9654 = VECTOR('',#9655,1.);
#9655 = DIRECTION('',(-1.,0.,0.));
#9656 = ORIENTED_EDGE('',*,*,#9610,.F.);
#9657 = ORIENTED_EDGE('',*,*,#9658,.F.);
#9658 = EDGE_CURVE('',#9642,#9611,#9659,.T.);
#9659 = LINE('',#9660,#9661);
#9660 = CARTESIAN_POINT('',(-17.87672508866,-21.5601917503,0.));
#9661 = VECTOR('',#9662,1.);
#9662 = DIRECTION('',(-1.,0.,0.));
#9663 = PLANE('',#9664);
#9664 = AXIS2_PLACEMENT_3D('',#9665,#9666,#9667);
#9665 = CARTESIAN_POINT('',(-17.87672508866,-21.5601917503,0.));
#9666 = DIRECTION('',(0.,-1.,0.));
#9667 = DIRECTION('',(-1.,0.,0.));
#9668 = ADVANCED_FACE('',(#9669),#9694,.T.);
#9669 = FACE_BOUND('',#9670,.T.);
#9670 = EDGE_LOOP('',(#9671,#9681,#9687,#9688));
#9671 = ORIENTED_EDGE('',*,*,#9672,.T.);
#9672 = EDGE_CURVE('',#9673,#9675,#9677,.T.);
#9673 = VERTEX_POINT('',#9674);
#9674 = CARTESIAN_POINT('',(-17.30650343168,-21.39276805844,0.));
#9675 = VERTEX_POINT('',#9676);
#9676 = CARTESIAN_POINT('',(-17.30650343168,-21.39276805844,0.6));
#9677 = LINE('',#9678,#9679);
#9678 = CARTESIAN_POINT('',(-17.30650343168,-21.39276805844,0.));
#9679 = VECTOR('',#9680,1.);
#9680 = DIRECTION('',(0.,0.,1.));
#9681 = ORIENTED_EDGE('',*,*,#9682,.T.);
#9682 = EDGE_CURVE('',#9675,#9644,#9683,.T.);
#9683 = B_SPLINE_CURVE_WITH_KNOTS('',2,(#9684,#9685,#9686),
  .UNSPECIFIED.,.F.,.F.,(3,3),(0.,1.),.PIECEWISE_BEZIER_KNOTS.);
#9684 = CARTESIAN_POINT('',(-17.30650343168,-21.39276805844,0.6));
#9685 = CARTESIAN_POINT('',(-17.48428322819,-21.5601917503,0.6));
#9686 = CARTESIAN_POINT('',(-17.87672508866,-21.5601917503,0.6));
#9687 = ORIENTED_EDGE('',*,*,#9641,.F.);
#9688 = ORIENTED_EDGE('',*,*,#9689,.F.);
#9689 = EDGE_CURVE('',#9673,#9642,#9690,.T.);
#9690 = B_SPLINE_CURVE_WITH_KNOTS('',2,(#9691,#9692,#9693),
  .UNSPECIFIED.,.F.,.F.,(3,3),(0.,1.),.PIECEWISE_BEZIER_KNOTS.);
#9691 = CARTESIAN_POINT('',(-17.30650343168,-21.39276805844,0.));
#9692 = CARTESIAN_POINT('',(-17.48428322819,-21.5601917503,0.));
#9693 = CARTESIAN_POINT('',(-17.87672508866,-21.5601917503,0.));
#9694 = SURFACE_OF_LINEAR_EXTRUSION('',#9695,#9699);
#9695 = B_SPLINE_CURVE_WITH_KNOTS('',2,(#9696,#9697,#9698),
  .UNSPECIFIED.,.F.,.F.,(3,3),(0.,1.),.PIECEWISE_BEZIER_KNOTS.);
#9696 = CARTESIAN_POINT('',(-17.30650343168,-21.39276805844,0.));
#9697 = CARTESIAN_POINT('',(-17.48428322819,-21.5601917503,0.));
#9698 = CARTESIAN_POINT('',(-17.87672508866,-21.5601917503,0.));
#9699 = VECTOR('',#9700,1.);
#9700 = DIRECTION('',(-0.,-0.,-1.));
#9701 = ADVANCED_FACE('',(#9702),#9727,.T.);
#9702 = FACE_BOUND('',#9703,.T.);
#9703 = EDGE_LOOP('',(#9704,#9714,#9720,#9721));
#9704 = ORIENTED_EDGE('',*,*,#9705,.T.);
#9705 = EDGE_CURVE('',#9706,#9708,#9710,.T.);
#9706 = VERTEX_POINT('',#9707);
#9707 = CARTESIAN_POINT('',(-17.12863279215,-20.94781893054,0.));
#9708 = VERTEX_POINT('',#9709);
#9709 = CARTESIAN_POINT('',(-17.12863279215,-20.94781893054,0.6));
#9710 = LINE('',#9711,#9712);
#9711 = CARTESIAN_POINT('',(-17.12863279215,-20.94781893054,0.));
#9712 = VECTOR('',#9713,1.);
#9713 = DIRECTION('',(0.,0.,1.));
#9714 = ORIENTED_EDGE('',*,*,#9715,.T.);
#9715 = EDGE_CURVE('',#9708,#9675,#9716,.T.);
#9716 = B_SPLINE_CURVE_WITH_KNOTS('',2,(#9717,#9718,#9719),
  .UNSPECIFIED.,.F.,.F.,(3,3),(0.,1.),.PIECEWISE_BEZIER_KNOTS.);
#9717 = CARTESIAN_POINT('',(-17.12863279215,-20.94781893054,0.6));
#9718 = CARTESIAN_POINT('',(-17.12863279215,-21.22534436658,0.6));
#9719 = CARTESIAN_POINT('',(-17.30650343168,-21.39276805844,0.6));
#9720 = ORIENTED_EDGE('',*,*,#9672,.F.);
#9721 = ORIENTED_EDGE('',*,*,#9722,.F.);
#9722 = EDGE_CURVE('',#9706,#9673,#9723,.T.);
#9723 = B_SPLINE_CURVE_WITH_KNOTS('',2,(#9724,#9725,#9726),
  .UNSPECIFIED.,.F.,.F.,(3,3),(0.,1.),.PIECEWISE_BEZIER_KNOTS.);
#9724 = CARTESIAN_POINT('',(-17.12863279215,-20.94781893054,0.));
#9725 = CARTESIAN_POINT('',(-17.12863279215,-21.22534436658,0.));
#9726 = CARTESIAN_POINT('',(-17.30650343168,-21.39276805844,0.));
#9727 = SURFACE_OF_LINEAR_EXTRUSION('',#9728,#9732);
#9728 = B_SPLINE_CURVE_WITH_KNOTS('',2,(#9729,#9730,#9731),
  .UNSPECIFIED.,.F.,.F.,(3,3),(0.,1.),.PIECEWISE_BEZIER_KNOTS.);
#9729 = CARTESIAN_POINT('',(-17.12863279215,-20.94781893054,0.));
#9730 = CARTESIAN_POINT('',(-17.12863279215,-21.22534436658,0.));
#9731 = CARTESIAN_POINT('',(-17.30650343168,-21.39276805844,0.));
#9732 = VECTOR('',#9733,1.);
#9733 = DIRECTION('',(-0.,-0.,-1.));
#9734 = ADVANCED_FACE('',(#9735),#9760,.T.);
#9735 = FACE_BOUND('',#9736,.T.);
#9736 = EDGE_LOOP('',(#9737,#9747,#9753,#9754));
#9737 = ORIENTED_EDGE('',*,*,#9738,.T.);
#9738 = EDGE_CURVE('',#9739,#9741,#9743,.T.);
#9739 = VERTEX_POINT('',#9740);
#9740 = CARTESIAN_POINT('',(-17.18522799563,-20.68064959914,0.));
#9741 = VERTEX_POINT('',#9742);
#9742 = CARTESIAN_POINT('',(-17.18522799563,-20.68064959914,0.6));
#9743 = LINE('',#9744,#9745);
#9744 = CARTESIAN_POINT('',(-17.18522799563,-20.68064959914,0.));
#9745 = VECTOR('',#9746,1.);
#9746 = DIRECTION('',(0.,0.,1.));
#9747 = ORIENTED_EDGE('',*,*,#9748,.T.);
#9748 = EDGE_CURVE('',#9741,#9708,#9749,.T.);
#9749 = B_SPLINE_CURVE_WITH_KNOTS('',2,(#9750,#9751,#9752),
  .UNSPECIFIED.,.F.,.F.,(3,3),(0.,1.),.PIECEWISE_BEZIER_KNOTS.);
#9750 = CARTESIAN_POINT('',(-17.18522799563,-20.68064959914,0.6));
#9751 = CARTESIAN_POINT('',(-17.12863279215,-20.80846573286,0.6));
#9752 = CARTESIAN_POINT('',(-17.12863279215,-20.94781893054,0.6));
#9753 = ORIENTED_EDGE('',*,*,#9705,.F.);
#9754 = ORIENTED_EDGE('',*,*,#9755,.F.);
#9755 = EDGE_CURVE('',#9739,#9706,#9756,.T.);
#9756 = B_SPLINE_CURVE_WITH_KNOTS('',2,(#9757,#9758,#9759),
  .UNSPECIFIED.,.F.,.F.,(3,3),(0.,1.),.PIECEWISE_BEZIER_KNOTS.);
#9757 = CARTESIAN_POINT('',(-17.18522799563,-20.68064959914,0.));
#9758 = CARTESIAN_POINT('',(-17.12863279215,-20.80846573286,0.));
#9759 = CARTESIAN_POINT('',(-17.12863279215,-20.94781893054,0.));
#9760 = SURFACE_OF_LINEAR_EXTRUSION('',#9761,#9765);
#9761 = B_SPLINE_CURVE_WITH_KNOTS('',2,(#9762,#9763,#9764),
  .UNSPECIFIED.,.F.,.F.,(3,3),(0.,1.),.PIECEWISE_BEZIER_KNOTS.);
#9762 = CARTESIAN_POINT('',(-17.18522799563,-20.68064959914,0.));
#9763 = CARTESIAN_POINT('',(-17.12863279215,-20.80846573286,0.));
#9764 = CARTESIAN_POINT('',(-17.12863279215,-20.94781893054,0.));
#9765 = VECTOR('',#9766,1.);
#9766 = DIRECTION('',(-0.,-0.,-1.));
#9767 = ADVANCED_FACE('',(#9768),#9793,.T.);
#9768 = FACE_BOUND('',#9769,.T.);
#9769 = EDGE_LOOP('',(#9770,#9780,#9786,#9787));
#9770 = ORIENTED_EDGE('',*,*,#9771,.T.);
#9771 = EDGE_CURVE('',#9772,#9774,#9776,.T.);
#9772 = VERTEX_POINT('',#9773);
#9773 = CARTESIAN_POINT('',(-17.35210662936,-20.47834218635,0.));
#9774 = VERTEX_POINT('',#9775);
#9775 = CARTESIAN_POINT('',(-17.35210662936,-20.47834218635,0.6));
#9776 = LINE('',#9777,#9778);
#9777 = CARTESIAN_POINT('',(-17.35210662936,-20.47834218635,0.));
#9778 = VECTOR('',#9779,1.);
#9779 = DIRECTION('',(0.,0.,1.));
#9780 = ORIENTED_EDGE('',*,*,#9781,.T.);
#9781 = EDGE_CURVE('',#9774,#9741,#9782,.T.);
#9782 = B_SPLINE_CURVE_WITH_KNOTS('',2,(#9783,#9784,#9785),
  .UNSPECIFIED.,.F.,.F.,(3,3),(0.,1.),.PIECEWISE_BEZIER_KNOTS.);
#9783 = CARTESIAN_POINT('',(-17.35210662936,-20.47834218635,0.6));
#9784 = CARTESIAN_POINT('',(-17.2417323561,-20.55283346542,0.6));
#9785 = CARTESIAN_POINT('',(-17.18522799563,-20.68064959914,0.6));
#9786 = ORIENTED_EDGE('',*,*,#9738,.F.);
#9787 = ORIENTED_EDGE('',*,*,#9788,.F.);
#9788 = EDGE_CURVE('',#9772,#9739,#9789,.T.);
#9789 = B_SPLINE_CURVE_WITH_KNOTS('',2,(#9790,#9791,#9792),
  .UNSPECIFIED.,.F.,.F.,(3,3),(0.,1.),.PIECEWISE_BEZIER_KNOTS.);
#9790 = CARTESIAN_POINT('',(-17.35210662936,-20.47834218635,0.));
#9791 = CARTESIAN_POINT('',(-17.2417323561,-20.55283346542,0.));
#9792 = CARTESIAN_POINT('',(-17.18522799563,-20.68064959914,0.));
#9793 = SURFACE_OF_LINEAR_EXTRUSION('',#9794,#9798);
#9794 = B_SPLINE_CURVE_WITH_KNOTS('',2,(#9795,#9796,#9797),
  .UNSPECIFIED.,.F.,.F.,(3,3),(0.,1.),.PIECEWISE_BEZIER_KNOTS.);
#9795 = CARTESIAN_POINT('',(-17.35210662936,-20.47834218635,0.));
#9796 = CARTESIAN_POINT('',(-17.2417323561,-20.55283346542,0.));
#9797 = CARTESIAN_POINT('',(-17.18522799563,-20.68064959914,0.));
#9798 = VECTOR('',#9799,1.);
#9799 = DIRECTION('',(-0.,-0.,-1.));
#9800 = ADVANCED_FACE('',(#9801),#9826,.T.);
#9801 = FACE_BOUND('',#9802,.T.);
#9802 = EDGE_LOOP('',(#9803,#9813,#9819,#9820));
#9803 = ORIENTED_EDGE('',*,*,#9804,.T.);
#9804 = EDGE_CURVE('',#9805,#9807,#9809,.T.);
#9805 = VERTEX_POINT('',#9806);
#9806 = CARTESIAN_POINT('',(-17.59129630959,-20.38613651774,0.));
#9807 = VERTEX_POINT('',#9808);
#9808 = CARTESIAN_POINT('',(-17.59129630959,-20.38613651774,0.6));
#9809 = LINE('',#9810,#9811);
#9810 = CARTESIAN_POINT('',(-17.59129630959,-20.38613651774,0.));
#9811 = VECTOR('',#9812,1.);
#9812 = DIRECTION('',(0.,0.,1.));
#9813 = ORIENTED_EDGE('',*,*,#9814,.T.);
#9814 = EDGE_CURVE('',#9807,#9774,#9815,.T.);
#9815 = B_SPLINE_CURVE_WITH_KNOTS('',2,(#9816,#9817,#9818),
  .UNSPECIFIED.,.F.,.F.,(3,3),(0.,1.),.PIECEWISE_BEZIER_KNOTS.);
#9816 = CARTESIAN_POINT('',(-17.59129630959,-20.38613651774,0.6));
#9817 = CARTESIAN_POINT('',(-17.46248090261,-20.40385090728,0.6));
#9818 = CARTESIAN_POINT('',(-17.35210662936,-20.47834218635,0.6));
#9819 = ORIENTED_EDGE('',*,*,#9771,.F.);
#9820 = ORIENTED_EDGE('',*,*,#9821,.F.);
#9821 = EDGE_CURVE('',#9805,#9772,#9822,.T.);
#9822 = B_SPLINE_CURVE_WITH_KNOTS('',2,(#9823,#9824,#9825),
  .UNSPECIFIED.,.F.,.F.,(3,3),(0.,1.),.PIECEWISE_BEZIER_KNOTS.);
#9823 = CARTESIAN_POINT('',(-17.59129630959,-20.38613651774,0.));
#9824 = CARTESIAN_POINT('',(-17.46248090261,-20.40385090728,0.));
#9825 = CARTESIAN_POINT('',(-17.35210662936,-20.47834218635,0.));
#9826 = SURFACE_OF_LINEAR_EXTRUSION('',#9827,#9831);
#9827 = B_SPLINE_CURVE_WITH_KNOTS('',2,(#9828,#9829,#9830),
  .UNSPECIFIED.,.F.,.F.,(3,3),(0.,1.),.PIECEWISE_BEZIER_KNOTS.);
#9828 = CARTESIAN_POINT('',(-17.59129630959,-20.38613651774,0.));
#9829 = CARTESIAN_POINT('',(-17.46248090261,-20.40385090728,0.));
#9830 = CARTESIAN_POINT('',(-17.35210662936,-20.47834218635,0.));
#9831 = VECTOR('',#9832,1.);
#9832 = DIRECTION('',(-0.,-0.,-1.));
#9833 = ADVANCED_FACE('',(#9834),#9850,.T.);
#9834 = FACE_BOUND('',#9835,.T.);
#9835 = EDGE_LOOP('',(#9836,#9837,#9843,#9844));
#9836 = ORIENTED_EDGE('',*,*,#9526,.T.);
#9837 = ORIENTED_EDGE('',*,*,#9838,.T.);
#9838 = EDGE_CURVE('',#9519,#9807,#9839,.T.);
#9839 = B_SPLINE_CURVE_WITH_KNOTS('',2,(#9840,#9841,#9842),
  .UNSPECIFIED.,.F.,.F.,(3,3),(0.,1.),.PIECEWISE_BEZIER_KNOTS.);
#9840 = CARTESIAN_POINT('',(-17.89852741424,-20.36833128519,0.6));
#9841 = CARTESIAN_POINT('',(-17.72002087354,-20.36833128519,0.6));
#9842 = CARTESIAN_POINT('',(-17.59129630959,-20.38613651774,0.6));
#9843 = ORIENTED_EDGE('',*,*,#9804,.F.);
#9844 = ORIENTED_EDGE('',*,*,#9845,.F.);
#9845 = EDGE_CURVE('',#9527,#9805,#9846,.T.);
#9846 = B_SPLINE_CURVE_WITH_KNOTS('',2,(#9847,#9848,#9849),
  .UNSPECIFIED.,.F.,.F.,(3,3),(0.,1.),.PIECEWISE_BEZIER_KNOTS.);
#9847 = CARTESIAN_POINT('',(-17.89852741424,-20.36833128519,0.));
#9848 = CARTESIAN_POINT('',(-17.72002087354,-20.36833128519,0.));
#9849 = CARTESIAN_POINT('',(-17.59129630959,-20.38613651774,0.));
#9850 = SURFACE_OF_LINEAR_EXTRUSION('',#9851,#9855);
#9851 = B_SPLINE_CURVE_WITH_KNOTS('',2,(#9852,#9853,#9854),
  .UNSPECIFIED.,.F.,.F.,(3,3),(0.,1.),.PIECEWISE_BEZIER_KNOTS.);
#9852 = CARTESIAN_POINT('',(-17.89852741424,-20.36833128519,0.));
#9853 = CARTESIAN_POINT('',(-17.72002087354,-20.36833128519,0.));
#9854 = CARTESIAN_POINT('',(-17.59129630959,-20.38613651774,0.));
#9855 = VECTOR('',#9856,1.);
#9856 = DIRECTION('',(-0.,-0.,-1.));
#9857 = ADVANCED_FACE('',(#9858),#9892,.T.);
#9858 = FACE_BOUND('',#9859,.T.);
#9859 = EDGE_LOOP('',(#9860,#9870,#9878,#9886));
#9860 = ORIENTED_EDGE('',*,*,#9861,.T.);
#9861 = EDGE_CURVE('',#9862,#9864,#9866,.T.);
#9862 = VERTEX_POINT('',#9863);
#9863 = CARTESIAN_POINT('',(-18.38771709447,-21.32181965728,0.));
#9864 = VERTEX_POINT('',#9865);
#9865 = CARTESIAN_POINT('',(-18.38771709447,-21.32181965728,0.6));
#9866 = LINE('',#9867,#9868);
#9867 = CARTESIAN_POINT('',(-18.38771709447,-21.32181965728,0.));
#9868 = VECTOR('',#9869,1.);
#9869 = DIRECTION('',(0.,0.,1.));
#9870 = ORIENTED_EDGE('',*,*,#9871,.T.);
#9871 = EDGE_CURVE('',#9864,#9872,#9874,.T.);
#9872 = VERTEX_POINT('',#9873);
#9873 = CARTESIAN_POINT('',(-17.87399979796,-21.32181965728,0.6));
#9874 = LINE('',#9875,#9876);
#9875 = CARTESIAN_POINT('',(-18.38771709447,-21.32181965728,0.6));
#9876 = VECTOR('',#9877,1.);
#9877 = DIRECTION('',(1.,0.,0.));
#9878 = ORIENTED_EDGE('',*,*,#9879,.F.);
#9879 = EDGE_CURVE('',#9880,#9872,#9882,.T.);
#9880 = VERTEX_POINT('',#9881);
#9881 = CARTESIAN_POINT('',(-17.87399979796,-21.32181965728,0.));
#9882 = LINE('',#9883,#9884);
#9883 = CARTESIAN_POINT('',(-17.87399979796,-21.32181965728,0.));
#9884 = VECTOR('',#9885,1.);
#9885 = DIRECTION('',(0.,0.,1.));
#9886 = ORIENTED_EDGE('',*,*,#9887,.F.);
#9887 = EDGE_CURVE('',#9862,#9880,#9888,.T.);
#9888 = LINE('',#9889,#9890);
#9889 = CARTESIAN_POINT('',(-18.38771709447,-21.32181965728,0.));
#9890 = VECTOR('',#9891,1.);
#9891 = DIRECTION('',(1.,0.,0.));
#9892 = PLANE('',#9893);
#9893 = AXIS2_PLACEMENT_3D('',#9894,#9895,#9896);
#9894 = CARTESIAN_POINT('',(-18.38771709447,-21.32181965728,0.));
#9895 = DIRECTION('',(0.,1.,0.));
#9896 = DIRECTION('',(1.,0.,0.));
#9897 = ADVANCED_FACE('',(#9898),#9923,.T.);
#9898 = FACE_BOUND('',#9899,.T.);
#9899 = EDGE_LOOP('',(#9900,#9910,#9916,#9917));
#9900 = ORIENTED_EDGE('',*,*,#9901,.T.);
#9901 = EDGE_CURVE('',#9902,#9904,#9906,.T.);
#9902 = VERTEX_POINT('',#9903);
#9903 = CARTESIAN_POINT('',(-18.38771709447,-20.60670337821,0.));
#9904 = VERTEX_POINT('',#9905);
#9905 = CARTESIAN_POINT('',(-18.38771709447,-20.60670337821,0.6));
#9906 = LINE('',#9907,#9908);
#9907 = CARTESIAN_POINT('',(-18.38771709447,-20.60670337821,0.));
#9908 = VECTOR('',#9909,1.);
#9909 = DIRECTION('',(0.,0.,1.));
#9910 = ORIENTED_EDGE('',*,*,#9911,.T.);
#9911 = EDGE_CURVE('',#9904,#9864,#9912,.T.);
#9912 = LINE('',#9913,#9914);
#9913 = CARTESIAN_POINT('',(-18.38771709447,-20.60670337821,0.6));
#9914 = VECTOR('',#9915,1.);
#9915 = DIRECTION('',(0.,-1.,0.));
#9916 = ORIENTED_EDGE('',*,*,#9861,.F.);
#9917 = ORIENTED_EDGE('',*,*,#9918,.F.);
#9918 = EDGE_CURVE('',#9902,#9862,#9919,.T.);
#9919 = LINE('',#9920,#9921);
#9920 = CARTESIAN_POINT('',(-18.38771709447,-20.60670337821,0.));
#9921 = VECTOR('',#9922,1.);
#9922 = DIRECTION('',(0.,-1.,0.));
#9923 = PLANE('',#9924);
#9924 = AXIS2_PLACEMENT_3D('',#9925,#9926,#9927);
#9925 = CARTESIAN_POINT('',(-18.38771709447,-20.60670337821,0.));
#9926 = DIRECTION('',(1.,0.,0.));
#9927 = DIRECTION('',(0.,-1.,0.));
#9928 = ADVANCED_FACE('',(#9929),#9954,.T.);
#9929 = FACE_BOUND('',#9930,.T.);
#9930 = EDGE_LOOP('',(#9931,#9941,#9947,#9948));
#9931 = ORIENTED_EDGE('',*,*,#9932,.T.);
#9932 = EDGE_CURVE('',#9933,#9935,#9937,.T.);
#9933 = VERTEX_POINT('',#9934);
#9934 = CARTESIAN_POINT('',(-17.87945037936,-20.60670337821,0.));
#9935 = VERTEX_POINT('',#9936);
#9936 = CARTESIAN_POINT('',(-17.87945037936,-20.60670337821,0.6));
#9937 = LINE('',#9938,#9939);
#9938 = CARTESIAN_POINT('',(-17.87945037936,-20.60670337821,0.));
#9939 = VECTOR('',#9940,1.);
#9940 = DIRECTION('',(0.,0.,1.));
#9941 = ORIENTED_EDGE('',*,*,#9942,.T.);
#9942 = EDGE_CURVE('',#9935,#9904,#9943,.T.);
#9943 = LINE('',#9944,#9945);
#9944 = CARTESIAN_POINT('',(-17.87945037936,-20.60670337821,0.6));
#9945 = VECTOR('',#9946,1.);
#9946 = DIRECTION('',(-1.,0.,0.));
#9947 = ORIENTED_EDGE('',*,*,#9901,.F.);
#9948 = ORIENTED_EDGE('',*,*,#9949,.F.);
#9949 = EDGE_CURVE('',#9933,#9902,#9950,.T.);
#9950 = LINE('',#9951,#9952);
#9951 = CARTESIAN_POINT('',(-17.87945037936,-20.60670337821,0.));
#9952 = VECTOR('',#9953,1.);
#9953 = DIRECTION('',(-1.,0.,0.));
#9954 = PLANE('',#9955);
#9955 = AXIS2_PLACEMENT_3D('',#9956,#9957,#9958);
#9956 = CARTESIAN_POINT('',(-17.87945037936,-20.60670337821,0.));
#9957 = DIRECTION('',(0.,-1.,0.));
#9958 = DIRECTION('',(-1.,0.,0.));
#9959 = ADVANCED_FACE('',(#9960),#9985,.T.);
#9960 = FACE_BOUND('',#9961,.T.);
#9961 = EDGE_LOOP('',(#9962,#9972,#9978,#9979));
#9962 = ORIENTED_EDGE('',*,*,#9963,.T.);
#9963 = EDGE_CURVE('',#9964,#9966,#9968,.T.);
#9964 = VERTEX_POINT('',#9965);
#9965 = CARTESIAN_POINT('',(-17.61446128052,-20.62923244798,0.));
#9966 = VERTEX_POINT('',#9967);
#9967 = CARTESIAN_POINT('',(-17.61446128052,-20.62923244798,0.6));
#9968 = LINE('',#9969,#9970);
#9969 = CARTESIAN_POINT('',(-17.61446128052,-20.62923244798,0.));
#9970 = VECTOR('',#9971,1.);
#9971 = DIRECTION('',(0.,0.,1.));
#9972 = ORIENTED_EDGE('',*,*,#9973,.T.);
#9973 = EDGE_CURVE('',#9966,#9935,#9974,.T.);
#9974 = B_SPLINE_CURVE_WITH_KNOTS('',2,(#9975,#9976,#9977),
  .UNSPECIFIED.,.F.,.F.,(3,3),(0.,1.),.PIECEWISE_BEZIER_KNOTS.);
#9975 = CARTESIAN_POINT('',(-17.61446128052,-20.62923244798,0.6));
#9976 = CARTESIAN_POINT('',(-17.70366912936,-20.60670337821,0.6));
#9977 = CARTESIAN_POINT('',(-17.87945037936,-20.60670337821,0.6));
#9978 = ORIENTED_EDGE('',*,*,#9932,.F.);
#9979 = ORIENTED_EDGE('',*,*,#9980,.F.);
#9980 = EDGE_CURVE('',#9964,#9933,#9981,.T.);
#9981 = B_SPLINE_CURVE_WITH_KNOTS('',2,(#9982,#9983,#9984),
  .UNSPECIFIED.,.F.,.F.,(3,3),(0.,1.),.PIECEWISE_BEZIER_KNOTS.);
#9982 = CARTESIAN_POINT('',(-17.61446128052,-20.62923244798,0.));
#9983 = CARTESIAN_POINT('',(-17.70366912936,-20.60670337821,0.));
#9984 = CARTESIAN_POINT('',(-17.87945037936,-20.60670337821,0.));
#9985 = SURFACE_OF_LINEAR_EXTRUSION('',#9986,#9990);
#9986 = B_SPLINE_CURVE_WITH_KNOTS('',2,(#9987,#9988,#9989),
  .UNSPECIFIED.,.F.,.F.,(3,3),(0.,1.),.PIECEWISE_BEZIER_KNOTS.);
#9987 = CARTESIAN_POINT('',(-17.61446128052,-20.62923244798,0.));
#9988 = CARTESIAN_POINT('',(-17.70366912936,-20.60670337821,0.));
#9989 = CARTESIAN_POINT('',(-17.87945037936,-20.60670337821,0.));
#9990 = VECTOR('',#9991,1.);
#9991 = DIRECTION('',(-0.,-0.,-1.));
#9992 = ADVANCED_FACE('',(#9993),#10018,.T.);
#9993 = FACE_BOUND('',#9994,.T.);
#9994 = EDGE_LOOP('',(#9995,#10005,#10011,#10012));
#9995 = ORIENTED_EDGE('',*,*,#9996,.T.);
#9996 = EDGE_CURVE('',#9997,#9999,#10001,.T.);
#9997 = VERTEX_POINT('',#9998);
#9998 = CARTESIAN_POINT('',(-17.46384354796,-20.74387634333,0.));
#9999 = VERTEX_POINT('',#10000);
#10000 = CARTESIAN_POINT('',(-17.46384354796,-20.74387634333,0.6));
#10001 = LINE('',#10002,#10003);
#10002 = CARTESIAN_POINT('',(-17.46384354796,-20.74387634333,0.));
#10003 = VECTOR('',#10004,1.);
#10004 = DIRECTION('',(0.,0.,1.));
#10005 = ORIENTED_EDGE('',*,*,#10006,.T.);
#10006 = EDGE_CURVE('',#9999,#9966,#10007,.T.);
#10007 = B_SPLINE_CURVE_WITH_KNOTS('',2,(#10008,#10009,#10010),
  .UNSPECIFIED.,.F.,.F.,(3,3),(0.,1.),.PIECEWISE_BEZIER_KNOTS.);
#10008 = CARTESIAN_POINT('',(-17.46384354796,-20.74387634333,0.6));
#10009 = CARTESIAN_POINT('',(-17.52516258866,-20.65176151774,0.6));
#10010 = CARTESIAN_POINT('',(-17.61446128052,-20.62923244798,0.6));
#10011 = ORIENTED_EDGE('',*,*,#9963,.F.);
#10012 = ORIENTED_EDGE('',*,*,#10013,.F.);
#10013 = EDGE_CURVE('',#9997,#9964,#10014,.T.);
#10014 = B_SPLINE_CURVE_WITH_KNOTS('',2,(#10015,#10016,#10017),
  .UNSPECIFIED.,.F.,.F.,(3,3),(0.,1.),.PIECEWISE_BEZIER_KNOTS.);
#10015 = CARTESIAN_POINT('',(-17.46384354796,-20.74387634333,0.));
#10016 = CARTESIAN_POINT('',(-17.52516258866,-20.65176151774,0.));
#10017 = CARTESIAN_POINT('',(-17.61446128052,-20.62923244798,0.));
#10018 = SURFACE_OF_LINEAR_EXTRUSION('',#10019,#10023);
#10019 = B_SPLINE_CURVE_WITH_KNOTS('',2,(#10020,#10021,#10022),
  .UNSPECIFIED.,.F.,.F.,(3,3),(0.,1.),.PIECEWISE_BEZIER_KNOTS.);
#10020 = CARTESIAN_POINT('',(-17.46384354796,-20.74387634333,0.));
#10021 = CARTESIAN_POINT('',(-17.52516258866,-20.65176151774,0.));
#10022 = CARTESIAN_POINT('',(-17.61446128052,-20.62923244798,0.));
#10023 = VECTOR('',#10024,1.);
#10024 = DIRECTION('',(-0.,-0.,-1.));
#10025 = ADVANCED_FACE('',(#10026),#10051,.T.);
#10026 = FACE_BOUND('',#10027,.T.);
#10027 = EDGE_LOOP('',(#10028,#10038,#10044,#10045));
#10028 = ORIENTED_EDGE('',*,*,#10029,.T.);
#10029 = EDGE_CURVE('',#10030,#10032,#10034,.T.);
#10030 = VERTEX_POINT('',#10031);
#10031 = CARTESIAN_POINT('',(-17.40252450726,-20.95608564565,0.));
#10032 = VERTEX_POINT('',#10033);
#10033 = CARTESIAN_POINT('',(-17.40252450726,-20.95608564565,0.6));
#10034 = LINE('',#10035,#10036);
#10035 = CARTESIAN_POINT('',(-17.40252450726,-20.95608564565,0.));
#10036 = VECTOR('',#10037,1.);
#10037 = DIRECTION('',(0.,0.,1.));
#10038 = ORIENTED_EDGE('',*,*,#10039,.T.);
#10039 = EDGE_CURVE('',#10032,#9999,#10040,.T.);
#10040 = B_SPLINE_CURVE_WITH_KNOTS('',2,(#10041,#10042,#10043),
  .UNSPECIFIED.,.F.,.F.,(3,3),(0.,1.),.PIECEWISE_BEZIER_KNOTS.);
#10041 = CARTESIAN_POINT('',(-17.40252450726,-20.95608564565,0.6));
#10042 = CARTESIAN_POINT('',(-17.40252450726,-20.83599116891,0.6));
#10043 = CARTESIAN_POINT('',(-17.46384354796,-20.74387634333,0.6));
#10044 = ORIENTED_EDGE('',*,*,#9996,.F.);
#10045 = ORIENTED_EDGE('',*,*,#10046,.F.);
#10046 = EDGE_CURVE('',#10030,#9997,#10047,.T.);
#10047 = B_SPLINE_CURVE_WITH_KNOTS('',2,(#10048,#10049,#10050),
  .UNSPECIFIED.,.F.,.F.,(3,3),(0.,1.),.PIECEWISE_BEZIER_KNOTS.);
#10048 = CARTESIAN_POINT('',(-17.40252450726,-20.95608564565,0.));
#10049 = CARTESIAN_POINT('',(-17.40252450726,-20.83599116891,0.));
#10050 = CARTESIAN_POINT('',(-17.46384354796,-20.74387634333,0.));
#10051 = SURFACE_OF_LINEAR_EXTRUSION('',#10052,#10056);
#10052 = B_SPLINE_CURVE_WITH_KNOTS('',2,(#10053,#10054,#10055),
  .UNSPECIFIED.,.F.,.F.,(3,3),(0.,1.),.PIECEWISE_BEZIER_KNOTS.);
#10053 = CARTESIAN_POINT('',(-17.40252450726,-20.95608564565,0.));
#10054 = CARTESIAN_POINT('',(-17.40252450726,-20.83599116891,0.));
#10055 = CARTESIAN_POINT('',(-17.46384354796,-20.74387634333,0.));
#10056 = VECTOR('',#10057,1.);
#10057 = DIRECTION('',(-0.,-0.,-1.));
#10058 = ADVANCED_FACE('',(#10059),#10075,.T.);
#10059 = FACE_BOUND('',#10060,.T.);
#10060 = EDGE_LOOP('',(#10061,#10062,#10068,#10069));
#10061 = ORIENTED_EDGE('',*,*,#9879,.T.);
#10062 = ORIENTED_EDGE('',*,*,#10063,.T.);
#10063 = EDGE_CURVE('',#9872,#10032,#10064,.T.);
#10064 = B_SPLINE_CURVE_WITH_KNOTS('',2,(#10065,#10066,#10067),
  .UNSPECIFIED.,.F.,.F.,(3,3),(0.,1.),.PIECEWISE_BEZIER_KNOTS.);
#10065 = CARTESIAN_POINT('',(-17.87399979796,-21.32181965728,0.6));
#10066 = CARTESIAN_POINT('',(-17.40252450726,-21.32181965728,0.6));
#10067 = CARTESIAN_POINT('',(-17.40252450726,-20.95608564565,0.6));
#10068 = ORIENTED_EDGE('',*,*,#10029,.F.);
#10069 = ORIENTED_EDGE('',*,*,#10070,.F.);
#10070 = EDGE_CURVE('',#9880,#10030,#10071,.T.);
#10071 = B_SPLINE_CURVE_WITH_KNOTS('',2,(#10072,#10073,#10074),
  .UNSPECIFIED.,.F.,.F.,(3,3),(0.,1.),.PIECEWISE_BEZIER_KNOTS.);
#10072 = CARTESIAN_POINT('',(-17.87399979796,-21.32181965728,0.));
#10073 = CARTESIAN_POINT('',(-17.40252450726,-21.32181965728,0.));
#10074 = CARTESIAN_POINT('',(-17.40252450726,-20.95608564565,0.));
#10075 = SURFACE_OF_LINEAR_EXTRUSION('',#10076,#10080);
#10076 = B_SPLINE_CURVE_WITH_KNOTS('',2,(#10077,#10078,#10079),
  .UNSPECIFIED.,.F.,.F.,(3,3),(0.,1.),.PIECEWISE_BEZIER_KNOTS.);
#10077 = CARTESIAN_POINT('',(-17.87399979796,-21.32181965728,0.));
#10078 = CARTESIAN_POINT('',(-17.40252450726,-21.32181965728,0.));
#10079 = CARTESIAN_POINT('',(-17.40252450726,-20.95608564565,0.));
#10080 = VECTOR('',#10081,1.);
#10081 = DIRECTION('',(-0.,-0.,-1.));
#10082 = ADVANCED_FACE('',(#10083,#10096),#10105,.F.);
#10083 = FACE_BOUND('',#10084,.F.);
#10084 = EDGE_LOOP('',(#10085,#10086,#10087,#10088,#10089,#10090,#10091,
    #10092,#10093,#10094,#10095));
#10085 = ORIENTED_EDGE('',*,*,#9534,.F.);
#10086 = ORIENTED_EDGE('',*,*,#9565,.F.);
#10087 = ORIENTED_EDGE('',*,*,#9596,.F.);
#10088 = ORIENTED_EDGE('',*,*,#9627,.F.);
#10089 = ORIENTED_EDGE('',*,*,#9658,.F.);
#10090 = ORIENTED_EDGE('',*,*,#9689,.F.);
#10091 = ORIENTED_EDGE('',*,*,#9722,.F.);
#10092 = ORIENTED_EDGE('',*,*,#9755,.F.);
#10093 = ORIENTED_EDGE('',*,*,#9788,.F.);
#10094 = ORIENTED_EDGE('',*,*,#9821,.F.);
#10095 = ORIENTED_EDGE('',*,*,#9845,.F.);
#10096 = FACE_BOUND('',#10097,.F.);
#10097 = EDGE_LOOP('',(#10098,#10099,#10100,#10101,#10102,#10103,#10104)
  );
#10098 = ORIENTED_EDGE('',*,*,#9887,.F.);
#10099 = ORIENTED_EDGE('',*,*,#9918,.F.);
#10100 = ORIENTED_EDGE('',*,*,#9949,.F.);
#10101 = ORIENTED_EDGE('',*,*,#9980,.F.);
#10102 = ORIENTED_EDGE('',*,*,#10013,.F.);
#10103 = ORIENTED_EDGE('',*,*,#10046,.F.);
#10104 = ORIENTED_EDGE('',*,*,#10070,.F.);
#10105 = PLANE('',#10106);
#10106 = AXIS2_PLACEMENT_3D('',#10107,#10108,#10109);
#10107 = CARTESIAN_POINT('',(-18.06165272625,-21.15017817686,0.));
#10108 = DIRECTION('',(0.,0.,1.));
#10109 = DIRECTION('',(1.,0.,0.));
#10110 = ADVANCED_FACE('',(#10111,#10124),#10133,.T.);
#10111 = FACE_BOUND('',#10112,.T.);
#10112 = EDGE_LOOP('',(#10113,#10114,#10115,#10116,#10117,#10118,#10119,
    #10120,#10121,#10122,#10123));
#10113 = ORIENTED_EDGE('',*,*,#9518,.F.);
#10114 = ORIENTED_EDGE('',*,*,#9558,.F.);
#10115 = ORIENTED_EDGE('',*,*,#9589,.F.);
#10116 = ORIENTED_EDGE('',*,*,#9620,.F.);
#10117 = ORIENTED_EDGE('',*,*,#9651,.F.);
#10118 = ORIENTED_EDGE('',*,*,#9682,.F.);
#10119 = ORIENTED_EDGE('',*,*,#9715,.F.);
#10120 = ORIENTED_EDGE('',*,*,#9748,.F.);
#10121 = ORIENTED_EDGE('',*,*,#9781,.F.);
#10122 = ORIENTED_EDGE('',*,*,#9814,.F.);
#10123 = ORIENTED_EDGE('',*,*,#9838,.F.);
#10124 = FACE_BOUND('',#10125,.T.);
#10125 = EDGE_LOOP('',(#10126,#10127,#10128,#10129,#10130,#10131,#10132)
  );
#10126 = ORIENTED_EDGE('',*,*,#9871,.F.);
#10127 = ORIENTED_EDGE('',*,*,#9911,.F.);
#10128 = ORIENTED_EDGE('',*,*,#9942,.F.);
#10129 = ORIENTED_EDGE('',*,*,#9973,.F.);
#10130 = ORIENTED_EDGE('',*,*,#10006,.F.);
#10131 = ORIENTED_EDGE('',*,*,#10039,.F.);
#10132 = ORIENTED_EDGE('',*,*,#10063,.F.);
#10133 = PLANE('',#10134);
#10134 = AXIS2_PLACEMENT_3D('',#10135,#10136,#10137);
#10135 = CARTESIAN_POINT('',(-18.06165272625,-21.15017817686,0.6));
#10136 = DIRECTION('',(0.,0.,1.));
#10137 = DIRECTION('',(1.,0.,0.));
#10138 = MANIFOLD_SOLID_BREP('',#10139);
#10139 = CLOSED_SHELL('',(#10140,#10182,#10215,#10248,#10281,#10314,
    #10347,#10380,#10404,#10446,#10479,#10512,#10545,#10578,#10611,
    #10644,#10668,#10694));
#10140 = ADVANCED_FACE('',(#10141),#10175,.T.);
#10141 = FACE_BOUND('',#10142,.T.);
#10142 = EDGE_LOOP('',(#10143,#10153,#10161,#10169));
#10143 = ORIENTED_EDGE('',*,*,#10144,.T.);
#10144 = EDGE_CURVE('',#10145,#10147,#10149,.T.);
#10145 = VERTEX_POINT('',#10146);
#10146 = CARTESIAN_POINT('',(-15.91814950726,-20.33344756426,0.));
#10147 = VERTEX_POINT('',#10148);
#10148 = CARTESIAN_POINT('',(-15.91814950726,-20.33344756426,0.6));
#10149 = LINE('',#10150,#10151);
#10150 = CARTESIAN_POINT('',(-15.91814950726,-20.33344756426,0.));
#10151 = VECTOR('',#10152,1.);
#10152 = DIRECTION('',(0.,0.,1.));
#10153 = ORIENTED_EDGE('',*,*,#10154,.T.);
#10154 = EDGE_CURVE('',#10147,#10155,#10157,.T.);
#10155 = VERTEX_POINT('',#10156);
#10156 = CARTESIAN_POINT('',(-15.23137625145,-20.6187855003,0.6));
#10157 = B_SPLINE_CURVE_WITH_KNOTS('',2,(#10158,#10159,#10160),
  .UNSPECIFIED.,.F.,.F.,(3,3),(0.,1.),.PIECEWISE_BEZIER_KNOTS.);
#10158 = CARTESIAN_POINT('',(-15.91814950726,-20.33344756426,0.6));
#10159 = CARTESIAN_POINT('',(-15.49845473982,-20.33344756426,0.6));
#10160 = CARTESIAN_POINT('',(-15.23137625145,-20.6187855003,0.6));
#10161 = ORIENTED_EDGE('',*,*,#10162,.F.);
#10162 = EDGE_CURVE('',#10163,#10155,#10165,.T.);
#10163 = VERTEX_POINT('',#10164);
#10164 = CARTESIAN_POINT('',(-15.23137625145,-20.6187855003,0.));
#10165 = LINE('',#10166,#10167);
#10166 = CARTESIAN_POINT('',(-15.23137625145,-20.6187855003,0.));
#10167 = VECTOR('',#10168,1.);
#10168 = DIRECTION('',(0.,0.,1.));
#10169 = ORIENTED_EDGE('',*,*,#10170,.F.);
#10170 = EDGE_CURVE('',#10145,#10163,#10171,.T.);
#10171 = B_SPLINE_CURVE_WITH_KNOTS('',2,(#10172,#10173,#10174),
  .UNSPECIFIED.,.F.,.F.,(3,3),(0.,1.),.PIECEWISE_BEZIER_KNOTS.);
#10172 = CARTESIAN_POINT('',(-15.91814950726,-20.33344756426,0.));
#10173 = CARTESIAN_POINT('',(-15.49845473982,-20.33344756426,0.));
#10174 = CARTESIAN_POINT('',(-15.23137625145,-20.6187855003,0.));
#10175 = SURFACE_OF_LINEAR_EXTRUSION('',#10176,#10180);
#10176 = B_SPLINE_CURVE_WITH_KNOTS('',2,(#10177,#10178,#10179),
  .UNSPECIFIED.,.F.,.F.,(3,3),(0.,1.),.PIECEWISE_BEZIER_KNOTS.);
#10177 = CARTESIAN_POINT('',(-15.91814950726,-20.33344756426,0.));
#10178 = CARTESIAN_POINT('',(-15.49845473982,-20.33344756426,0.));
#10179 = CARTESIAN_POINT('',(-15.23137625145,-20.6187855003,0.));
#10180 = VECTOR('',#10181,1.);
#10181 = DIRECTION('',(-0.,-0.,-1.));
#10182 = ADVANCED_FACE('',(#10183),#10208,.T.);
#10183 = FACE_BOUND('',#10184,.T.);
#10184 = EDGE_LOOP('',(#10185,#10195,#10201,#10202));
#10185 = ORIENTED_EDGE('',*,*,#10186,.T.);
#10186 = EDGE_CURVE('',#10187,#10189,#10191,.T.);
#10187 = VERTEX_POINT('',#10188);
#10188 = CARTESIAN_POINT('',(-16.60973744331,-20.61678695379,0.));
#10189 = VERTEX_POINT('',#10190);
#10190 = CARTESIAN_POINT('',(-16.60973744331,-20.61678695379,0.6));
#10191 = LINE('',#10192,#10193);
#10192 = CARTESIAN_POINT('',(-16.60973744331,-20.61678695379,0.));
#10193 = VECTOR('',#10194,1.);
#10194 = DIRECTION('',(0.,0.,1.));
#10195 = ORIENTED_EDGE('',*,*,#10196,.T.);
#10196 = EDGE_CURVE('',#10189,#10147,#10197,.T.);
#10197 = B_SPLINE_CURVE_WITH_KNOTS('',2,(#10198,#10199,#10200),
  .UNSPECIFIED.,.F.,.F.,(3,3),(0.,1.),.PIECEWISE_BEZIER_KNOTS.);
#10198 = CARTESIAN_POINT('',(-16.60973744331,-20.61678695379,0.6));
#10199 = CARTESIAN_POINT('',(-16.3432948561,-20.33344756426,0.6));
#10200 = CARTESIAN_POINT('',(-15.91814950726,-20.33344756426,0.6));
#10201 = ORIENTED_EDGE('',*,*,#10144,.F.);
#10202 = ORIENTED_EDGE('',*,*,#10203,.F.);
#10203 = EDGE_CURVE('',#10187,#10145,#10204,.T.);
#10204 = B_SPLINE_CURVE_WITH_KNOTS('',2,(#10205,#10206,#10207),
  .UNSPECIFIED.,.F.,.F.,(3,3),(0.,1.),.PIECEWISE_BEZIER_KNOTS.);
#10205 = CARTESIAN_POINT('',(-16.60973744331,-20.61678695379,0.));
#10206 = CARTESIAN_POINT('',(-16.3432948561,-20.33344756426,0.));
#10207 = CARTESIAN_POINT('',(-15.91814950726,-20.33344756426,0.));
#10208 = SURFACE_OF_LINEAR_EXTRUSION('',#10209,#10213);
#10209 = B_SPLINE_CURVE_WITH_KNOTS('',2,(#10210,#10211,#10212),
  .UNSPECIFIED.,.F.,.F.,(3,3),(0.,1.),.PIECEWISE_BEZIER_KNOTS.);
#10210 = CARTESIAN_POINT('',(-16.60973744331,-20.61678695379,0.));
#10211 = CARTESIAN_POINT('',(-16.3432948561,-20.33344756426,0.));
#10212 = CARTESIAN_POINT('',(-15.91814950726,-20.33344756426,0.));
#10213 = VECTOR('',#10214,1.);
#10214 = DIRECTION('',(-0.,-0.,-1.));
#10215 = ADVANCED_FACE('',(#10216),#10241,.T.);
#10216 = FACE_BOUND('',#10217,.T.);
#10217 = EDGE_LOOP('',(#10218,#10228,#10234,#10235));
#10218 = ORIENTED_EDGE('',*,*,#10219,.T.);
#10219 = EDGE_CURVE('',#10220,#10222,#10224,.T.);
#10220 = VERTEX_POINT('',#10221);
#10221 = CARTESIAN_POINT('',(-16.8760891875,-21.39294974449,0.));
#10222 = VERTEX_POINT('',#10223);
#10223 = CARTESIAN_POINT('',(-16.8760891875,-21.39294974449,0.6));
#10224 = LINE('',#10225,#10226);
#10225 = CARTESIAN_POINT('',(-16.8760891875,-21.39294974449,0.));
#10226 = VECTOR('',#10227,1.);
#10227 = DIRECTION('',(0.,0.,1.));
#10228 = ORIENTED_EDGE('',*,*,#10229,.T.);
#10229 = EDGE_CURVE('',#10222,#10189,#10230,.T.);
#10230 = B_SPLINE_CURVE_WITH_KNOTS('',2,(#10231,#10232,#10233),
  .UNSPECIFIED.,.F.,.F.,(3,3),(0.,1.),.PIECEWISE_BEZIER_KNOTS.);
#10231 = CARTESIAN_POINT('',(-16.8760891875,-21.39294974449,0.6));
#10232 = CARTESIAN_POINT('',(-16.8760891875,-20.9000355003,0.6));
#10233 = CARTESIAN_POINT('',(-16.60973744331,-20.61678695379,0.6));
#10234 = ORIENTED_EDGE('',*,*,#10186,.F.);
#10235 = ORIENTED_EDGE('',*,*,#10236,.F.);
#10236 = EDGE_CURVE('',#10220,#10187,#10237,.T.);
#10237 = B_SPLINE_CURVE_WITH_KNOTS('',2,(#10238,#10239,#10240),
  .UNSPECIFIED.,.F.,.F.,(3,3),(0.,1.),.PIECEWISE_BEZIER_KNOTS.);
#10238 = CARTESIAN_POINT('',(-16.8760891875,-21.39294974449,0.));
#10239 = CARTESIAN_POINT('',(-16.8760891875,-20.9000355003,0.));
#10240 = CARTESIAN_POINT('',(-16.60973744331,-20.61678695379,0.));
#10241 = SURFACE_OF_LINEAR_EXTRUSION('',#10242,#10246);
#10242 = B_SPLINE_CURVE_WITH_KNOTS('',2,(#10243,#10244,#10245),
  .UNSPECIFIED.,.F.,.F.,(3,3),(0.,1.),.PIECEWISE_BEZIER_KNOTS.);
#10243 = CARTESIAN_POINT('',(-16.8760891875,-21.39294974449,0.));
#10244 = CARTESIAN_POINT('',(-16.8760891875,-20.9000355003,0.));
#10245 = CARTESIAN_POINT('',(-16.60973744331,-20.61678695379,0.));
#10246 = VECTOR('',#10247,1.);
#10247 = DIRECTION('',(-0.,-0.,-1.));
#10248 = ADVANCED_FACE('',(#10249),#10274,.T.);
#10249 = FACE_BOUND('',#10250,.T.);
#10250 = EDGE_LOOP('',(#10251,#10261,#10267,#10268));
#10251 = ORIENTED_EDGE('',*,*,#10252,.T.);
#10252 = EDGE_CURVE('',#10253,#10255,#10257,.T.);
#10253 = VERTEX_POINT('',#10254);
#10254 = CARTESIAN_POINT('',(-16.61309863517,-22.10970119798,0.));
#10255 = VERTEX_POINT('',#10256);
#10256 = CARTESIAN_POINT('',(-16.61309863517,-22.10970119798,0.6));
#10257 = LINE('',#10258,#10259);
#10258 = CARTESIAN_POINT('',(-16.61309863517,-22.10970119798,0.));
#10259 = VECTOR('',#10260,1.);
#10260 = DIRECTION('',(0.,0.,1.));
#10261 = ORIENTED_EDGE('',*,*,#10262,.T.);
#10262 = EDGE_CURVE('',#10255,#10222,#10263,.T.);
#10263 = B_SPLINE_CURVE_WITH_KNOTS('',2,(#10264,#10265,#10266),
  .UNSPECIFIED.,.F.,.F.,(3,3),(0.,1.),.PIECEWISE_BEZIER_KNOTS.);
#10264 = CARTESIAN_POINT('',(-16.61309863517,-22.10970119798,0.6));
#10265 = CARTESIAN_POINT('',(-16.8760891875,-21.81618738984,0.6));
#10266 = CARTESIAN_POINT('',(-16.8760891875,-21.39294974449,0.6));
#10267 = ORIENTED_EDGE('',*,*,#10219,.F.);
#10268 = ORIENTED_EDGE('',*,*,#10269,.F.);
#10269 = EDGE_CURVE('',#10253,#10220,#10270,.T.);
#10270 = B_SPLINE_CURVE_WITH_KNOTS('',2,(#10271,#10272,#10273),
  .UNSPECIFIED.,.F.,.F.,(3,3),(0.,1.),.PIECEWISE_BEZIER_KNOTS.);
#10271 = CARTESIAN_POINT('',(-16.61309863517,-22.10970119798,0.));
#10272 = CARTESIAN_POINT('',(-16.8760891875,-21.81618738984,0.));
#10273 = CARTESIAN_POINT('',(-16.8760891875,-21.39294974449,0.));
#10274 = SURFACE_OF_LINEAR_EXTRUSION('',#10275,#10279);
#10275 = B_SPLINE_CURVE_WITH_KNOTS('',2,(#10276,#10277,#10278),
  .UNSPECIFIED.,.F.,.F.,(3,3),(0.,1.),.PIECEWISE_BEZIER_KNOTS.);
#10276 = CARTESIAN_POINT('',(-16.61309863517,-22.10970119798,0.));
#10277 = CARTESIAN_POINT('',(-16.8760891875,-21.81618738984,0.));
#10278 = CARTESIAN_POINT('',(-16.8760891875,-21.39294974449,0.));
#10279 = VECTOR('',#10280,1.);
#10280 = DIRECTION('',(-0.,-0.,-1.));
#10281 = ADVANCED_FACE('',(#10282),#10307,.T.);
#10282 = FACE_BOUND('',#10283,.T.);
#10283 = EDGE_LOOP('',(#10284,#10294,#10300,#10301));
#10284 = ORIENTED_EDGE('',*,*,#10285,.T.);
#10285 = EDGE_CURVE('',#10286,#10288,#10290,.T.);
#10286 = VERTEX_POINT('',#10287);
#10287 = CARTESIAN_POINT('',(-15.91814950726,-22.40321500612,0.));
#10288 = VERTEX_POINT('',#10289);
#10289 = CARTESIAN_POINT('',(-15.91814950726,-22.40321500612,0.6));
#10290 = LINE('',#10291,#10292);
#10291 = CARTESIAN_POINT('',(-15.91814950726,-22.40321500612,0.));
#10292 = VECTOR('',#10293,1.);
#10293 = DIRECTION('',(0.,0.,1.));
#10294 = ORIENTED_EDGE('',*,*,#10295,.T.);
#10295 = EDGE_CURVE('',#10288,#10255,#10296,.T.);
#10296 = B_SPLINE_CURVE_WITH_KNOTS('',2,(#10297,#10298,#10299),
  .UNSPECIFIED.,.F.,.F.,(3,3),(0.,1.),.PIECEWISE_BEZIER_KNOTS.);
#10297 = CARTESIAN_POINT('',(-15.91814950726,-22.40321500612,0.6));
#10298 = CARTESIAN_POINT('',(-16.35010808284,-22.40321500612,0.6));
#10299 = CARTESIAN_POINT('',(-16.61309863517,-22.10970119798,0.6));
#10300 = ORIENTED_EDGE('',*,*,#10252,.F.);
#10301 = ORIENTED_EDGE('',*,*,#10302,.F.);
#10302 = EDGE_CURVE('',#10286,#10253,#10303,.T.);
#10303 = B_SPLINE_CURVE_WITH_KNOTS('',2,(#10304,#10305,#10306),
  .UNSPECIFIED.,.F.,.F.,(3,3),(0.,1.),.PIECEWISE_BEZIER_KNOTS.);
#10304 = CARTESIAN_POINT('',(-15.91814950726,-22.40321500612,0.));
#10305 = CARTESIAN_POINT('',(-16.35010808284,-22.40321500612,0.));
#10306 = CARTESIAN_POINT('',(-16.61309863517,-22.10970119798,0.));
#10307 = SURFACE_OF_LINEAR_EXTRUSION('',#10308,#10312);
#10308 = B_SPLINE_CURVE_WITH_KNOTS('',2,(#10309,#10310,#10311),
  .UNSPECIFIED.,.F.,.F.,(3,3),(0.,1.),.PIECEWISE_BEZIER_KNOTS.);
#10309 = CARTESIAN_POINT('',(-15.91814950726,-22.40321500612,0.));
#10310 = CARTESIAN_POINT('',(-16.35010808284,-22.40321500612,0.));
#10311 = CARTESIAN_POINT('',(-16.61309863517,-22.10970119798,0.));
#10312 = VECTOR('',#10313,1.);
#10313 = DIRECTION('',(-0.,-0.,-1.));
#10314 = ADVANCED_FACE('',(#10315),#10340,.T.);
#10315 = FACE_BOUND('',#10316,.T.);
#10316 = EDGE_LOOP('',(#10317,#10327,#10333,#10334));
#10317 = ORIENTED_EDGE('',*,*,#10318,.T.);
#10318 = EDGE_CURVE('',#10319,#10321,#10323,.T.);
#10319 = VERTEX_POINT('',#10320);
#10320 = CARTESIAN_POINT('',(-15.2327388968,-22.11996645961,0.));
#10321 = VERTEX_POINT('',#10322);
#10322 = CARTESIAN_POINT('',(-15.2327388968,-22.11996645961,0.6));
#10323 = LINE('',#10324,#10325);
#10324 = CARTESIAN_POINT('',(-15.2327388968,-22.11996645961,0.));
#10325 = VECTOR('',#10326,1.);
#10326 = DIRECTION('',(0.,0.,1.));
#10327 = ORIENTED_EDGE('',*,*,#10328,.T.);
#10328 = EDGE_CURVE('',#10321,#10288,#10329,.T.);
#10329 = B_SPLINE_CURVE_WITH_KNOTS('',2,(#10330,#10331,#10332),
  .UNSPECIFIED.,.F.,.F.,(3,3),(0.,1.),.PIECEWISE_BEZIER_KNOTS.);
#10330 = CARTESIAN_POINT('',(-15.2327388968,-22.11996645961,0.6));
#10331 = CARTESIAN_POINT('',(-15.50118003052,-22.40321500612,0.6));
#10332 = CARTESIAN_POINT('',(-15.91814950726,-22.40321500612,0.6));
#10333 = ORIENTED_EDGE('',*,*,#10285,.F.);
#10334 = ORIENTED_EDGE('',*,*,#10335,.F.);
#10335 = EDGE_CURVE('',#10319,#10286,#10336,.T.);
#10336 = B_SPLINE_CURVE_WITH_KNOTS('',2,(#10337,#10338,#10339),
  .UNSPECIFIED.,.F.,.F.,(3,3),(0.,1.),.PIECEWISE_BEZIER_KNOTS.);
#10337 = CARTESIAN_POINT('',(-15.2327388968,-22.11996645961,0.));
#10338 = CARTESIAN_POINT('',(-15.50118003052,-22.40321500612,0.));
#10339 = CARTESIAN_POINT('',(-15.91814950726,-22.40321500612,0.));
#10340 = SURFACE_OF_LINEAR_EXTRUSION('',#10341,#10345);
#10341 = B_SPLINE_CURVE_WITH_KNOTS('',2,(#10342,#10343,#10344),
  .UNSPECIFIED.,.F.,.F.,(3,3),(0.,1.),.PIECEWISE_BEZIER_KNOTS.);
#10342 = CARTESIAN_POINT('',(-15.2327388968,-22.11996645961,0.));
#10343 = CARTESIAN_POINT('',(-15.50118003052,-22.40321500612,0.));
#10344 = CARTESIAN_POINT('',(-15.91814950726,-22.40321500612,0.));
#10345 = VECTOR('',#10346,1.);
#10346 = DIRECTION('',(-0.,-0.,-1.));
#10347 = ADVANCED_FACE('',(#10348),#10373,.T.);
#10348 = FACE_BOUND('',#10349,.T.);
#10349 = EDGE_LOOP('',(#10350,#10360,#10366,#10367));
#10350 = ORIENTED_EDGE('',*,*,#10351,.T.);
#10351 = EDGE_CURVE('',#10352,#10354,#10356,.T.);
#10352 = VERTEX_POINT('',#10353);
#10353 = CARTESIAN_POINT('',(-14.96429776308,-21.37105657588,0.));
#10354 = VERTEX_POINT('',#10355);
#10355 = CARTESIAN_POINT('',(-14.96429776308,-21.37105657588,0.6));
#10356 = LINE('',#10357,#10358);
#10357 = CARTESIAN_POINT('',(-14.96429776308,-21.37105657588,0.));
#10358 = VECTOR('',#10359,1.);
#10359 = DIRECTION('',(0.,0.,1.));
#10360 = ORIENTED_EDGE('',*,*,#10361,.T.);
#10361 = EDGE_CURVE('',#10354,#10321,#10362,.T.);
#10362 = B_SPLINE_CURVE_WITH_KNOTS('',2,(#10363,#10364,#10365),
  .UNSPECIFIED.,.F.,.F.,(3,3),(0.,1.),.PIECEWISE_BEZIER_KNOTS.);
#10363 = CARTESIAN_POINT('',(-14.96429776308,-21.37105657588,0.6));
#10364 = CARTESIAN_POINT('',(-14.96429776308,-21.83662707007,0.6));
#10365 = CARTESIAN_POINT('',(-15.2327388968,-22.11996645961,0.6));
#10366 = ORIENTED_EDGE('',*,*,#10318,.F.);
#10367 = ORIENTED_EDGE('',*,*,#10368,.F.);
#10368 = EDGE_CURVE('',#10352,#10319,#10369,.T.);
#10369 = B_SPLINE_CURVE_WITH_KNOTS('',2,(#10370,#10371,#10372),
  .UNSPECIFIED.,.F.,.F.,(3,3),(0.,1.),.PIECEWISE_BEZIER_KNOTS.);
#10370 = CARTESIAN_POINT('',(-14.96429776308,-21.37105657588,0.));
#10371 = CARTESIAN_POINT('',(-14.96429776308,-21.83662707007,0.));
#10372 = CARTESIAN_POINT('',(-15.2327388968,-22.11996645961,0.));
#10373 = SURFACE_OF_LINEAR_EXTRUSION('',#10374,#10378);
#10374 = B_SPLINE_CURVE_WITH_KNOTS('',2,(#10375,#10376,#10377),
  .UNSPECIFIED.,.F.,.F.,(3,3),(0.,1.),.PIECEWISE_BEZIER_KNOTS.);
#10375 = CARTESIAN_POINT('',(-14.96429776308,-21.37105657588,0.));
#10376 = CARTESIAN_POINT('',(-14.96429776308,-21.83662707007,0.));
#10377 = CARTESIAN_POINT('',(-15.2327388968,-22.11996645961,0.));
#10378 = VECTOR('',#10379,1.);
#10379 = DIRECTION('',(-0.,-0.,-1.));
#10380 = ADVANCED_FACE('',(#10381),#10397,.T.);
#10381 = FACE_BOUND('',#10382,.T.);
#10382 = EDGE_LOOP('',(#10383,#10384,#10390,#10391));
#10383 = ORIENTED_EDGE('',*,*,#10162,.T.);
#10384 = ORIENTED_EDGE('',*,*,#10385,.T.);
#10385 = EDGE_CURVE('',#10155,#10354,#10386,.T.);
#10386 = B_SPLINE_CURVE_WITH_KNOTS('',2,(#10387,#10388,#10389),
  .UNSPECIFIED.,.F.,.F.,(3,3),(0.,1.),.PIECEWISE_BEZIER_KNOTS.);
#10387 = CARTESIAN_POINT('',(-15.23137625145,-20.6187855003,0.6));
#10388 = CARTESIAN_POINT('',(-14.96429776308,-20.90412343635,0.6));
#10389 = CARTESIAN_POINT('',(-14.96429776308,-21.37105657588,0.6));
#10390 = ORIENTED_EDGE('',*,*,#10351,.F.);
#10391 = ORIENTED_EDGE('',*,*,#10392,.F.);
#10392 = EDGE_CURVE('',#10163,#10352,#10393,.T.);
#10393 = B_SPLINE_CURVE_WITH_KNOTS('',2,(#10394,#10395,#10396),
  .UNSPECIFIED.,.F.,.F.,(3,3),(0.,1.),.PIECEWISE_BEZIER_KNOTS.);
#10394 = CARTESIAN_POINT('',(-15.23137625145,-20.6187855003,0.));
#10395 = CARTESIAN_POINT('',(-14.96429776308,-20.90412343635,0.));
#10396 = CARTESIAN_POINT('',(-14.96429776308,-21.37105657588,0.));
#10397 = SURFACE_OF_LINEAR_EXTRUSION('',#10398,#10402);
#10398 = B_SPLINE_CURVE_WITH_KNOTS('',2,(#10399,#10400,#10401),
  .UNSPECIFIED.,.F.,.F.,(3,3),(0.,1.),.PIECEWISE_BEZIER_KNOTS.);
#10399 = CARTESIAN_POINT('',(-15.23137625145,-20.6187855003,0.));
#10400 = CARTESIAN_POINT('',(-14.96429776308,-20.90412343635,0.));
#10401 = CARTESIAN_POINT('',(-14.96429776308,-21.37105657588,0.));
#10402 = VECTOR('',#10403,1.);
#10403 = DIRECTION('',(-0.,-0.,-1.));
#10404 = ADVANCED_FACE('',(#10405),#10439,.T.);
#10405 = FACE_BOUND('',#10406,.T.);
#10406 = EDGE_LOOP('',(#10407,#10417,#10425,#10433));
#10407 = ORIENTED_EDGE('',*,*,#10408,.T.);
#10408 = EDGE_CURVE('',#10409,#10411,#10413,.T.);
#10409 = VERTEX_POINT('',#10410);
#10410 = CARTESIAN_POINT('',(-15.92087479796,-22.17065686658,0.));
#10411 = VERTEX_POINT('',#10412);
#10412 = CARTESIAN_POINT('',(-15.92087479796,-22.17065686658,0.6));
#10413 = LINE('',#10414,#10415);
#10414 = CARTESIAN_POINT('',(-15.92087479796,-22.17065686658,0.));
#10415 = VECTOR('',#10416,1.);
#10416 = DIRECTION('',(0.,0.,1.));
#10417 = ORIENTED_EDGE('',*,*,#10418,.T.);
#10418 = EDGE_CURVE('',#10411,#10419,#10421,.T.);
#10419 = VERTEX_POINT('',#10420);
#10420 = CARTESIAN_POINT('',(-15.42832392587,-21.95926515147,0.6));
#10421 = B_SPLINE_CURVE_WITH_KNOTS('',2,(#10422,#10423,#10424),
  .UNSPECIFIED.,.F.,.F.,(3,3),(0.,1.),.PIECEWISE_BEZIER_KNOTS.);
#10422 = CARTESIAN_POINT('',(-15.92087479796,-22.17065686658,0.6));
#10423 = CARTESIAN_POINT('',(-15.61700488517,-22.17065686658,0.6));
#10424 = CARTESIAN_POINT('',(-15.42832392587,-21.95926515147,0.6));
#10425 = ORIENTED_EDGE('',*,*,#10426,.F.);
#10426 = EDGE_CURVE('',#10427,#10419,#10429,.T.);
#10427 = VERTEX_POINT('',#10428);
#10428 = CARTESIAN_POINT('',(-15.42832392587,-21.95926515147,0.));
#10429 = LINE('',#10430,#10431);
#10430 = CARTESIAN_POINT('',(-15.42832392587,-21.95926515147,0.));
#10431 = VECTOR('',#10432,1.);
#10432 = DIRECTION('',(0.,0.,1.));
#10433 = ORIENTED_EDGE('',*,*,#10434,.F.);
#10434 = EDGE_CURVE('',#10409,#10427,#10435,.T.);
#10435 = B_SPLINE_CURVE_WITH_KNOTS('',2,(#10436,#10437,#10438),
  .UNSPECIFIED.,.F.,.F.,(3,3),(0.,1.),.PIECEWISE_BEZIER_KNOTS.);
#10436 = CARTESIAN_POINT('',(-15.92087479796,-22.17065686658,0.));
#10437 = CARTESIAN_POINT('',(-15.61700488517,-22.17065686658,0.));
#10438 = CARTESIAN_POINT('',(-15.42832392587,-21.95926515147,0.));
#10439 = SURFACE_OF_LINEAR_EXTRUSION('',#10440,#10444);
#10440 = B_SPLINE_CURVE_WITH_KNOTS('',2,(#10441,#10442,#10443),
  .UNSPECIFIED.,.F.,.F.,(3,3),(0.,1.),.PIECEWISE_BEZIER_KNOTS.);
#10441 = CARTESIAN_POINT('',(-15.92087479796,-22.17065686658,0.));
#10442 = CARTESIAN_POINT('',(-15.61700488517,-22.17065686658,0.));
#10443 = CARTESIAN_POINT('',(-15.42832392587,-21.95926515147,0.));
#10444 = VECTOR('',#10445,1.);
#10445 = DIRECTION('',(-0.,-0.,-1.));
#10446 = ADVANCED_FACE('',(#10447),#10472,.T.);
#10447 = FACE_BOUND('',#10448,.T.);
#10448 = EDGE_LOOP('',(#10449,#10459,#10465,#10466));
#10449 = ORIENTED_EDGE('',*,*,#10450,.T.);
#10450 = EDGE_CURVE('',#10451,#10453,#10455,.T.);
#10451 = VERTEX_POINT('',#10452);
#10452 = CARTESIAN_POINT('',(-16.41278976889,-21.95726660495,0.));
#10453 = VERTEX_POINT('',#10454);
#10454 = CARTESIAN_POINT('',(-16.41278976889,-21.95726660495,0.6));
#10455 = LINE('',#10456,#10457);
#10456 = CARTESIAN_POINT('',(-16.41278976889,-21.95726660495,0.));
#10457 = VECTOR('',#10458,1.);
#10458 = DIRECTION('',(0.,0.,1.));
#10459 = ORIENTED_EDGE('',*,*,#10460,.T.);
#10460 = EDGE_CURVE('',#10453,#10411,#10461,.T.);
#10461 = B_SPLINE_CURVE_WITH_KNOTS('',2,(#10462,#10463,#10464),
  .UNSPECIFIED.,.F.,.F.,(3,3),(0.,1.),.PIECEWISE_BEZIER_KNOTS.);
#10462 = CARTESIAN_POINT('',(-16.41278976889,-21.95726660495,0.6));
#10463 = CARTESIAN_POINT('',(-16.2233820654,-22.17065686658,0.6));
#10464 = CARTESIAN_POINT('',(-15.92087479796,-22.17065686658,0.6));
#10465 = ORIENTED_EDGE('',*,*,#10408,.F.);
#10466 = ORIENTED_EDGE('',*,*,#10467,.F.);
#10467 = EDGE_CURVE('',#10451,#10409,#10468,.T.);
#10468 = B_SPLINE_CURVE_WITH_KNOTS('',2,(#10469,#10470,#10471),
  .UNSPECIFIED.,.F.,.F.,(3,3),(0.,1.),.PIECEWISE_BEZIER_KNOTS.);
#10469 = CARTESIAN_POINT('',(-16.41278976889,-21.95726660495,0.));
#10470 = CARTESIAN_POINT('',(-16.2233820654,-22.17065686658,0.));
#10471 = CARTESIAN_POINT('',(-15.92087479796,-22.17065686658,0.));
#10472 = SURFACE_OF_LINEAR_EXTRUSION('',#10473,#10477);
#10473 = B_SPLINE_CURVE_WITH_KNOTS('',2,(#10474,#10475,#10476),
  .UNSPECIFIED.,.F.,.F.,(3,3),(0.,1.),.PIECEWISE_BEZIER_KNOTS.);
#10474 = CARTESIAN_POINT('',(-16.41278976889,-21.95726660495,0.));
#10475 = CARTESIAN_POINT('',(-16.2233820654,-22.17065686658,0.));
#10476 = CARTESIAN_POINT('',(-15.92087479796,-22.17065686658,0.));
#10477 = VECTOR('',#10478,1.);
#10478 = DIRECTION('',(-0.,-0.,-1.));
#10479 = ADVANCED_FACE('',(#10480),#10505,.T.);
#10480 = FACE_BOUND('',#10481,.T.);
#10481 = EDGE_LOOP('',(#10482,#10492,#10498,#10499));
#10482 = ORIENTED_EDGE('',*,*,#10483,.T.);
#10483 = EDGE_CURVE('',#10484,#10486,#10488,.T.);
#10484 = VERTEX_POINT('',#10485);
#10485 = CARTESIAN_POINT('',(-16.60219747238,-21.39812779681,0.));
#10486 = VERTEX_POINT('',#10487);
#10487 = CARTESIAN_POINT('',(-16.60219747238,-21.39812779681,0.6));
#10488 = LINE('',#10489,#10490);
#10489 = CARTESIAN_POINT('',(-16.60219747238,-21.39812779681,0.));
#10490 = VECTOR('',#10491,1.);
#10491 = DIRECTION('',(0.,0.,1.));
#10492 = ORIENTED_EDGE('',*,*,#10493,.T.);
#10493 = EDGE_CURVE('',#10486,#10453,#10494,.T.);
#10494 = B_SPLINE_CURVE_WITH_KNOTS('',2,(#10495,#10496,#10497),
  .UNSPECIFIED.,.F.,.F.,(3,3),(0.,1.),.PIECEWISE_BEZIER_KNOTS.);
#10495 = CARTESIAN_POINT('',(-16.60219747238,-21.39812779681,0.6));
#10496 = CARTESIAN_POINT('',(-16.60219747238,-21.7437855003,0.6));
#10497 = CARTESIAN_POINT('',(-16.41278976889,-21.95726660495,0.6));
#10498 = ORIENTED_EDGE('',*,*,#10450,.F.);
#10499 = ORIENTED_EDGE('',*,*,#10500,.F.);
#10500 = EDGE_CURVE('',#10484,#10451,#10501,.T.);
#10501 = B_SPLINE_CURVE_WITH_KNOTS('',2,(#10502,#10503,#10504),
  .UNSPECIFIED.,.F.,.F.,(3,3),(0.,1.),.PIECEWISE_BEZIER_KNOTS.);
#10502 = CARTESIAN_POINT('',(-16.60219747238,-21.39812779681,0.));
#10503 = CARTESIAN_POINT('',(-16.60219747238,-21.7437855003,0.));
#10504 = CARTESIAN_POINT('',(-16.41278976889,-21.95726660495,0.));
#10505 = SURFACE_OF_LINEAR_EXTRUSION('',#10506,#10510);
#10506 = B_SPLINE_CURVE_WITH_KNOTS('',2,(#10507,#10508,#10509),
  .UNSPECIFIED.,.F.,.F.,(3,3),(0.,1.),.PIECEWISE_BEZIER_KNOTS.);
#10507 = CARTESIAN_POINT('',(-16.60219747238,-21.39812779681,0.));
#10508 = CARTESIAN_POINT('',(-16.60219747238,-21.7437855003,0.));
#10509 = CARTESIAN_POINT('',(-16.41278976889,-21.95726660495,0.));
#10510 = VECTOR('',#10511,1.);
#10511 = DIRECTION('',(-0.,-0.,-1.));
#10512 = ADVANCED_FACE('',(#10513),#10538,.T.);
#10513 = FACE_BOUND('',#10514,.T.);
#10514 = EDGE_LOOP('',(#10515,#10525,#10531,#10532));
#10515 = ORIENTED_EDGE('',*,*,#10516,.T.);
#10516 = EDGE_CURVE('',#10517,#10519,#10521,.T.);
#10517 = VERTEX_POINT('',#10518);
#10518 = CARTESIAN_POINT('',(-16.40870183284,-20.77067503519,0.));
#10519 = VERTEX_POINT('',#10520);
#10520 = CARTESIAN_POINT('',(-16.40870183284,-20.77067503519,0.6));
#10521 = LINE('',#10522,#10523);
#10522 = CARTESIAN_POINT('',(-16.40870183284,-20.77067503519,0.));
#10523 = VECTOR('',#10524,1.);
#10524 = DIRECTION('',(0.,0.,1.));
#10525 = ORIENTED_EDGE('',*,*,#10526,.T.);
#10526 = EDGE_CURVE('',#10519,#10486,#10527,.T.);
#10527 = B_SPLINE_CURVE_WITH_KNOTS('',2,(#10528,#10529,#10530),
  .UNSPECIFIED.,.F.,.F.,(3,3),(0.,1.),.PIECEWISE_BEZIER_KNOTS.);
#10528 = CARTESIAN_POINT('',(-16.40870183284,-20.77067503519,0.6));
#10529 = CARTESIAN_POINT('',(-16.60219747238,-20.97534436658,0.6));
#10530 = CARTESIAN_POINT('',(-16.60219747238,-21.39812779681,0.6));
#10531 = ORIENTED_EDGE('',*,*,#10483,.F.);
#10532 = ORIENTED_EDGE('',*,*,#10533,.F.);
#10533 = EDGE_CURVE('',#10517,#10484,#10534,.T.);
#10534 = B_SPLINE_CURVE_WITH_KNOTS('',2,(#10535,#10536,#10537),
  .UNSPECIFIED.,.F.,.F.,(3,3),(0.,1.),.PIECEWISE_BEZIER_KNOTS.);
#10535 = CARTESIAN_POINT('',(-16.40870183284,-20.77067503519,0.));
#10536 = CARTESIAN_POINT('',(-16.60219747238,-20.97534436658,0.));
#10537 = CARTESIAN_POINT('',(-16.60219747238,-21.39812779681,0.));
#10538 = SURFACE_OF_LINEAR_EXTRUSION('',#10539,#10543);
#10539 = B_SPLINE_CURVE_WITH_KNOTS('',2,(#10540,#10541,#10542),
  .UNSPECIFIED.,.F.,.F.,(3,3),(0.,1.),.PIECEWISE_BEZIER_KNOTS.);
#10540 = CARTESIAN_POINT('',(-16.40870183284,-20.77067503519,0.));
#10541 = CARTESIAN_POINT('',(-16.60219747238,-20.97534436658,0.));
#10542 = CARTESIAN_POINT('',(-16.60219747238,-21.39812779681,0.));
#10543 = VECTOR('',#10544,1.);
#10544 = DIRECTION('',(-0.,-0.,-1.));
#10545 = ADVANCED_FACE('',(#10546),#10571,.T.);
#10546 = FACE_BOUND('',#10547,.T.);
#10547 = EDGE_LOOP('',(#10548,#10558,#10564,#10565));
#10548 = ORIENTED_EDGE('',*,*,#10549,.T.);
#10549 = EDGE_CURVE('',#10550,#10552,#10554,.T.);
#10550 = VERTEX_POINT('',#10551);
#10551 = CARTESIAN_POINT('',(-15.91542421656,-20.56600570379,0.));
#10552 = VERTEX_POINT('',#10553);
#10553 = CARTESIAN_POINT('',(-15.91542421656,-20.56600570379,0.6));
#10554 = LINE('',#10555,#10556);
#10555 = CARTESIAN_POINT('',(-15.91542421656,-20.56600570379,0.));
#10556 = VECTOR('',#10557,1.);
#10557 = DIRECTION('',(0.,0.,1.));
#10558 = ORIENTED_EDGE('',*,*,#10559,.T.);
#10559 = EDGE_CURVE('',#10552,#10519,#10560,.T.);
#10560 = B_SPLINE_CURVE_WITH_KNOTS('',2,(#10561,#10562,#10563),
  .UNSPECIFIED.,.F.,.F.,(3,3),(0.,1.),.PIECEWISE_BEZIER_KNOTS.);
#10561 = CARTESIAN_POINT('',(-15.91542421656,-20.56600570379,0.6));
#10562 = CARTESIAN_POINT('',(-16.21520619331,-20.56600570379,0.6));
#10563 = CARTESIAN_POINT('',(-16.40870183284,-20.77067503519,0.6));
#10564 = ORIENTED_EDGE('',*,*,#10516,.F.);
#10565 = ORIENTED_EDGE('',*,*,#10566,.F.);
#10566 = EDGE_CURVE('',#10550,#10517,#10567,.T.);
#10567 = B_SPLINE_CURVE_WITH_KNOTS('',2,(#10568,#10569,#10570),
  .UNSPECIFIED.,.F.,.F.,(3,3),(0.,1.),.PIECEWISE_BEZIER_KNOTS.);
#10568 = CARTESIAN_POINT('',(-15.91542421656,-20.56600570379,0.));
#10569 = CARTESIAN_POINT('',(-16.21520619331,-20.56600570379,0.));
#10570 = CARTESIAN_POINT('',(-16.40870183284,-20.77067503519,0.));
#10571 = SURFACE_OF_LINEAR_EXTRUSION('',#10572,#10576);
#10572 = B_SPLINE_CURVE_WITH_KNOTS('',2,(#10573,#10574,#10575),
  .UNSPECIFIED.,.F.,.F.,(3,3),(0.,1.),.PIECEWISE_BEZIER_KNOTS.);
#10573 = CARTESIAN_POINT('',(-15.91542421656,-20.56600570379,0.));
#10574 = CARTESIAN_POINT('',(-16.21520619331,-20.56600570379,0.));
#10575 = CARTESIAN_POINT('',(-16.40870183284,-20.77067503519,0.));
#10576 = VECTOR('',#10577,1.);
#10577 = DIRECTION('',(-0.,-0.,-1.));
#10578 = ADVANCED_FACE('',(#10579),#10604,.T.);
#10579 = FACE_BOUND('',#10580,.T.);
#10580 = EDGE_LOOP('',(#10581,#10591,#10597,#10598));
#10581 = ORIENTED_EDGE('',*,*,#10582,.T.);
#10582 = EDGE_CURVE('',#10583,#10585,#10587,.T.);
#10583 = VERTEX_POINT('',#10584);
#10584 = CARTESIAN_POINT('',(-15.43104921656,-20.77476297123,0.));
#10585 = VERTEX_POINT('',#10586);
#10586 = CARTESIAN_POINT('',(-15.43104921656,-20.77476297123,0.6));
#10587 = LINE('',#10588,#10589);
#10588 = CARTESIAN_POINT('',(-15.43104921656,-20.77476297123,0.));
#10589 = VECTOR('',#10590,1.);
#10590 = DIRECTION('',(0.,0.,1.));
#10591 = ORIENTED_EDGE('',*,*,#10592,.T.);
#10592 = EDGE_CURVE('',#10585,#10552,#10593,.T.);
#10593 = B_SPLINE_CURVE_WITH_KNOTS('',2,(#10594,#10595,#10596),
  .UNSPECIFIED.,.F.,.F.,(3,3),(0.,1.),.PIECEWISE_BEZIER_KNOTS.);
#10594 = CARTESIAN_POINT('',(-15.43104921656,-20.77476297123,0.6));
#10595 = CARTESIAN_POINT('',(-15.62381811191,-20.56600570379,0.6));
#10596 = CARTESIAN_POINT('',(-15.91542421656,-20.56600570379,0.6));
#10597 = ORIENTED_EDGE('',*,*,#10549,.F.);
#10598 = ORIENTED_EDGE('',*,*,#10599,.F.);
#10599 = EDGE_CURVE('',#10583,#10550,#10600,.T.);
#10600 = B_SPLINE_CURVE_WITH_KNOTS('',2,(#10601,#10602,#10603),
  .UNSPECIFIED.,.F.,.F.,(3,3),(0.,1.),.PIECEWISE_BEZIER_KNOTS.);
#10601 = CARTESIAN_POINT('',(-15.43104921656,-20.77476297123,0.));
#10602 = CARTESIAN_POINT('',(-15.62381811191,-20.56600570379,0.));
#10603 = CARTESIAN_POINT('',(-15.91542421656,-20.56600570379,0.));
#10604 = SURFACE_OF_LINEAR_EXTRUSION('',#10605,#10609);
#10605 = B_SPLINE_CURVE_WITH_KNOTS('',2,(#10606,#10607,#10608),
  .UNSPECIFIED.,.F.,.F.,(3,3),(0.,1.),.PIECEWISE_BEZIER_KNOTS.);
#10606 = CARTESIAN_POINT('',(-15.43104921656,-20.77476297123,0.));
#10607 = CARTESIAN_POINT('',(-15.62381811191,-20.56600570379,0.));
#10608 = CARTESIAN_POINT('',(-15.91542421656,-20.56600570379,0.));
#10609 = VECTOR('',#10610,1.);
#10610 = DIRECTION('',(-0.,-0.,-1.));
#10611 = ADVANCED_FACE('',(#10612),#10637,.T.);
#10612 = FACE_BOUND('',#10613,.T.);
#10613 = EDGE_LOOP('',(#10614,#10624,#10630,#10631));
#10614 = ORIENTED_EDGE('',*,*,#10615,.T.);
#10615 = EDGE_CURVE('',#10616,#10618,#10620,.T.);
#10616 = VERTEX_POINT('',#10617);
#10617 = CARTESIAN_POINT('',(-15.23818947819,-21.37105657588,0.));
#10618 = VERTEX_POINT('',#10619);
#10619 = CARTESIAN_POINT('',(-15.23818947819,-21.37105657588,0.6));
#10620 = LINE('',#10621,#10622);
#10621 = CARTESIAN_POINT('',(-15.23818947819,-21.37105657588,0.));
#10622 = VECTOR('',#10623,1.);
#10623 = DIRECTION('',(0.,0.,1.));
#10624 = ORIENTED_EDGE('',*,*,#10625,.T.);
#10625 = EDGE_CURVE('',#10618,#10585,#10626,.T.);
#10626 = B_SPLINE_CURVE_WITH_KNOTS('',2,(#10627,#10628,#10629),
  .UNSPECIFIED.,.F.,.F.,(3,3),(0.,1.),.PIECEWISE_BEZIER_KNOTS.);
#10627 = CARTESIAN_POINT('',(-15.23818947819,-21.37105657588,0.6));
#10628 = CARTESIAN_POINT('',(-15.23818947819,-20.98342939565,0.6));
#10629 = CARTESIAN_POINT('',(-15.43104921656,-20.77476297123,0.6));
#10630 = ORIENTED_EDGE('',*,*,#10582,.F.);
#10631 = ORIENTED_EDGE('',*,*,#10632,.F.);
#10632 = EDGE_CURVE('',#10616,#10583,#10633,.T.);
#10633 = B_SPLINE_CURVE_WITH_KNOTS('',2,(#10634,#10635,#10636),
  .UNSPECIFIED.,.F.,.F.,(3,3),(0.,1.),.PIECEWISE_BEZIER_KNOTS.);
#10634 = CARTESIAN_POINT('',(-15.23818947819,-21.37105657588,0.));
#10635 = CARTESIAN_POINT('',(-15.23818947819,-20.98342939565,0.));
#10636 = CARTESIAN_POINT('',(-15.43104921656,-20.77476297123,0.));
#10637 = SURFACE_OF_LINEAR_EXTRUSION('',#10638,#10642);
#10638 = B_SPLINE_CURVE_WITH_KNOTS('',2,(#10639,#10640,#10641),
  .UNSPECIFIED.,.F.,.F.,(3,3),(0.,1.),.PIECEWISE_BEZIER_KNOTS.);
#10639 = CARTESIAN_POINT('',(-15.23818947819,-21.37105657588,0.));
#10640 = CARTESIAN_POINT('',(-15.23818947819,-20.98342939565,0.));
#10641 = CARTESIAN_POINT('',(-15.43104921656,-20.77476297123,0.));
#10642 = VECTOR('',#10643,1.);
#10643 = DIRECTION('',(-0.,-0.,-1.));
#10644 = ADVANCED_FACE('',(#10645),#10661,.T.);
#10645 = FACE_BOUND('',#10646,.T.);
#10646 = EDGE_LOOP('',(#10647,#10648,#10654,#10655));
#10647 = ORIENTED_EDGE('',*,*,#10426,.T.);
#10648 = ORIENTED_EDGE('',*,*,#10649,.T.);
#10649 = EDGE_CURVE('',#10419,#10618,#10650,.T.);
#10650 = B_SPLINE_CURVE_WITH_KNOTS('',2,(#10651,#10652,#10653),
  .UNSPECIFIED.,.F.,.F.,(3,3),(0.,1.),.PIECEWISE_BEZIER_KNOTS.);
#10651 = CARTESIAN_POINT('',(-15.42832392587,-21.95926515147,0.6));
#10652 = CARTESIAN_POINT('',(-15.23955212354,-21.74778259333,0.6));
#10653 = CARTESIAN_POINT('',(-15.23818947819,-21.37105657588,0.6));
#10654 = ORIENTED_EDGE('',*,*,#10615,.F.);
#10655 = ORIENTED_EDGE('',*,*,#10656,.F.);
#10656 = EDGE_CURVE('',#10427,#10616,#10657,.T.);
#10657 = B_SPLINE_CURVE_WITH_KNOTS('',2,(#10658,#10659,#10660),
  .UNSPECIFIED.,.F.,.F.,(3,3),(0.,1.),.PIECEWISE_BEZIER_KNOTS.);
#10658 = CARTESIAN_POINT('',(-15.42832392587,-21.95926515147,0.));
#10659 = CARTESIAN_POINT('',(-15.23955212354,-21.74778259333,0.));
#10660 = CARTESIAN_POINT('',(-15.23818947819,-21.37105657588,0.));
#10661 = SURFACE_OF_LINEAR_EXTRUSION('',#10662,#10666);
#10662 = B_SPLINE_CURVE_WITH_KNOTS('',2,(#10663,#10664,#10665),
  .UNSPECIFIED.,.F.,.F.,(3,3),(0.,1.),.PIECEWISE_BEZIER_KNOTS.);
#10663 = CARTESIAN_POINT('',(-15.42832392587,-21.95926515147,0.));
#10664 = CARTESIAN_POINT('',(-15.23955212354,-21.74778259333,0.));
#10665 = CARTESIAN_POINT('',(-15.23818947819,-21.37105657588,0.));
#10666 = VECTOR('',#10667,1.);
#10667 = DIRECTION('',(-0.,-0.,-1.));
#10668 = ADVANCED_FACE('',(#10669,#10679),#10689,.F.);
#10669 = FACE_BOUND('',#10670,.F.);
#10670 = EDGE_LOOP('',(#10671,#10672,#10673,#10674,#10675,#10676,#10677,
    #10678));
#10671 = ORIENTED_EDGE('',*,*,#10170,.F.);
#10672 = ORIENTED_EDGE('',*,*,#10203,.F.);
#10673 = ORIENTED_EDGE('',*,*,#10236,.F.);
#10674 = ORIENTED_EDGE('',*,*,#10269,.F.);
#10675 = ORIENTED_EDGE('',*,*,#10302,.F.);
#10676 = ORIENTED_EDGE('',*,*,#10335,.F.);
#10677 = ORIENTED_EDGE('',*,*,#10368,.F.);
#10678 = ORIENTED_EDGE('',*,*,#10392,.F.);
#10679 = FACE_BOUND('',#10680,.F.);
#10680 = EDGE_LOOP('',(#10681,#10682,#10683,#10684,#10685,#10686,#10687,
    #10688));
#10681 = ORIENTED_EDGE('',*,*,#10434,.F.);
#10682 = ORIENTED_EDGE('',*,*,#10467,.F.);
#10683 = ORIENTED_EDGE('',*,*,#10500,.F.);
#10684 = ORIENTED_EDGE('',*,*,#10533,.F.);
#10685 = ORIENTED_EDGE('',*,*,#10566,.F.);
#10686 = ORIENTED_EDGE('',*,*,#10599,.F.);
#10687 = ORIENTED_EDGE('',*,*,#10632,.F.);
#10688 = ORIENTED_EDGE('',*,*,#10656,.F.);
#10689 = PLANE('',#10690);
#10690 = AXIS2_PLACEMENT_3D('',#10691,#10692,#10693);
#10691 = CARTESIAN_POINT('',(-15.9201444138,-21.36812617449,0.));
#10692 = DIRECTION('',(0.,0.,1.));
#10693 = DIRECTION('',(1.,0.,0.));
#10694 = ADVANCED_FACE('',(#10695,#10705),#10715,.T.);
#10695 = FACE_BOUND('',#10696,.T.);
#10696 = EDGE_LOOP('',(#10697,#10698,#10699,#10700,#10701,#10702,#10703,
    #10704));
#10697 = ORIENTED_EDGE('',*,*,#10154,.F.);
#10698 = ORIENTED_EDGE('',*,*,#10196,.F.);
#10699 = ORIENTED_EDGE('',*,*,#10229,.F.);
#10700 = ORIENTED_EDGE('',*,*,#10262,.F.);
#10701 = ORIENTED_EDGE('',*,*,#10295,.F.);
#10702 = ORIENTED_EDGE('',*,*,#10328,.F.);
#10703 = ORIENTED_EDGE('',*,*,#10361,.F.);
#10704 = ORIENTED_EDGE('',*,*,#10385,.F.);
#10705 = FACE_BOUND('',#10706,.T.);
#10706 = EDGE_LOOP('',(#10707,#10708,#10709,#10710,#10711,#10712,#10713,
    #10714));
#10707 = ORIENTED_EDGE('',*,*,#10418,.F.);
#10708 = ORIENTED_EDGE('',*,*,#10460,.F.);
#10709 = ORIENTED_EDGE('',*,*,#10493,.F.);
#10710 = ORIENTED_EDGE('',*,*,#10526,.F.);
#10711 = ORIENTED_EDGE('',*,*,#10559,.F.);
#10712 = ORIENTED_EDGE('',*,*,#10592,.F.);
#10713 = ORIENTED_EDGE('',*,*,#10625,.F.);
#10714 = ORIENTED_EDGE('',*,*,#10649,.F.);
#10715 = PLANE('',#10716);
#10716 = AXIS2_PLACEMENT_3D('',#10717,#10718,#10719);
#10717 = CARTESIAN_POINT('',(-15.9201444138,-21.36812617449,0.6));
#10718 = DIRECTION('',(0.,0.,1.));
#10719 = DIRECTION('',(1.,0.,0.));
#10720 = MANIFOLD_SOLID_BREP('',#10721);
#10721 = CLOSED_SHELL('',(#10722,#10764,#10795,#10828,#10861,#10894,
    #10927,#10960,#10993,#11026,#11059,#11090,#11123,#11156,#11189,
    #11222,#11255,#11288,#11312,#11338));
#10722 = ADVANCED_FACE('',(#10723),#10757,.T.);
#10723 = FACE_BOUND('',#10724,.T.);
#10724 = EDGE_LOOP('',(#10725,#10735,#10743,#10751));
#10725 = ORIENTED_EDGE('',*,*,#10726,.T.);
#10726 = EDGE_CURVE('',#10727,#10729,#10731,.T.);
#10727 = VERTEX_POINT('',#10728);
#10728 = CARTESIAN_POINT('',(-12.9319576468,-21.73724480263,0.));
#10729 = VERTEX_POINT('',#10730);
#10730 = CARTESIAN_POINT('',(-12.9319576468,-21.73724480263,0.6));
#10731 = LINE('',#10732,#10733);
#10732 = CARTESIAN_POINT('',(-12.9319576468,-21.73724480263,0.));
#10733 = VECTOR('',#10734,1.);
#10734 = DIRECTION('',(0.,0.,1.));
#10735 = ORIENTED_EDGE('',*,*,#10736,.T.);
#10736 = EDGE_CURVE('',#10729,#10737,#10739,.T.);
#10737 = VERTEX_POINT('',#10738);
#10738 = CARTESIAN_POINT('',(-13.23655430377,-22.23806238984,0.6));
#10739 = B_SPLINE_CURVE_WITH_KNOTS('',2,(#10740,#10741,#10742),
  .UNSPECIFIED.,.F.,.F.,(3,3),(0.,1.),.PIECEWISE_BEZIER_KNOTS.);
#10740 = CARTESIAN_POINT('',(-12.9319576468,-21.73724480263,0.6));
#10741 = CARTESIAN_POINT('',(-13.01916694912,-22.07290977356,0.6));
#10742 = CARTESIAN_POINT('',(-13.23655430377,-22.23806238984,0.6));
#10743 = ORIENTED_EDGE('',*,*,#10744,.F.);
#10744 = EDGE_CURVE('',#10745,#10737,#10747,.T.);
#10745 = VERTEX_POINT('',#10746);
#10746 = CARTESIAN_POINT('',(-13.23655430377,-22.23806238984,0.));
#10747 = LINE('',#10748,#10749);
#10748 = CARTESIAN_POINT('',(-13.23655430377,-22.23806238984,0.));
#10749 = VECTOR('',#10750,1.);
#10750 = DIRECTION('',(0.,0.,1.));
#10751 = ORIENTED_EDGE('',*,*,#10752,.F.);
#10752 = EDGE_CURVE('',#10727,#10745,#10753,.T.);
#10753 = B_SPLINE_CURVE_WITH_KNOTS('',2,(#10754,#10755,#10756),
  .UNSPECIFIED.,.F.,.F.,(3,3),(0.,1.),.PIECEWISE_BEZIER_KNOTS.);
#10754 = CARTESIAN_POINT('',(-12.9319576468,-21.73724480263,0.));
#10755 = CARTESIAN_POINT('',(-13.01916694912,-22.07290977356,0.));
#10756 = CARTESIAN_POINT('',(-13.23655430377,-22.23806238984,0.));
#10757 = SURFACE_OF_LINEAR_EXTRUSION('',#10758,#10762);
#10758 = B_SPLINE_CURVE_WITH_KNOTS('',2,(#10759,#10760,#10761),
  .UNSPECIFIED.,.F.,.F.,(3,3),(0.,1.),.PIECEWISE_BEZIER_KNOTS.);
#10759 = CARTESIAN_POINT('',(-12.9319576468,-21.73724480263,0.));
#10760 = CARTESIAN_POINT('',(-13.01916694912,-22.07290977356,0.));
#10761 = CARTESIAN_POINT('',(-13.23655430377,-22.23806238984,0.));
#10762 = VECTOR('',#10763,1.);
#10763 = DIRECTION('',(-0.,-0.,-1.));
#10764 = ADVANCED_FACE('',(#10765),#10790,.T.);
#10765 = FACE_BOUND('',#10766,.T.);
#10766 = EDGE_LOOP('',(#10767,#10777,#10783,#10784));
#10767 = ORIENTED_EDGE('',*,*,#10768,.T.);
#10768 = EDGE_CURVE('',#10769,#10771,#10773,.T.);
#10769 = VERTEX_POINT('',#10770);
#10770 = CARTESIAN_POINT('',(-13.19494819912,-21.67065686658,0.));
#10771 = VERTEX_POINT('',#10772);
#10772 = CARTESIAN_POINT('',(-13.19494819912,-21.67065686658,0.6));
#10773 = LINE('',#10774,#10775);
#10774 = CARTESIAN_POINT('',(-13.19494819912,-21.67065686658,0.));
#10775 = VECTOR('',#10776,1.);
#10776 = DIRECTION('',(0.,0.,1.));
#10777 = ORIENTED_EDGE('',*,*,#10778,.T.);
#10778 = EDGE_CURVE('',#10771,#10729,#10779,.T.);
#10779 = LINE('',#10780,#10781);
#10780 = CARTESIAN_POINT('',(-13.19494819912,-21.67065686658,0.6));
#10781 = VECTOR('',#10782,1.);
#10782 = DIRECTION('',(0.96940931497,-0.245449750561,0.));
#10783 = ORIENTED_EDGE('',*,*,#10726,.F.);
#10784 = ORIENTED_EDGE('',*,*,#10785,.F.);
#10785 = EDGE_CURVE('',#10769,#10727,#10786,.T.);
#10786 = LINE('',#10787,#10788);
#10787 = CARTESIAN_POINT('',(-13.19494819912,-21.67065686658,0.));
#10788 = VECTOR('',#10789,1.);
#10789 = DIRECTION('',(0.96940931497,-0.245449750561,0.));
#10790 = PLANE('',#10791);
#10791 = AXIS2_PLACEMENT_3D('',#10792,#10793,#10794);
#10792 = CARTESIAN_POINT('',(-13.19494819912,-21.67065686658,0.));
#10793 = DIRECTION('',(0.245449750561,0.96940931497,0.));
#10794 = DIRECTION('',(0.96940931497,-0.245449750561,0.));
#10795 = ADVANCED_FACE('',(#10796),#10821,.T.);
#10796 = FACE_BOUND('',#10797,.T.);
#10797 = EDGE_LOOP('',(#10798,#10808,#10814,#10815));
#10798 = ORIENTED_EDGE('',*,*,#10799,.T.);
#10799 = EDGE_CURVE('',#10800,#10802,#10804,.T.);
#10800 = VERTEX_POINT('',#10801);
#10801 = CARTESIAN_POINT('',(-13.40007174563,-22.04602023867,0.));
#10802 = VERTEX_POINT('',#10803);
#10803 = CARTESIAN_POINT('',(-13.40007174563,-22.04602023867,0.6));
#10804 = LINE('',#10805,#10806);
#10805 = CARTESIAN_POINT('',(-13.40007174563,-22.04602023867,0.));
#10806 = VECTOR('',#10807,1.);
#10807 = DIRECTION('',(0.,0.,1.));
#10808 = ORIENTED_EDGE('',*,*,#10809,.T.);
#10809 = EDGE_CURVE('',#10802,#10771,#10810,.T.);
#10810 = B_SPLINE_CURVE_WITH_KNOTS('',2,(#10811,#10812,#10813),
  .UNSPECIFIED.,.F.,.F.,(3,3),(0.,1.),.PIECEWISE_BEZIER_KNOTS.);
#10811 = CARTESIAN_POINT('',(-13.40007174563,-22.04602023867,0.6));
#10812 = CARTESIAN_POINT('',(-13.25354194912,-21.92129276774,0.6));
#10813 = CARTESIAN_POINT('',(-13.19494819912,-21.67065686658,0.6));
#10814 = ORIENTED_EDGE('',*,*,#10768,.F.);
#10815 = ORIENTED_EDGE('',*,*,#10816,.F.);
#10816 = EDGE_CURVE('',#10800,#10769,#10817,.T.);
#10817 = B_SPLINE_CURVE_WITH_KNOTS('',2,(#10818,#10819,#10820),
  .UNSPECIFIED.,.F.,.F.,(3,3),(0.,1.),.PIECEWISE_BEZIER_KNOTS.);
#10818 = CARTESIAN_POINT('',(-13.40007174563,-22.04602023867,0.));
#10819 = CARTESIAN_POINT('',(-13.25354194912,-21.92129276774,0.));
#10820 = CARTESIAN_POINT('',(-13.19494819912,-21.67065686658,0.));
#10821 = SURFACE_OF_LINEAR_EXTRUSION('',#10822,#10826);
#10822 = B_SPLINE_CURVE_WITH_KNOTS('',2,(#10823,#10824,#10825),
  .UNSPECIFIED.,.F.,.F.,(3,3),(0.,1.),.PIECEWISE_BEZIER_KNOTS.);
#10823 = CARTESIAN_POINT('',(-13.40007174563,-22.04602023867,0.));
#10824 = CARTESIAN_POINT('',(-13.25354194912,-21.92129276774,0.));
#10825 = CARTESIAN_POINT('',(-13.19494819912,-21.67065686658,0.));
#10826 = VECTOR('',#10827,1.);
#10827 = DIRECTION('',(-0.,-0.,-1.));
#10828 = ADVANCED_FACE('',(#10829),#10854,.T.);
#10829 = FACE_BOUND('',#10830,.T.);
#10830 = EDGE_LOOP('',(#10831,#10841,#10847,#10848));
#10831 = ORIENTED_EDGE('',*,*,#10832,.T.);
#10832 = EDGE_CURVE('',#10833,#10835,#10837,.T.);
#10833 = VERTEX_POINT('',#10834);
#10834 = CARTESIAN_POINT('',(-13.78088569912,-22.17065686658,0.));
#10835 = VERTEX_POINT('',#10836);
#10836 = CARTESIAN_POINT('',(-13.78088569912,-22.17065686658,0.6));
#10837 = LINE('',#10838,#10839);
#10838 = CARTESIAN_POINT('',(-13.78088569912,-22.17065686658,0.));
#10839 = VECTOR('',#10840,1.);
#10840 = DIRECTION('',(0.,0.,1.));
#10841 = ORIENTED_EDGE('',*,*,#10842,.T.);
#10842 = EDGE_CURVE('',#10835,#10802,#10843,.T.);
#10843 = B_SPLINE_CURVE_WITH_KNOTS('',2,(#10844,#10845,#10846),
  .UNSPECIFIED.,.F.,.F.,(3,3),(0.,1.),.PIECEWISE_BEZIER_KNOTS.);
#10844 = CARTESIAN_POINT('',(-13.78088569912,-22.17065686658,0.6));
#10845 = CARTESIAN_POINT('',(-13.54651069912,-22.17065686658,0.6));
#10846 = CARTESIAN_POINT('',(-13.40007174563,-22.04602023867,0.6));
#10847 = ORIENTED_EDGE('',*,*,#10799,.F.);
#10848 = ORIENTED_EDGE('',*,*,#10849,.F.);
#10849 = EDGE_CURVE('',#10833,#10800,#10850,.T.);
#10850 = B_SPLINE_CURVE_WITH_KNOTS('',2,(#10851,#10852,#10853),
  .UNSPECIFIED.,.F.,.F.,(3,3),(0.,1.),.PIECEWISE_BEZIER_KNOTS.);
#10851 = CARTESIAN_POINT('',(-13.78088569912,-22.17065686658,0.));
#10852 = CARTESIAN_POINT('',(-13.54651069912,-22.17065686658,0.));
#10853 = CARTESIAN_POINT('',(-13.40007174563,-22.04602023867,0.));
#10854 = SURFACE_OF_LINEAR_EXTRUSION('',#10855,#10859);
#10855 = B_SPLINE_CURVE_WITH_KNOTS('',2,(#10856,#10857,#10858),
  .UNSPECIFIED.,.F.,.F.,(3,3),(0.,1.),.PIECEWISE_BEZIER_KNOTS.);
#10856 = CARTESIAN_POINT('',(-13.78088569912,-22.17065686658,0.));
#10857 = CARTESIAN_POINT('',(-13.54651069912,-22.17065686658,0.));
#10858 = CARTESIAN_POINT('',(-13.40007174563,-22.04602023867,0.));
#10859 = VECTOR('',#10860,1.);
#10860 = DIRECTION('',(-0.,-0.,-1.));
#10861 = ADVANCED_FACE('',(#10862),#10887,.T.);
#10862 = FACE_BOUND('',#10863,.T.);
#10863 = EDGE_LOOP('',(#10864,#10874,#10880,#10881));
#10864 = ORIENTED_EDGE('',*,*,#10865,.T.);
#10865 = EDGE_CURVE('',#10866,#10868,#10870,.T.);
#10866 = VERTEX_POINT('',#10867);
#10867 = CARTESIAN_POINT('',(-14.24491186191,-21.96871282588,0.));
#10868 = VERTEX_POINT('',#10869);
#10869 = CARTESIAN_POINT('',(-14.24491186191,-21.96871282588,0.6));
#10870 = LINE('',#10871,#10872);
#10871 = CARTESIAN_POINT('',(-14.24491186191,-21.96871282588,0.));
#10872 = VECTOR('',#10873,1.);
#10873 = DIRECTION('',(0.,0.,1.));
#10874 = ORIENTED_EDGE('',*,*,#10875,.T.);
#10875 = EDGE_CURVE('',#10868,#10835,#10876,.T.);
#10876 = B_SPLINE_CURVE_WITH_KNOTS('',2,(#10877,#10878,#10879),
  .UNSPECIFIED.,.F.,.F.,(3,3),(0.,1.),.PIECEWISE_BEZIER_KNOTS.);
#10877 = CARTESIAN_POINT('',(-14.24491186191,-21.96871282588,0.6));
#10878 = CARTESIAN_POINT('',(-14.06704122238,-22.17065686658,0.6));
#10879 = CARTESIAN_POINT('',(-13.78088569912,-22.17065686658,0.6));
#10880 = ORIENTED_EDGE('',*,*,#10832,.F.);
#10881 = ORIENTED_EDGE('',*,*,#10882,.F.);
#10882 = EDGE_CURVE('',#10866,#10833,#10883,.T.);
#10883 = B_SPLINE_CURVE_WITH_KNOTS('',2,(#10884,#10885,#10886),
  .UNSPECIFIED.,.F.,.F.,(3,3),(0.,1.),.PIECEWISE_BEZIER_KNOTS.);
#10884 = CARTESIAN_POINT('',(-14.24491186191,-21.96871282588,0.));
#10885 = CARTESIAN_POINT('',(-14.06704122238,-22.17065686658,0.));
#10886 = CARTESIAN_POINT('',(-13.78088569912,-22.17065686658,0.));
#10887 = SURFACE_OF_LINEAR_EXTRUSION('',#10888,#10892);
#10888 = B_SPLINE_CURVE_WITH_KNOTS('',2,(#10889,#10890,#10891),
  .UNSPECIFIED.,.F.,.F.,(3,3),(0.,1.),.PIECEWISE_BEZIER_KNOTS.);
#10889 = CARTESIAN_POINT('',(-14.24491186191,-21.96871282588,0.));
#10890 = CARTESIAN_POINT('',(-14.06704122238,-22.17065686658,0.));
#10891 = CARTESIAN_POINT('',(-13.78088569912,-22.17065686658,0.));
#10892 = VECTOR('',#10893,1.);
#10893 = DIRECTION('',(-0.,-0.,-1.));
#10894 = ADVANCED_FACE('',(#10895),#10920,.T.);
#10895 = FACE_BOUND('',#10896,.T.);
#10896 = EDGE_LOOP('',(#10897,#10907,#10913,#10914));
#10897 = ORIENTED_EDGE('',*,*,#10898,.T.);
#10898 = EDGE_CURVE('',#10899,#10901,#10903,.T.);
#10899 = VERTEX_POINT('',#10900);
#10900 = CARTESIAN_POINT('',(-14.42269165843,-21.35207038402,0.));
#10901 = VERTEX_POINT('',#10902);
#10902 = CARTESIAN_POINT('',(-14.42269165843,-21.35207038402,0.6));
#10903 = LINE('',#10904,#10905);
#10904 = CARTESIAN_POINT('',(-14.42269165843,-21.35207038402,0.));
#10905 = VECTOR('',#10906,1.);
#10906 = DIRECTION('',(0.,0.,1.));
#10907 = ORIENTED_EDGE('',*,*,#10908,.T.);
#10908 = EDGE_CURVE('',#10901,#10868,#10909,.T.);
#10909 = B_SPLINE_CURVE_WITH_KNOTS('',2,(#10910,#10911,#10912),
  .UNSPECIFIED.,.F.,.F.,(3,3),(0.,1.),.PIECEWISE_BEZIER_KNOTS.);
#10910 = CARTESIAN_POINT('',(-14.42269165843,-21.35207038402,0.6));
#10911 = CARTESIAN_POINT('',(-14.42269165843,-21.76676878519,0.6));
#10912 = CARTESIAN_POINT('',(-14.24491186191,-21.96871282588,0.6));
#10913 = ORIENTED_EDGE('',*,*,#10865,.F.);
#10914 = ORIENTED_EDGE('',*,*,#10915,.F.);
#10915 = EDGE_CURVE('',#10899,#10866,#10916,.T.);
#10916 = B_SPLINE_CURVE_WITH_KNOTS('',2,(#10917,#10918,#10919),
  .UNSPECIFIED.,.F.,.F.,(3,3),(0.,1.),.PIECEWISE_BEZIER_KNOTS.);
#10917 = CARTESIAN_POINT('',(-14.42269165843,-21.35207038402,0.));
#10918 = CARTESIAN_POINT('',(-14.42269165843,-21.76676878519,0.));
#10919 = CARTESIAN_POINT('',(-14.24491186191,-21.96871282588,0.));
#10920 = SURFACE_OF_LINEAR_EXTRUSION('',#10921,#10925);
#10921 = B_SPLINE_CURVE_WITH_KNOTS('',2,(#10922,#10923,#10924),
  .UNSPECIFIED.,.F.,.F.,(3,3),(0.,1.),.PIECEWISE_BEZIER_KNOTS.);
#10922 = CARTESIAN_POINT('',(-14.42269165843,-21.35207038402,0.));
#10923 = CARTESIAN_POINT('',(-14.42269165843,-21.76676878519,0.));
#10924 = CARTESIAN_POINT('',(-14.24491186191,-21.96871282588,0.));
#10925 = VECTOR('',#10926,1.);
#10926 = DIRECTION('',(-0.,-0.,-1.));
#10927 = ADVANCED_FACE('',(#10928),#10953,.T.);
#10928 = FACE_BOUND('',#10929,.T.);
#10929 = EDGE_LOOP('',(#10930,#10940,#10946,#10947));
#10930 = ORIENTED_EDGE('',*,*,#10931,.T.);
#10931 = EDGE_CURVE('',#10932,#10934,#10936,.T.);
#10932 = VERTEX_POINT('',#10933);
#10933 = CARTESIAN_POINT('',(-14.25372363517,-20.77948680844,0.));
#10934 = VERTEX_POINT('',#10935);
#10935 = CARTESIAN_POINT('',(-14.25372363517,-20.77948680844,0.6));
#10936 = LINE('',#10937,#10938);
#10937 = CARTESIAN_POINT('',(-14.25372363517,-20.77948680844,0.));
#10938 = VECTOR('',#10939,1.);
#10939 = DIRECTION('',(0.,0.,1.));
#10940 = ORIENTED_EDGE('',*,*,#10941,.T.);
#10941 = EDGE_CURVE('',#10934,#10901,#10942,.T.);
#10942 = B_SPLINE_CURVE_WITH_KNOTS('',2,(#10943,#10944,#10945),
  .UNSPECIFIED.,.F.,.F.,(3,3),(0.,1.),.PIECEWISE_BEZIER_KNOTS.);
#10943 = CARTESIAN_POINT('',(-14.25372363517,-20.77948680844,0.6));
#10944 = CARTESIAN_POINT('',(-14.42269165843,-20.99287707007,0.6));
#10945 = CARTESIAN_POINT('',(-14.42269165843,-21.35207038402,0.6));
#10946 = ORIENTED_EDGE('',*,*,#10898,.F.);
#10947 = ORIENTED_EDGE('',*,*,#10948,.F.);
#10948 = EDGE_CURVE('',#10932,#10899,#10949,.T.);
#10949 = B_SPLINE_CURVE_WITH_KNOTS('',2,(#10950,#10951,#10952),
  .UNSPECIFIED.,.F.,.F.,(3,3),(0.,1.),.PIECEWISE_BEZIER_KNOTS.);
#10950 = CARTESIAN_POINT('',(-14.25372363517,-20.77948680844,0.));
#10951 = CARTESIAN_POINT('',(-14.42269165843,-20.99287707007,0.));
#10952 = CARTESIAN_POINT('',(-14.42269165843,-21.35207038402,0.));
#10953 = SURFACE_OF_LINEAR_EXTRUSION('',#10954,#10958);
#10954 = B_SPLINE_CURVE_WITH_KNOTS('',2,(#10955,#10956,#10957),
  .UNSPECIFIED.,.F.,.F.,(3,3),(0.,1.),.PIECEWISE_BEZIER_KNOTS.);
#10955 = CARTESIAN_POINT('',(-14.25372363517,-20.77948680844,0.));
#10956 = CARTESIAN_POINT('',(-14.42269165843,-20.99287707007,0.));
#10957 = CARTESIAN_POINT('',(-14.42269165843,-21.35207038402,0.));
#10958 = VECTOR('',#10959,1.);
#10959 = DIRECTION('',(-0.,-0.,-1.));
#10960 = ADVANCED_FACE('',(#10961),#10986,.T.);
#10961 = FACE_BOUND('',#10962,.T.);
#10962 = EDGE_LOOP('',(#10963,#10973,#10979,#10980));
#10963 = ORIENTED_EDGE('',*,*,#10964,.T.);
#10964 = EDGE_CURVE('',#10965,#10967,#10969,.T.);
#10965 = VERTEX_POINT('',#10966);
#10966 = CARTESIAN_POINT('',(-13.75772072819,-20.56600570379,0.));
#10967 = VERTEX_POINT('',#10968);
#10968 = CARTESIAN_POINT('',(-13.75772072819,-20.56600570379,0.6));
#10969 = LINE('',#10970,#10971);
#10970 = CARTESIAN_POINT('',(-13.75772072819,-20.56600570379,0.));
#10971 = VECTOR('',#10972,1.);
#10972 = DIRECTION('',(0.,0.,1.));
#10973 = ORIENTED_EDGE('',*,*,#10974,.T.);
#10974 = EDGE_CURVE('',#10967,#10934,#10975,.T.);
#10975 = B_SPLINE_CURVE_WITH_KNOTS('',2,(#10976,#10977,#10978),
  .UNSPECIFIED.,.F.,.F.,(3,3),(0.,1.),.PIECEWISE_BEZIER_KNOTS.);
#10976 = CARTESIAN_POINT('',(-13.75772072819,-20.56600570379,0.6));
#10977 = CARTESIAN_POINT('',(-14.08475561191,-20.56600570379,0.6));
#10978 = CARTESIAN_POINT('',(-14.25372363517,-20.77948680844,0.6));
#10979 = ORIENTED_EDGE('',*,*,#10931,.F.);
#10980 = ORIENTED_EDGE('',*,*,#10981,.F.);
#10981 = EDGE_CURVE('',#10965,#10932,#10982,.T.);
#10982 = B_SPLINE_CURVE_WITH_KNOTS('',2,(#10983,#10984,#10985),
  .UNSPECIFIED.,.F.,.F.,(3,3),(0.,1.),.PIECEWISE_BEZIER_KNOTS.);
#10983 = CARTESIAN_POINT('',(-13.75772072819,-20.56600570379,0.));
#10984 = CARTESIAN_POINT('',(-14.08475561191,-20.56600570379,0.));
#10985 = CARTESIAN_POINT('',(-14.25372363517,-20.77948680844,0.));
#10986 = SURFACE_OF_LINEAR_EXTRUSION('',#10987,#10991);
#10987 = B_SPLINE_CURVE_WITH_KNOTS('',2,(#10988,#10989,#10990),
  .UNSPECIFIED.,.F.,.F.,(3,3),(0.,1.),.PIECEWISE_BEZIER_KNOTS.);
#10988 = CARTESIAN_POINT('',(-13.75772072819,-20.56600570379,0.));
#10989 = CARTESIAN_POINT('',(-14.08475561191,-20.56600570379,0.));
#10990 = CARTESIAN_POINT('',(-14.25372363517,-20.77948680844,0.));
#10991 = VECTOR('',#10992,1.);
#10992 = DIRECTION('',(-0.,-0.,-1.));
#10993 = ADVANCED_FACE('',(#10994),#11019,.T.);
#10994 = FACE_BOUND('',#10995,.T.);
#10995 = EDGE_LOOP('',(#10996,#11006,#11012,#11013));
#10996 = ORIENTED_EDGE('',*,*,#10997,.T.);
#10997 = EDGE_CURVE('',#10998,#11000,#11002,.T.);
#10998 = VERTEX_POINT('',#10999);
#10999 = CARTESIAN_POINT('',(-13.42387261773,-20.6695667503,0.));
#11000 = VERTEX_POINT('',#11001);
#11001 = CARTESIAN_POINT('',(-13.42387261773,-20.6695667503,0.6));
#11002 = LINE('',#11003,#11004);
#11003 = CARTESIAN_POINT('',(-13.42387261773,-20.6695667503,0.));
#11004 = VECTOR('',#11005,1.);
#11005 = DIRECTION('',(0.,0.,1.));
#11006 = ORIENTED_EDGE('',*,*,#11007,.T.);
#11007 = EDGE_CURVE('',#11000,#10967,#11008,.T.);
#11008 = B_SPLINE_CURVE_WITH_KNOTS('',2,(#11009,#11010,#11011),
  .UNSPECIFIED.,.F.,.F.,(3,3),(0.,1.),.PIECEWISE_BEZIER_KNOTS.);
#11009 = CARTESIAN_POINT('',(-13.42387261773,-20.6695667503,0.6));
#11010 = CARTESIAN_POINT('',(-13.55741186191,-20.56600570379,0.6));
#11011 = CARTESIAN_POINT('',(-13.75772072819,-20.56600570379,0.6));
#11012 = ORIENTED_EDGE('',*,*,#10964,.F.);
#11013 = ORIENTED_EDGE('',*,*,#11014,.F.);
#11014 = EDGE_CURVE('',#10998,#10965,#11015,.T.);
#11015 = B_SPLINE_CURVE_WITH_KNOTS('',2,(#11016,#11017,#11018),
  .UNSPECIFIED.,.F.,.F.,(3,3),(0.,1.),.PIECEWISE_BEZIER_KNOTS.);
#11016 = CARTESIAN_POINT('',(-13.42387261773,-20.6695667503,0.));
#11017 = CARTESIAN_POINT('',(-13.55741186191,-20.56600570379,0.));
#11018 = CARTESIAN_POINT('',(-13.75772072819,-20.56600570379,0.));
#11019 = SURFACE_OF_LINEAR_EXTRUSION('',#11020,#11024);
#11020 = B_SPLINE_CURVE_WITH_KNOTS('',2,(#11021,#11022,#11023),
  .UNSPECIFIED.,.F.,.F.,(3,3),(0.,1.),.PIECEWISE_BEZIER_KNOTS.);
#11021 = CARTESIAN_POINT('',(-13.42387261773,-20.6695667503,0.));
#11022 = CARTESIAN_POINT('',(-13.55741186191,-20.56600570379,0.));
#11023 = CARTESIAN_POINT('',(-13.75772072819,-20.56600570379,0.));
#11024 = VECTOR('',#11025,1.);
#11025 = DIRECTION('',(-0.,-0.,-1.));
#11026 = ADVANCED_FACE('',(#11027),#11052,.T.);
#11027 = FACE_BOUND('',#11028,.T.);
#11028 = EDGE_LOOP('',(#11029,#11039,#11045,#11046));
#11029 = ORIENTED_EDGE('',*,*,#11030,.T.);
#11030 = EDGE_CURVE('',#11031,#11033,#11035,.T.);
#11031 = VERTEX_POINT('',#11032);
#11032 = CARTESIAN_POINT('',(-13.2249263968,-20.97879640147,0.));
#11033 = VERTEX_POINT('',#11034);
#11034 = CARTESIAN_POINT('',(-13.2249263968,-20.97879640147,0.6));
#11035 = LINE('',#11036,#11037);
#11036 = CARTESIAN_POINT('',(-13.2249263968,-20.97879640147,0.));
#11037 = VECTOR('',#11038,1.);
#11038 = DIRECTION('',(0.,0.,1.));
#11039 = ORIENTED_EDGE('',*,*,#11040,.T.);
#11040 = EDGE_CURVE('',#11033,#11000,#11041,.T.);
#11041 = B_SPLINE_CURVE_WITH_KNOTS('',2,(#11042,#11043,#11044),
  .UNSPECIFIED.,.F.,.F.,(3,3),(0.,1.),.PIECEWISE_BEZIER_KNOTS.);
#11042 = CARTESIAN_POINT('',(-13.2249263968,-20.97879640147,0.6));
#11043 = CARTESIAN_POINT('',(-13.29033337354,-20.77303695379,0.6));
#11044 = CARTESIAN_POINT('',(-13.42387261773,-20.6695667503,0.6));
#11045 = ORIENTED_EDGE('',*,*,#10997,.F.);
#11046 = ORIENTED_EDGE('',*,*,#11047,.F.);
#11047 = EDGE_CURVE('',#11031,#10998,#11048,.T.);
#11048 = B_SPLINE_CURVE_WITH_KNOTS('',2,(#11049,#11050,#11051),
  .UNSPECIFIED.,.F.,.F.,(3,3),(0.,1.),.PIECEWISE_BEZIER_KNOTS.);
#11049 = CARTESIAN_POINT('',(-13.2249263968,-20.97879640147,0.));
#11050 = CARTESIAN_POINT('',(-13.29033337354,-20.77303695379,0.));
#11051 = CARTESIAN_POINT('',(-13.42387261773,-20.6695667503,0.));
#11052 = SURFACE_OF_LINEAR_EXTRUSION('',#11053,#11057);
#11053 = B_SPLINE_CURVE_WITH_KNOTS('',2,(#11054,#11055,#11056),
  .UNSPECIFIED.,.F.,.F.,(3,3),(0.,1.),.PIECEWISE_BEZIER_KNOTS.);
#11054 = CARTESIAN_POINT('',(-13.2249263968,-20.97879640147,0.));
#11055 = CARTESIAN_POINT('',(-13.29033337354,-20.77303695379,0.));
#11056 = CARTESIAN_POINT('',(-13.42387261773,-20.6695667503,0.));
#11057 = VECTOR('',#11058,1.);
#11058 = DIRECTION('',(-0.,-0.,-1.));
#11059 = ADVANCED_FACE('',(#11060),#11085,.T.);
#11060 = FACE_BOUND('',#11061,.T.);
#11061 = EDGE_LOOP('',(#11062,#11072,#11078,#11079));
#11062 = ORIENTED_EDGE('',*,*,#11063,.T.);
#11063 = EDGE_CURVE('',#11064,#11066,#11068,.T.);
#11064 = VERTEX_POINT('',#11065);
#11065 = CARTESIAN_POINT('',(-12.96602378052,-20.91738651774,0.));
#11066 = VERTEX_POINT('',#11067);
#11067 = CARTESIAN_POINT('',(-12.96602378052,-20.91738651774,0.6));
#11068 = LINE('',#11069,#11070);
#11069 = CARTESIAN_POINT('',(-12.96602378052,-20.91738651774,0.));
#11070 = VECTOR('',#11071,1.);
#11071 = DIRECTION('',(0.,0.,1.));
#11072 = ORIENTED_EDGE('',*,*,#11073,.T.);
#11073 = EDGE_CURVE('',#11066,#11033,#11074,.T.);
#11074 = LINE('',#11075,#11076);
#11075 = CARTESIAN_POINT('',(-12.96602378052,-20.91738651774,0.6));
#11076 = VECTOR('',#11077,1.);
#11077 = DIRECTION('',(-0.973003669569,-0.230789642326,0.));
#11078 = ORIENTED_EDGE('',*,*,#11030,.F.);
#11079 = ORIENTED_EDGE('',*,*,#11080,.F.);
#11080 = EDGE_CURVE('',#11064,#11031,#11081,.T.);
#11081 = LINE('',#11082,#11083);
#11082 = CARTESIAN_POINT('',(-12.96602378052,-20.91738651774,0.));
#11083 = VECTOR('',#11084,1.);
#11084 = DIRECTION('',(-0.973003669569,-0.230789642326,0.));
#11085 = PLANE('',#11086);
#11086 = AXIS2_PLACEMENT_3D('',#11087,#11088,#11089);
#11087 = CARTESIAN_POINT('',(-12.96602378052,-20.91738651774,0.));
#11088 = DIRECTION('',(0.230789642326,-0.973003669569,0.));
#11089 = DIRECTION('',(-0.973003669569,-0.230789642326,0.));
#11090 = ADVANCED_FACE('',(#11091),#11116,.T.);
#11091 = FACE_BOUND('',#11092,.T.);
#11092 = EDGE_LOOP('',(#11093,#11103,#11109,#11110));
#11093 = ORIENTED_EDGE('',*,*,#11094,.T.);
#11094 = EDGE_CURVE('',#11095,#11097,#11099,.T.);
#11095 = VERTEX_POINT('',#11096);
#11096 = CARTESIAN_POINT('',(-13.25626723982,-20.48215759333,0.));
#11097 = VERTEX_POINT('',#11098);
#11098 = CARTESIAN_POINT('',(-13.25626723982,-20.48215759333,0.6));
#11099 = LINE('',#11100,#11101);
#11100 = CARTESIAN_POINT('',(-13.25626723982,-20.48215759333,0.));
#11101 = VECTOR('',#11102,1.);
#11102 = DIRECTION('',(0.,0.,1.));
#11103 = ORIENTED_EDGE('',*,*,#11104,.T.);
#11104 = EDGE_CURVE('',#11097,#11066,#11105,.T.);
#11105 = B_SPLINE_CURVE_WITH_KNOTS('',2,(#11106,#11107,#11108),
  .UNSPECIFIED.,.F.,.F.,(3,3),(0.,1.),.PIECEWISE_BEZIER_KNOTS.);
#11106 = CARTESIAN_POINT('',(-13.25626723982,-20.48215759333,0.6));
#11107 = CARTESIAN_POINT('',(-13.0491451468,-20.6308676224,0.6));
#11108 = CARTESIAN_POINT('',(-12.96602378052,-20.91738651774,0.6));
#11109 = ORIENTED_EDGE('',*,*,#11063,.F.);
#11110 = ORIENTED_EDGE('',*,*,#11111,.F.);
#11111 = EDGE_CURVE('',#11095,#11064,#11112,.T.);
#11112 = B_SPLINE_CURVE_WITH_KNOTS('',2,(#11113,#11114,#11115),
  .UNSPECIFIED.,.F.,.F.,(3,3),(0.,1.),.PIECEWISE_BEZIER_KNOTS.);
#11113 = CARTESIAN_POINT('',(-13.25626723982,-20.48215759333,0.));
#11114 = CARTESIAN_POINT('',(-13.0491451468,-20.6308676224,0.));
#11115 = CARTESIAN_POINT('',(-12.96602378052,-20.91738651774,0.));
#11116 = SURFACE_OF_LINEAR_EXTRUSION('',#11117,#11121);
#11117 = B_SPLINE_CURVE_WITH_KNOTS('',2,(#11118,#11119,#11120),
  .UNSPECIFIED.,.F.,.F.,(3,3),(0.,1.),.PIECEWISE_BEZIER_KNOTS.);
#11118 = CARTESIAN_POINT('',(-13.25626723982,-20.48215759333,0.));
#11119 = CARTESIAN_POINT('',(-13.0491451468,-20.6308676224,0.));
#11120 = CARTESIAN_POINT('',(-12.96602378052,-20.91738651774,0.));
#11121 = VECTOR('',#11122,1.);
#11122 = DIRECTION('',(-0.,-0.,-1.));
#11123 = ADVANCED_FACE('',(#11124),#11149,.T.);
#11124 = FACE_BOUND('',#11125,.T.);
#11125 = EDGE_LOOP('',(#11126,#11136,#11142,#11143));
#11126 = ORIENTED_EDGE('',*,*,#11127,.T.);
#11127 = EDGE_CURVE('',#11128,#11130,#11132,.T.);
#11128 = VERTEX_POINT('',#11129);
#11129 = CARTESIAN_POINT('',(-13.7549954375,-20.33344756426,0.));
#11130 = VERTEX_POINT('',#11131);
#11131 = CARTESIAN_POINT('',(-13.7549954375,-20.33344756426,0.6));
#11132 = LINE('',#11133,#11134);
#11133 = CARTESIAN_POINT('',(-13.7549954375,-20.33344756426,0.));
#11134 = VECTOR('',#11135,1.);
#11135 = DIRECTION('',(0.,0.,1.));
#11136 = ORIENTED_EDGE('',*,*,#11137,.T.);
#11137 = EDGE_CURVE('',#11130,#11097,#11138,.T.);
#11138 = B_SPLINE_CURVE_WITH_KNOTS('',2,(#11139,#11140,#11141),
  .UNSPECIFIED.,.F.,.F.,(3,3),(0.,1.),.PIECEWISE_BEZIER_KNOTS.);
#11139 = CARTESIAN_POINT('',(-13.7549954375,-20.33344756426,0.6));
#11140 = CARTESIAN_POINT('',(-13.46338933284,-20.33344756426,0.6));
#11141 = CARTESIAN_POINT('',(-13.25626723982,-20.48215759333,0.6));
#11142 = ORIENTED_EDGE('',*,*,#11094,.F.);
#11143 = ORIENTED_EDGE('',*,*,#11144,.F.);
#11144 = EDGE_CURVE('',#11128,#11095,#11145,.T.);
#11145 = B_SPLINE_CURVE_WITH_KNOTS('',2,(#11146,#11147,#11148),
  .UNSPECIFIED.,.F.,.F.,(3,3),(0.,1.),.PIECEWISE_BEZIER_KNOTS.);
#11146 = CARTESIAN_POINT('',(-13.7549954375,-20.33344756426,0.));
#11147 = CARTESIAN_POINT('',(-13.46338933284,-20.33344756426,0.));
#11148 = CARTESIAN_POINT('',(-13.25626723982,-20.48215759333,0.));
#11149 = SURFACE_OF_LINEAR_EXTRUSION('',#11150,#11154);
#11150 = B_SPLINE_CURVE_WITH_KNOTS('',2,(#11151,#11152,#11153),
  .UNSPECIFIED.,.F.,.F.,(3,3),(0.,1.),.PIECEWISE_BEZIER_KNOTS.);
#11151 = CARTESIAN_POINT('',(-13.7549954375,-20.33344756426,0.));
#11152 = CARTESIAN_POINT('',(-13.46338933284,-20.33344756426,0.));
#11153 = CARTESIAN_POINT('',(-13.25626723982,-20.48215759333,0.));
#11154 = VECTOR('',#11155,1.);
#11155 = DIRECTION('',(-0.,-0.,-1.));
#11156 = ADVANCED_FACE('',(#11157),#11182,.T.);
#11157 = FACE_BOUND('',#11158,.T.);
#11158 = EDGE_LOOP('',(#11159,#11169,#11175,#11176));
#11159 = ORIENTED_EDGE('',*,*,#11160,.T.);
#11160 = EDGE_CURVE('',#11161,#11163,#11165,.T.);
#11161 = VERTEX_POINT('',#11162);
#11162 = CARTESIAN_POINT('',(-14.43295692005,-20.60452314565,0.));
#11163 = VERTEX_POINT('',#11164);
#11164 = CARTESIAN_POINT('',(-14.43295692005,-20.60452314565,0.6));
#11165 = LINE('',#11166,#11167);
#11166 = CARTESIAN_POINT('',(-14.43295692005,-20.60452314565,0.));
#11167 = VECTOR('',#11168,1.);
#11168 = DIRECTION('',(0.,0.,1.));
#11169 = ORIENTED_EDGE('',*,*,#11170,.T.);
#11170 = EDGE_CURVE('',#11163,#11130,#11171,.T.);
#11171 = B_SPLINE_CURVE_WITH_KNOTS('',2,(#11172,#11173,#11174),
  .UNSPECIFIED.,.F.,.F.,(3,3),(0.,1.),.PIECEWISE_BEZIER_KNOTS.);
#11172 = CARTESIAN_POINT('',(-14.43295692005,-20.60452314565,0.6));
#11173 = CARTESIAN_POINT('',(-14.16923962354,-20.33344756426,0.6));
#11174 = CARTESIAN_POINT('',(-13.7549954375,-20.33344756426,0.6));
#11175 = ORIENTED_EDGE('',*,*,#11127,.F.);
#11176 = ORIENTED_EDGE('',*,*,#11177,.F.);
#11177 = EDGE_CURVE('',#11161,#11128,#11178,.T.);
#11178 = B_SPLINE_CURVE_WITH_KNOTS('',2,(#11179,#11180,#11181),
  .UNSPECIFIED.,.F.,.F.,(3,3),(0.,1.),.PIECEWISE_BEZIER_KNOTS.);
#11179 = CARTESIAN_POINT('',(-14.43295692005,-20.60452314565,0.));
#11180 = CARTESIAN_POINT('',(-14.16923962354,-20.33344756426,0.));
#11181 = CARTESIAN_POINT('',(-13.7549954375,-20.33344756426,0.));
#11182 = SURFACE_OF_LINEAR_EXTRUSION('',#11183,#11187);
#11183 = B_SPLINE_CURVE_WITH_KNOTS('',2,(#11184,#11185,#11186),
  .UNSPECIFIED.,.F.,.F.,(3,3),(0.,1.),.PIECEWISE_BEZIER_KNOTS.);
#11184 = CARTESIAN_POINT('',(-14.43295692005,-20.60452314565,0.));
#11185 = CARTESIAN_POINT('',(-14.16923962354,-20.33344756426,0.));
#11186 = CARTESIAN_POINT('',(-13.7549954375,-20.33344756426,0.));
#11187 = VECTOR('',#11188,1.);
#11188 = DIRECTION('',(-0.,-0.,-1.));
#11189 = ADVANCED_FACE('',(#11190),#11215,.T.);
#11190 = FACE_BOUND('',#11191,.T.);
#11191 = EDGE_LOOP('',(#11192,#11202,#11208,#11209));
#11192 = ORIENTED_EDGE('',*,*,#11193,.T.);
#11193 = EDGE_CURVE('',#11194,#11196,#11198,.T.);
#11194 = VERTEX_POINT('',#11195);
#11195 = CARTESIAN_POINT('',(-14.69658337354,-21.3547048317,0.));
#11196 = VERTEX_POINT('',#11197);
#11197 = CARTESIAN_POINT('',(-14.69658337354,-21.3547048317,0.6));
#11198 = LINE('',#11199,#11200);
#11199 = CARTESIAN_POINT('',(-14.69658337354,-21.3547048317,0.));
#11200 = VECTOR('',#11201,1.);
#11201 = DIRECTION('',(0.,0.,1.));
#11202 = ORIENTED_EDGE('',*,*,#11203,.T.);
#11203 = EDGE_CURVE('',#11196,#11163,#11204,.T.);
#11204 = B_SPLINE_CURVE_WITH_KNOTS('',2,(#11205,#11206,#11207),
  .UNSPECIFIED.,.F.,.F.,(3,3),(0.,1.),.PIECEWISE_BEZIER_KNOTS.);
#11205 = CARTESIAN_POINT('',(-14.69658337354,-21.3547048317,0.6));
#11206 = CARTESIAN_POINT('',(-14.69658337354,-20.87550788402,0.6));
#11207 = CARTESIAN_POINT('',(-14.43295692005,-20.60452314565,0.6));
#11208 = ORIENTED_EDGE('',*,*,#11160,.F.);
#11209 = ORIENTED_EDGE('',*,*,#11210,.F.);
#11210 = EDGE_CURVE('',#11194,#11161,#11211,.T.);
#11211 = B_SPLINE_CURVE_WITH_KNOTS('',2,(#11212,#11213,#11214),
  .UNSPECIFIED.,.F.,.F.,(3,3),(0.,1.),.PIECEWISE_BEZIER_KNOTS.);
#11212 = CARTESIAN_POINT('',(-14.69658337354,-21.3547048317,0.));
#11213 = CARTESIAN_POINT('',(-14.69658337354,-20.87550788402,0.));
#11214 = CARTESIAN_POINT('',(-14.43295692005,-20.60452314565,0.));
#11215 = SURFACE_OF_LINEAR_EXTRUSION('',#11216,#11220);
#11216 = B_SPLINE_CURVE_WITH_KNOTS('',2,(#11217,#11218,#11219),
  .UNSPECIFIED.,.F.,.F.,(3,3),(0.,1.),.PIECEWISE_BEZIER_KNOTS.);
#11217 = CARTESIAN_POINT('',(-14.69658337354,-21.3547048317,0.));
#11218 = CARTESIAN_POINT('',(-14.69658337354,-20.87550788402,0.));
#11219 = CARTESIAN_POINT('',(-14.43295692005,-20.60452314565,0.));
#11220 = VECTOR('',#11221,1.);
#11221 = DIRECTION('',(-0.,-0.,-1.));
#11222 = ADVANCED_FACE('',(#11223),#11248,.T.);
#11223 = FACE_BOUND('',#11224,.T.);
#11224 = EDGE_LOOP('',(#11225,#11235,#11241,#11242));
#11225 = ORIENTED_EDGE('',*,*,#11226,.T.);
#11226 = EDGE_CURVE('',#11227,#11229,#11231,.T.);
#11227 = VERTEX_POINT('',#11228);
#11228 = CARTESIAN_POINT('',(-14.47247363517,-22.0953480003,0.));
#11229 = VERTEX_POINT('',#11230);
#11230 = CARTESIAN_POINT('',(-14.47247363517,-22.0953480003,0.6));
#11231 = LINE('',#11232,#11233);
#11232 = CARTESIAN_POINT('',(-14.47247363517,-22.0953480003,0.));
#11233 = VECTOR('',#11234,1.);
#11234 = DIRECTION('',(0.,0.,1.));
#11235 = ORIENTED_EDGE('',*,*,#11236,.T.);
#11236 = EDGE_CURVE('',#11229,#11196,#11237,.T.);
#11237 = B_SPLINE_CURVE_WITH_KNOTS('',2,(#11238,#11239,#11240),
  .UNSPECIFIED.,.F.,.F.,(3,3),(0.,1.),.PIECEWISE_BEZIER_KNOTS.);
#11238 = CARTESIAN_POINT('',(-14.47247363517,-22.0953480003,0.6));
#11239 = CARTESIAN_POINT('',(-14.69658337354,-21.78748099449,0.6));
#11240 = CARTESIAN_POINT('',(-14.69658337354,-21.3547048317,0.6));
#11241 = ORIENTED_EDGE('',*,*,#11193,.F.);
#11242 = ORIENTED_EDGE('',*,*,#11243,.F.);
#11243 = EDGE_CURVE('',#11227,#11194,#11244,.T.);
#11244 = B_SPLINE_CURVE_WITH_KNOTS('',2,(#11245,#11246,#11247),
  .UNSPECIFIED.,.F.,.F.,(3,3),(0.,1.),.PIECEWISE_BEZIER_KNOTS.);
#11245 = CARTESIAN_POINT('',(-14.47247363517,-22.0953480003,0.));
#11246 = CARTESIAN_POINT('',(-14.69658337354,-21.78748099449,0.));
#11247 = CARTESIAN_POINT('',(-14.69658337354,-21.3547048317,0.));
#11248 = SURFACE_OF_LINEAR_EXTRUSION('',#11249,#11253);
#11249 = B_SPLINE_CURVE_WITH_KNOTS('',2,(#11250,#11251,#11252),
  .UNSPECIFIED.,.F.,.F.,(3,3),(0.,1.),.PIECEWISE_BEZIER_KNOTS.);
#11250 = CARTESIAN_POINT('',(-14.47247363517,-22.0953480003,0.));
#11251 = CARTESIAN_POINT('',(-14.69658337354,-21.78748099449,0.));
#11252 = CARTESIAN_POINT('',(-14.69658337354,-21.3547048317,0.));
#11253 = VECTOR('',#11254,1.);
#11254 = DIRECTION('',(-0.,-0.,-1.));
#11255 = ADVANCED_FACE('',(#11256),#11281,.T.);
#11256 = FACE_BOUND('',#11257,.T.);
#11257 = EDGE_LOOP('',(#11258,#11268,#11274,#11275));
#11258 = ORIENTED_EDGE('',*,*,#11259,.T.);
#11259 = EDGE_CURVE('',#11260,#11262,#11264,.T.);
#11260 = VERTEX_POINT('',#11261);
#11261 = CARTESIAN_POINT('',(-13.75772072819,-22.40321500612,0.));
#11262 = VERTEX_POINT('',#11263);
#11263 = CARTESIAN_POINT('',(-13.75772072819,-22.40321500612,0.6));
#11264 = LINE('',#11265,#11266);
#11265 = CARTESIAN_POINT('',(-13.75772072819,-22.40321500612,0.));
#11266 = VECTOR('',#11267,1.);
#11267 = DIRECTION('',(0.,0.,1.));
#11268 = ORIENTED_EDGE('',*,*,#11269,.T.);
#11269 = EDGE_CURVE('',#11262,#11229,#11270,.T.);
#11270 = B_SPLINE_CURVE_WITH_KNOTS('',2,(#11271,#11272,#11273),
  .UNSPECIFIED.,.F.,.F.,(3,3),(0.,1.),.PIECEWISE_BEZIER_KNOTS.);
#11271 = CARTESIAN_POINT('',(-13.75772072819,-22.40321500612,0.6));
#11272 = CARTESIAN_POINT('',(-14.24827305377,-22.40321500612,0.6));
#11273 = CARTESIAN_POINT('',(-14.47247363517,-22.0953480003,0.6));
#11274 = ORIENTED_EDGE('',*,*,#11226,.F.);
#11275 = ORIENTED_EDGE('',*,*,#11276,.F.);
#11276 = EDGE_CURVE('',#11260,#11227,#11277,.T.);
#11277 = B_SPLINE_CURVE_WITH_KNOTS('',2,(#11278,#11279,#11280),
  .UNSPECIFIED.,.F.,.F.,(3,3),(0.,1.),.PIECEWISE_BEZIER_KNOTS.);
#11278 = CARTESIAN_POINT('',(-13.75772072819,-22.40321500612,0.));
#11279 = CARTESIAN_POINT('',(-14.24827305377,-22.40321500612,0.));
#11280 = CARTESIAN_POINT('',(-14.47247363517,-22.0953480003,0.));
#11281 = SURFACE_OF_LINEAR_EXTRUSION('',#11282,#11286);
#11282 = B_SPLINE_CURVE_WITH_KNOTS('',2,(#11283,#11284,#11285),
  .UNSPECIFIED.,.F.,.F.,(3,3),(0.,1.),.PIECEWISE_BEZIER_KNOTS.);
#11283 = CARTESIAN_POINT('',(-13.75772072819,-22.40321500612,0.));
#11284 = CARTESIAN_POINT('',(-14.24827305377,-22.40321500612,0.));
#11285 = CARTESIAN_POINT('',(-14.47247363517,-22.0953480003,0.));
#11286 = VECTOR('',#11287,1.);
#11287 = DIRECTION('',(-0.,-0.,-1.));
#11288 = ADVANCED_FACE('',(#11289),#11305,.T.);
#11289 = FACE_BOUND('',#11290,.T.);
#11290 = EDGE_LOOP('',(#11291,#11292,#11298,#11299));
#11291 = ORIENTED_EDGE('',*,*,#10744,.T.);
#11292 = ORIENTED_EDGE('',*,*,#11293,.T.);
#11293 = EDGE_CURVE('',#10737,#11262,#11294,.T.);
#11294 = B_SPLINE_CURVE_WITH_KNOTS('',2,(#11295,#11296,#11297),
  .UNSPECIFIED.,.F.,.F.,(3,3),(0.,1.),.PIECEWISE_BEZIER_KNOTS.);
#11295 = CARTESIAN_POINT('',(-13.23655430377,-22.23806238984,0.6));
#11296 = CARTESIAN_POINT('',(-13.4538508154,-22.40321500612,0.6));
#11297 = CARTESIAN_POINT('',(-13.75772072819,-22.40321500612,0.6));
#11298 = ORIENTED_EDGE('',*,*,#11259,.F.);
#11299 = ORIENTED_EDGE('',*,*,#11300,.F.);
#11300 = EDGE_CURVE('',#10745,#11260,#11301,.T.);
#11301 = B_SPLINE_CURVE_WITH_KNOTS('',2,(#11302,#11303,#11304),
  .UNSPECIFIED.,.F.,.F.,(3,3),(0.,1.),.PIECEWISE_BEZIER_KNOTS.);
#11302 = CARTESIAN_POINT('',(-13.23655430377,-22.23806238984,0.));
#11303 = CARTESIAN_POINT('',(-13.4538508154,-22.40321500612,0.));
#11304 = CARTESIAN_POINT('',(-13.75772072819,-22.40321500612,0.));
#11305 = SURFACE_OF_LINEAR_EXTRUSION('',#11306,#11310);
#11306 = B_SPLINE_CURVE_WITH_KNOTS('',2,(#11307,#11308,#11309),
  .UNSPECIFIED.,.F.,.F.,(3,3),(0.,1.),.PIECEWISE_BEZIER_KNOTS.);
#11307 = CARTESIAN_POINT('',(-13.23655430377,-22.23806238984,0.));
#11308 = CARTESIAN_POINT('',(-13.4538508154,-22.40321500612,0.));
#11309 = CARTESIAN_POINT('',(-13.75772072819,-22.40321500612,0.));
#11310 = VECTOR('',#11311,1.);
#11311 = DIRECTION('',(-0.,-0.,-1.));
#11312 = ADVANCED_FACE('',(#11313),#11333,.F.);
#11313 = FACE_BOUND('',#11314,.F.);
#11314 = EDGE_LOOP('',(#11315,#11316,#11317,#11318,#11319,#11320,#11321,
    #11322,#11323,#11324,#11325,#11326,#11327,#11328,#11329,#11330,
    #11331,#11332));
#11315 = ORIENTED_EDGE('',*,*,#10752,.F.);
#11316 = ORIENTED_EDGE('',*,*,#10785,.F.);
#11317 = ORIENTED_EDGE('',*,*,#10816,.F.);
#11318 = ORIENTED_EDGE('',*,*,#10849,.F.);
#11319 = ORIENTED_EDGE('',*,*,#10882,.F.);
#11320 = ORIENTED_EDGE('',*,*,#10915,.F.);
#11321 = ORIENTED_EDGE('',*,*,#10948,.F.);
#11322 = ORIENTED_EDGE('',*,*,#10981,.F.);
#11323 = ORIENTED_EDGE('',*,*,#11014,.F.);
#11324 = ORIENTED_EDGE('',*,*,#11047,.F.);
#11325 = ORIENTED_EDGE('',*,*,#11080,.F.);
#11326 = ORIENTED_EDGE('',*,*,#11111,.F.);
#11327 = ORIENTED_EDGE('',*,*,#11144,.F.);
#11328 = ORIENTED_EDGE('',*,*,#11177,.F.);
#11329 = ORIENTED_EDGE('',*,*,#11210,.F.);
#11330 = ORIENTED_EDGE('',*,*,#11243,.F.);
#11331 = ORIENTED_EDGE('',*,*,#11276,.F.);
#11332 = ORIENTED_EDGE('',*,*,#11300,.F.);
#11333 = PLANE('',#11334);
#11334 = AXIS2_PLACEMENT_3D('',#11335,#11336,#11337);
#11335 = CARTESIAN_POINT('',(-13.86461156231,-21.37375942686,0.));
#11336 = DIRECTION('',(0.,0.,1.));
#11337 = DIRECTION('',(1.,0.,0.));
#11338 = ADVANCED_FACE('',(#11339),#11359,.T.);
#11339 = FACE_BOUND('',#11340,.T.);
#11340 = EDGE_LOOP('',(#11341,#11342,#11343,#11344,#11345,#11346,#11347,
    #11348,#11349,#11350,#11351,#11352,#11353,#11354,#11355,#11356,
    #11357,#11358));
#11341 = ORIENTED_EDGE('',*,*,#10736,.F.);
#11342 = ORIENTED_EDGE('',*,*,#10778,.F.);
#11343 = ORIENTED_EDGE('',*,*,#10809,.F.);
#11344 = ORIENTED_EDGE('',*,*,#10842,.F.);
#11345 = ORIENTED_EDGE('',*,*,#10875,.F.);
#11346 = ORIENTED_EDGE('',*,*,#10908,.F.);
#11347 = ORIENTED_EDGE('',*,*,#10941,.F.);
#11348 = ORIENTED_EDGE('',*,*,#10974,.F.);
#11349 = ORIENTED_EDGE('',*,*,#11007,.F.);
#11350 = ORIENTED_EDGE('',*,*,#11040,.F.);
#11351 = ORIENTED_EDGE('',*,*,#11073,.F.);
#11352 = ORIENTED_EDGE('',*,*,#11104,.F.);
#11353 = ORIENTED_EDGE('',*,*,#11137,.F.);
#11354 = ORIENTED_EDGE('',*,*,#11170,.F.);
#11355 = ORIENTED_EDGE('',*,*,#11203,.F.);
#11356 = ORIENTED_EDGE('',*,*,#11236,.F.);
#11357 = ORIENTED_EDGE('',*,*,#11269,.F.);
#11358 = ORIENTED_EDGE('',*,*,#11293,.F.);
#11359 = PLANE('',#11360);
#11360 = AXIS2_PLACEMENT_3D('',#11361,#11362,#11363);
#11361 = CARTESIAN_POINT('',(-13.86461156231,-21.37375942686,0.6));
#11362 = DIRECTION('',(0.,0.,1.));
#11363 = DIRECTION('',(1.,0.,0.));
#11364 = MANIFOLD_SOLID_BREP('',#11365);
#11365 = CLOSED_SHELL('',(#11366,#11406,#11437,#11468,#11499,#11530,
    #11563,#11596,#11629,#11662,#11686,#11726,#11757,#11788,#11821,
    #11854,#11887,#11920,#11953,#11977,#12006));
#11366 = ADVANCED_FACE('',(#11367),#11401,.T.);
#11367 = FACE_BOUND('',#11368,.T.);
#11368 = EDGE_LOOP('',(#11369,#11379,#11387,#11395));
#11369 = ORIENTED_EDGE('',*,*,#11370,.T.);
#11370 = EDGE_CURVE('',#11371,#11373,#11375,.T.);
#11371 = VERTEX_POINT('',#11372);
#11372 = CARTESIAN_POINT('',(-12.33302959447,-21.22298244798,0.));
#11373 = VERTEX_POINT('',#11374);
#11374 = CARTESIAN_POINT('',(-12.33302959447,-21.22298244798,0.6));
#11375 = LINE('',#11376,#11377);
#11376 = CARTESIAN_POINT('',(-12.33302959447,-21.22298244798,0.));
#11377 = VECTOR('',#11378,1.);
#11378 = DIRECTION('',(0.,0.,1.));
#11379 = ORIENTED_EDGE('',*,*,#11380,.T.);
#11380 = EDGE_CURVE('',#11373,#11381,#11383,.T.);
#11381 = VERTEX_POINT('',#11382);
#11382 = CARTESIAN_POINT('',(-11.81931229796,-21.22298244798,0.6));
#11383 = LINE('',#11384,#11385);
#11384 = CARTESIAN_POINT('',(-12.33302959447,-21.22298244798,0.6));
#11385 = VECTOR('',#11386,1.);
#11386 = DIRECTION('',(1.,0.,0.));
#11387 = ORIENTED_EDGE('',*,*,#11388,.F.);
#11388 = EDGE_CURVE('',#11389,#11381,#11391,.T.);
#11389 = VERTEX_POINT('',#11390);
#11390 = CARTESIAN_POINT('',(-11.81931229796,-21.22298244798,0.));
#11391 = LINE('',#11392,#11393);
#11392 = CARTESIAN_POINT('',(-11.81931229796,-21.22298244798,0.));
#11393 = VECTOR('',#11394,1.);
#11394 = DIRECTION('',(0.,0.,1.));
#11395 = ORIENTED_EDGE('',*,*,#11396,.F.);
#11396 = EDGE_CURVE('',#11371,#11389,#11397,.T.);
#11397 = LINE('',#11398,#11399);
#11398 = CARTESIAN_POINT('',(-12.33302959447,-21.22298244798,0.));
#11399 = VECTOR('',#11400,1.);
#11400 = DIRECTION('',(1.,0.,0.));
#11401 = PLANE('',#11402);
#11402 = AXIS2_PLACEMENT_3D('',#11403,#11404,#11405);
#11403 = CARTESIAN_POINT('',(-12.33302959447,-21.22298244798,0.));
#11404 = DIRECTION('',(0.,1.,0.));
#11405 = DIRECTION('',(1.,0.,0.));
#11406 = ADVANCED_FACE('',(#11407),#11432,.T.);
#11407 = FACE_BOUND('',#11408,.T.);
#11408 = EDGE_LOOP('',(#11409,#11419,#11425,#11426));
#11409 = ORIENTED_EDGE('',*,*,#11410,.T.);
#11410 = EDGE_CURVE('',#11411,#11413,#11415,.T.);
#11411 = VERTEX_POINT('',#11412);
#11412 = CARTESIAN_POINT('',(-12.33302959447,-20.36833128519,0.));
#11413 = VERTEX_POINT('',#11414);
#11414 = CARTESIAN_POINT('',(-12.33302959447,-20.36833128519,0.6));
#11415 = LINE('',#11416,#11417);
#11416 = CARTESIAN_POINT('',(-12.33302959447,-20.36833128519,0.));
#11417 = VECTOR('',#11418,1.);
#11418 = DIRECTION('',(0.,0.,1.));
#11419 = ORIENTED_EDGE('',*,*,#11420,.T.);
#11420 = EDGE_CURVE('',#11413,#11373,#11421,.T.);
#11421 = LINE('',#11422,#11423);
#11422 = CARTESIAN_POINT('',(-12.33302959447,-20.36833128519,0.6));
#11423 = VECTOR('',#11424,1.);
#11424 = DIRECTION('',(0.,-1.,0.));
#11425 = ORIENTED_EDGE('',*,*,#11370,.F.);
#11426 = ORIENTED_EDGE('',*,*,#11427,.F.);
#11427 = EDGE_CURVE('',#11411,#11371,#11428,.T.);
#11428 = LINE('',#11429,#11430);
#11429 = CARTESIAN_POINT('',(-12.33302959447,-20.36833128519,0.));
#11430 = VECTOR('',#11431,1.);
#11431 = DIRECTION('',(0.,-1.,0.));
#11432 = PLANE('',#11433);
#11433 = AXIS2_PLACEMENT_3D('',#11434,#11435,#11436);
#11434 = CARTESIAN_POINT('',(-12.33302959447,-20.36833128519,0.));
#11435 = DIRECTION('',(1.,0.,0.));
#11436 = DIRECTION('',(0.,-1.,0.));
#11437 = ADVANCED_FACE('',(#11438),#11463,.T.);
#11438 = FACE_BOUND('',#11439,.T.);
#11439 = EDGE_LOOP('',(#11440,#11450,#11456,#11457));
#11440 = ORIENTED_EDGE('',*,*,#11441,.T.);
#11441 = EDGE_CURVE('',#11442,#11444,#11446,.T.);
#11442 = VERTEX_POINT('',#11443);
#11443 = CARTESIAN_POINT('',(-12.59738279215,-20.36833128519,0.));
#11444 = VERTEX_POINT('',#11445);
#11445 = CARTESIAN_POINT('',(-12.59738279215,-20.36833128519,0.6));
#11446 = LINE('',#11447,#11448);
#11447 = CARTESIAN_POINT('',(-12.59738279215,-20.36833128519,0.));
#11448 = VECTOR('',#11449,1.);
#11449 = DIRECTION('',(0.,0.,1.));
#11450 = ORIENTED_EDGE('',*,*,#11451,.T.);
#11451 = EDGE_CURVE('',#11444,#11413,#11452,.T.);
#11452 = LINE('',#11453,#11454);
#11453 = CARTESIAN_POINT('',(-12.59738279215,-20.36833128519,0.6));
#11454 = VECTOR('',#11455,1.);
#11455 = DIRECTION('',(1.,0.,0.));
#11456 = ORIENTED_EDGE('',*,*,#11410,.F.);
#11457 = ORIENTED_EDGE('',*,*,#11458,.F.);
#11458 = EDGE_CURVE('',#11442,#11411,#11459,.T.);
#11459 = LINE('',#11460,#11461);
#11460 = CARTESIAN_POINT('',(-12.59738279215,-20.36833128519,0.));
#11461 = VECTOR('',#11462,1.);
#11462 = DIRECTION('',(1.,0.,0.));
#11463 = PLANE('',#11464);
#11464 = AXIS2_PLACEMENT_3D('',#11465,#11466,#11467);
#11465 = CARTESIAN_POINT('',(-12.59738279215,-20.36833128519,0.));
#11466 = DIRECTION('',(0.,1.,0.));
#11467 = DIRECTION('',(1.,0.,0.));
#11468 = ADVANCED_FACE('',(#11469),#11494,.T.);
#11469 = FACE_BOUND('',#11470,.T.);
#11470 = EDGE_LOOP('',(#11471,#11481,#11487,#11488));
#11471 = ORIENTED_EDGE('',*,*,#11472,.T.);
#11472 = EDGE_CURVE('',#11473,#11475,#11477,.T.);
#11473 = VERTEX_POINT('',#11474);
#11474 = CARTESIAN_POINT('',(-12.59738279215,-22.36833128519,0.));
#11475 = VERTEX_POINT('',#11476);
#11476 = CARTESIAN_POINT('',(-12.59738279215,-22.36833128519,0.6));
#11477 = LINE('',#11478,#11479);
#11478 = CARTESIAN_POINT('',(-12.59738279215,-22.36833128519,0.));
#11479 = VECTOR('',#11480,1.);
#11480 = DIRECTION('',(0.,0.,1.));
#11481 = ORIENTED_EDGE('',*,*,#11482,.T.);
#11482 = EDGE_CURVE('',#11475,#11444,#11483,.T.);
#11483 = LINE('',#11484,#11485);
#11484 = CARTESIAN_POINT('',(-12.59738279215,-22.36833128519,0.6));
#11485 = VECTOR('',#11486,1.);
#11486 = DIRECTION('',(0.,1.,0.));
#11487 = ORIENTED_EDGE('',*,*,#11441,.F.);
#11488 = ORIENTED_EDGE('',*,*,#11489,.F.);
#11489 = EDGE_CURVE('',#11473,#11442,#11490,.T.);
#11490 = LINE('',#11491,#11492);
#11491 = CARTESIAN_POINT('',(-12.59738279215,-22.36833128519,0.));
#11492 = VECTOR('',#11493,1.);
#11493 = DIRECTION('',(0.,1.,0.));
#11494 = PLANE('',#11495);
#11495 = AXIS2_PLACEMENT_3D('',#11496,#11497,#11498);
#11496 = CARTESIAN_POINT('',(-12.59738279215,-22.36833128519,0.));
#11497 = DIRECTION('',(-1.,0.,0.));
#11498 = DIRECTION('',(0.,1.,0.));
#11499 = ADVANCED_FACE('',(#11500),#11525,.T.);
#11500 = FACE_BOUND('',#11501,.T.);
#11501 = EDGE_LOOP('',(#11502,#11512,#11518,#11519));
#11502 = ORIENTED_EDGE('',*,*,#11503,.T.);
#11503 = EDGE_CURVE('',#11504,#11506,#11508,.T.);
#11504 = VERTEX_POINT('',#11505);
#11505 = CARTESIAN_POINT('',(-11.83838933284,-22.36833128519,0.));
#11506 = VERTEX_POINT('',#11507);
#11507 = CARTESIAN_POINT('',(-11.83838933284,-22.36833128519,0.6));
#11508 = LINE('',#11509,#11510);
#11509 = CARTESIAN_POINT('',(-11.83838933284,-22.36833128519,0.));
#11510 = VECTOR('',#11511,1.);
#11511 = DIRECTION('',(0.,0.,1.));
#11512 = ORIENTED_EDGE('',*,*,#11513,.T.);
#11513 = EDGE_CURVE('',#11506,#11475,#11514,.T.);
#11514 = LINE('',#11515,#11516);
#11515 = CARTESIAN_POINT('',(-11.83838933284,-22.36833128519,0.6));
#11516 = VECTOR('',#11517,1.);
#11517 = DIRECTION('',(-1.,0.,0.));
#11518 = ORIENTED_EDGE('',*,*,#11472,.F.);
#11519 = ORIENTED_EDGE('',*,*,#11520,.F.);
#11520 = EDGE_CURVE('',#11504,#11473,#11521,.T.);
#11521 = LINE('',#11522,#11523);
#11522 = CARTESIAN_POINT('',(-11.83838933284,-22.36833128519,0.));
#11523 = VECTOR('',#11524,1.);
#11524 = DIRECTION('',(-1.,0.,0.));
#11525 = PLANE('',#11526);
#11526 = AXIS2_PLACEMENT_3D('',#11527,#11528,#11529);
#11527 = CARTESIAN_POINT('',(-11.83838933284,-22.36833128519,0.));
#11528 = DIRECTION('',(0.,-1.,0.));
#11529 = DIRECTION('',(-1.,0.,0.));
#11530 = ADVANCED_FACE('',(#11531),#11556,.T.);
#11531 = FACE_BOUND('',#11532,.T.);
#11532 = EDGE_LOOP('',(#11533,#11543,#11549,#11550));
#11533 = ORIENTED_EDGE('',*,*,#11534,.T.);
#11534 = EDGE_CURVE('',#11535,#11537,#11539,.T.);
#11535 = VERTEX_POINT('',#11536);
#11536 = CARTESIAN_POINT('',(-11.45076215261,-22.31718666309,0.));
#11537 = VERTEX_POINT('',#11538);
#11538 = CARTESIAN_POINT('',(-11.45076215261,-22.31718666309,0.6));
#11539 = LINE('',#11540,#11541);
#11540 = CARTESIAN_POINT('',(-11.45076215261,-22.31718666309,0.));
#11541 = VECTOR('',#11542,1.);
#11542 = DIRECTION('',(0.,0.,1.));
#11543 = ORIENTED_EDGE('',*,*,#11544,.T.);
#11544 = EDGE_CURVE('',#11537,#11506,#11545,.T.);
#11545 = B_SPLINE_CURVE_WITH_KNOTS('',2,(#11546,#11547,#11548),
  .UNSPECIFIED.,.F.,.F.,(3,3),(0.,1.),.PIECEWISE_BEZIER_KNOTS.);
#11546 = CARTESIAN_POINT('',(-11.45076215261,-22.31718666309,0.6));
#11547 = CARTESIAN_POINT('',(-11.6026516875,-22.36833128519,0.6));
#11548 = CARTESIAN_POINT('',(-11.83838933284,-22.36833128519,0.6));
#11549 = ORIENTED_EDGE('',*,*,#11503,.F.);
#11550 = ORIENTED_EDGE('',*,*,#11551,.F.);
#11551 = EDGE_CURVE('',#11535,#11504,#11552,.T.);
#11552 = B_SPLINE_CURVE_WITH_KNOTS('',2,(#11553,#11554,#11555),
  .UNSPECIFIED.,.F.,.F.,(3,3),(0.,1.),.PIECEWISE_BEZIER_KNOTS.);
#11553 = CARTESIAN_POINT('',(-11.45076215261,-22.31718666309,0.));
#11554 = CARTESIAN_POINT('',(-11.6026516875,-22.36833128519,0.));
#11555 = CARTESIAN_POINT('',(-11.83838933284,-22.36833128519,0.));
#11556 = SURFACE_OF_LINEAR_EXTRUSION('',#11557,#11561);
#11557 = B_SPLINE_CURVE_WITH_KNOTS('',2,(#11558,#11559,#11560),
  .UNSPECIFIED.,.F.,.F.,(3,3),(0.,1.),.PIECEWISE_BEZIER_KNOTS.);
#11558 = CARTESIAN_POINT('',(-11.45076215261,-22.31718666309,0.));
#11559 = CARTESIAN_POINT('',(-11.6026516875,-22.36833128519,0.));
#11560 = CARTESIAN_POINT('',(-11.83838933284,-22.36833128519,0.));
#11561 = VECTOR('',#11562,1.);
#11562 = DIRECTION('',(-0.,-0.,-1.));
#11563 = ADVANCED_FACE('',(#11564),#11589,.T.);
#11564 = FACE_BOUND('',#11565,.T.);
#11565 = EDGE_LOOP('',(#11566,#11576,#11582,#11583));
#11566 = ORIENTED_EDGE('',*,*,#11567,.T.);
#11567 = EDGE_CURVE('',#11568,#11570,#11572,.T.);
#11568 = VERTEX_POINT('',#11569);
#11569 = CARTESIAN_POINT('',(-11.19458482703,-22.12287343635,0.));
#11570 = VERTEX_POINT('',#11571);
#11571 = CARTESIAN_POINT('',(-11.19458482703,-22.12287343635,0.6));
#11572 = LINE('',#11573,#11574);
#11573 = CARTESIAN_POINT('',(-11.19458482703,-22.12287343635,0.));
#11574 = VECTOR('',#11575,1.);
#11575 = DIRECTION('',(0.,0.,1.));
#11576 = ORIENTED_EDGE('',*,*,#11577,.T.);
#11577 = EDGE_CURVE('',#11570,#11537,#11578,.T.);
#11578 = B_SPLINE_CURVE_WITH_KNOTS('',2,(#11579,#11580,#11581),
  .UNSPECIFIED.,.F.,.F.,(3,3),(0.,1.),.PIECEWISE_BEZIER_KNOTS.);
#11579 = CARTESIAN_POINT('',(-11.19458482703,-22.12287343635,0.6));
#11580 = CARTESIAN_POINT('',(-11.2987817747,-22.266042041,0.6));
#11581 = CARTESIAN_POINT('',(-11.45076215261,-22.31718666309,0.6));
#11582 = ORIENTED_EDGE('',*,*,#11534,.F.);
#11583 = ORIENTED_EDGE('',*,*,#11584,.F.);
#11584 = EDGE_CURVE('',#11568,#11535,#11585,.T.);
#11585 = B_SPLINE_CURVE_WITH_KNOTS('',2,(#11586,#11587,#11588),
  .UNSPECIFIED.,.F.,.F.,(3,3),(0.,1.),.PIECEWISE_BEZIER_KNOTS.);
#11586 = CARTESIAN_POINT('',(-11.19458482703,-22.12287343635,0.));
#11587 = CARTESIAN_POINT('',(-11.2987817747,-22.266042041,0.));
#11588 = CARTESIAN_POINT('',(-11.45076215261,-22.31718666309,0.));
#11589 = SURFACE_OF_LINEAR_EXTRUSION('',#11590,#11594);
#11590 = B_SPLINE_CURVE_WITH_KNOTS('',2,(#11591,#11592,#11593),
  .UNSPECIFIED.,.F.,.F.,(3,3),(0.,1.),.PIECEWISE_BEZIER_KNOTS.);
#11591 = CARTESIAN_POINT('',(-11.19458482703,-22.12287343635,0.));
#11592 = CARTESIAN_POINT('',(-11.2987817747,-22.266042041,0.));
#11593 = CARTESIAN_POINT('',(-11.45076215261,-22.31718666309,0.));
#11594 = VECTOR('',#11595,1.);
#11595 = DIRECTION('',(-0.,-0.,-1.));
#11596 = ADVANCED_FACE('',(#11597),#11622,.T.);
#11597 = FACE_BOUND('',#11598,.T.);
#11598 = EDGE_LOOP('',(#11599,#11609,#11615,#11616));
#11599 = ORIENTED_EDGE('',*,*,#11600,.T.);
#11600 = EDGE_CURVE('',#11601,#11603,#11605,.T.);
#11601 = VERTEX_POINT('',#11602);
#11602 = CARTESIAN_POINT('',(-11.09029703633,-21.78748099449,0.));
#11603 = VERTEX_POINT('',#11604);
#11604 = CARTESIAN_POINT('',(-11.09029703633,-21.78748099449,0.6));
#11605 = LINE('',#11606,#11607);
#11606 = CARTESIAN_POINT('',(-11.09029703633,-21.78748099449,0.));
#11607 = VECTOR('',#11608,1.);
#11608 = DIRECTION('',(0.,0.,1.));
#11609 = ORIENTED_EDGE('',*,*,#11610,.T.);
#11610 = EDGE_CURVE('',#11603,#11570,#11611,.T.);
#11611 = B_SPLINE_CURVE_WITH_KNOTS('',2,(#11612,#11613,#11614),
  .UNSPECIFIED.,.F.,.F.,(3,3),(0.,1.),.PIECEWISE_BEZIER_KNOTS.);
#11612 = CARTESIAN_POINT('',(-11.09029703633,-21.78748099449,0.6));
#11613 = CARTESIAN_POINT('',(-11.09029703633,-21.9797048317,0.6));
#11614 = CARTESIAN_POINT('',(-11.19458482703,-22.12287343635,0.6));
#11615 = ORIENTED_EDGE('',*,*,#11567,.F.);
#11616 = ORIENTED_EDGE('',*,*,#11617,.F.);
#11617 = EDGE_CURVE('',#11601,#11568,#11618,.T.);
#11618 = B_SPLINE_CURVE_WITH_KNOTS('',2,(#11619,#11620,#11621),
  .UNSPECIFIED.,.F.,.F.,(3,3),(0.,1.),.PIECEWISE_BEZIER_KNOTS.);
#11619 = CARTESIAN_POINT('',(-11.09029703633,-21.78748099449,0.));
#11620 = CARTESIAN_POINT('',(-11.09029703633,-21.9797048317,0.));
#11621 = CARTESIAN_POINT('',(-11.19458482703,-22.12287343635,0.));
#11622 = SURFACE_OF_LINEAR_EXTRUSION('',#11623,#11627);
#11623 = B_SPLINE_CURVE_WITH_KNOTS('',2,(#11624,#11625,#11626),
  .UNSPECIFIED.,.F.,.F.,(3,3),(0.,1.),.PIECEWISE_BEZIER_KNOTS.);
#11624 = CARTESIAN_POINT('',(-11.09029703633,-21.78748099449,0.));
#11625 = CARTESIAN_POINT('',(-11.09029703633,-21.9797048317,0.));
#11626 = CARTESIAN_POINT('',(-11.19458482703,-22.12287343635,0.));
#11627 = VECTOR('',#11628,1.);
#11628 = DIRECTION('',(-0.,-0.,-1.));
#11629 = ADVANCED_FACE('',(#11630),#11655,.T.);
#11630 = FACE_BOUND('',#11631,.T.);
#11631 = EDGE_LOOP('',(#11632,#11642,#11648,#11649));
#11632 = ORIENTED_EDGE('',*,*,#11633,.T.);
#11633 = EDGE_CURVE('',#11634,#11636,#11638,.T.);
#11634 = VERTEX_POINT('',#11635);
#11635 = CARTESIAN_POINT('',(-11.24636535029,-21.3886801224,0.));
#11636 = VERTEX_POINT('',#11637);
#11637 = CARTESIAN_POINT('',(-11.24636535029,-21.3886801224,0.6));
#11638 = LINE('',#11639,#11640);
#11639 = CARTESIAN_POINT('',(-11.24636535029,-21.3886801224,0.));
#11640 = VECTOR('',#11641,1.);
#11641 = DIRECTION('',(0.,0.,1.));
#11642 = ORIENTED_EDGE('',*,*,#11643,.T.);
#11643 = EDGE_CURVE('',#11636,#11603,#11644,.T.);
#11644 = B_SPLINE_CURVE_WITH_KNOTS('',2,(#11645,#11646,#11647),
  .UNSPECIFIED.,.F.,.F.,(3,3),(0.,1.),.PIECEWISE_BEZIER_KNOTS.);
#11645 = CARTESIAN_POINT('',(-11.24636535029,-21.3886801224,0.6));
#11646 = CARTESIAN_POINT('',(-11.09029703633,-21.55428695379,0.6));
#11647 = CARTESIAN_POINT('',(-11.09029703633,-21.78748099449,0.6));
#11648 = ORIENTED_EDGE('',*,*,#11600,.F.);
#11649 = ORIENTED_EDGE('',*,*,#11650,.F.);
#11650 = EDGE_CURVE('',#11634,#11601,#11651,.T.);
#11651 = B_SPLINE_CURVE_WITH_KNOTS('',2,(#11652,#11653,#11654),
  .UNSPECIFIED.,.F.,.F.,(3,3),(0.,1.),.PIECEWISE_BEZIER_KNOTS.);
#11652 = CARTESIAN_POINT('',(-11.24636535029,-21.3886801224,0.));
#11653 = CARTESIAN_POINT('',(-11.09029703633,-21.55428695379,0.));
#11654 = CARTESIAN_POINT('',(-11.09029703633,-21.78748099449,0.));
#11655 = SURFACE_OF_LINEAR_EXTRUSION('',#11656,#11660);
#11656 = B_SPLINE_CURVE_WITH_KNOTS('',2,(#11657,#11658,#11659),
  .UNSPECIFIED.,.F.,.F.,(3,3),(0.,1.),.PIECEWISE_BEZIER_KNOTS.);
#11657 = CARTESIAN_POINT('',(-11.24636535029,-21.3886801224,0.));
#11658 = CARTESIAN_POINT('',(-11.09029703633,-21.55428695379,0.));
#11659 = CARTESIAN_POINT('',(-11.09029703633,-21.78748099449,0.));
#11660 = VECTOR('',#11661,1.);
#11661 = DIRECTION('',(-0.,-0.,-1.));
#11662 = ADVANCED_FACE('',(#11663),#11679,.T.);
#11663 = FACE_BOUND('',#11664,.T.);
#11664 = EDGE_LOOP('',(#11665,#11666,#11672,#11673));
#11665 = ORIENTED_EDGE('',*,*,#11388,.T.);
#11666 = ORIENTED_EDGE('',*,*,#11667,.T.);
#11667 = EDGE_CURVE('',#11381,#11636,#11668,.T.);
#11668 = B_SPLINE_CURVE_WITH_KNOTS('',2,(#11669,#11670,#11671),
  .UNSPECIFIED.,.F.,.F.,(3,3),(0.,1.),.PIECEWISE_BEZIER_KNOTS.);
#11669 = CARTESIAN_POINT('',(-11.81931229796,-21.22298244798,0.6));
#11670 = CARTESIAN_POINT('',(-11.40234282122,-21.22298244798,0.6));
#11671 = CARTESIAN_POINT('',(-11.24636535029,-21.3886801224,0.6));
#11672 = ORIENTED_EDGE('',*,*,#11633,.F.);
#11673 = ORIENTED_EDGE('',*,*,#11674,.F.);
#11674 = EDGE_CURVE('',#11389,#11634,#11675,.T.);
#11675 = B_SPLINE_CURVE_WITH_KNOTS('',2,(#11676,#11677,#11678),
  .UNSPECIFIED.,.F.,.F.,(3,3),(0.,1.),.PIECEWISE_BEZIER_KNOTS.);
#11676 = CARTESIAN_POINT('',(-11.81931229796,-21.22298244798,0.));
#11677 = CARTESIAN_POINT('',(-11.40234282122,-21.22298244798,0.));
#11678 = CARTESIAN_POINT('',(-11.24636535029,-21.3886801224,0.));
#11679 = SURFACE_OF_LINEAR_EXTRUSION('',#11680,#11684);
#11680 = B_SPLINE_CURVE_WITH_KNOTS('',2,(#11681,#11682,#11683),
  .UNSPECIFIED.,.F.,.F.,(3,3),(0.,1.),.PIECEWISE_BEZIER_KNOTS.);
#11681 = CARTESIAN_POINT('',(-11.81931229796,-21.22298244798,0.));
#11682 = CARTESIAN_POINT('',(-11.40234282122,-21.22298244798,0.));
#11683 = CARTESIAN_POINT('',(-11.24636535029,-21.3886801224,0.));
#11684 = VECTOR('',#11685,1.);
#11685 = DIRECTION('',(-0.,-0.,-1.));
#11686 = ADVANCED_FACE('',(#11687),#11721,.T.);
#11687 = FACE_BOUND('',#11688,.T.);
#11688 = EDGE_LOOP('',(#11689,#11699,#11707,#11715));
#11689 = ORIENTED_EDGE('',*,*,#11690,.T.);
#11690 = EDGE_CURVE('',#11691,#11693,#11695,.T.);
#11691 = VERTEX_POINT('',#11692);
#11692 = CARTESIAN_POINT('',(-12.33302959447,-22.13577314565,0.));
#11693 = VERTEX_POINT('',#11694);
#11694 = CARTESIAN_POINT('',(-12.33302959447,-22.13577314565,0.6));
#11695 = LINE('',#11696,#11697);
#11696 = CARTESIAN_POINT('',(-12.33302959447,-22.13577314565,0.));
#11697 = VECTOR('',#11698,1.);
#11698 = DIRECTION('',(0.,0.,1.));
#11699 = ORIENTED_EDGE('',*,*,#11700,.T.);
#11700 = EDGE_CURVE('',#11693,#11701,#11703,.T.);
#11701 = VERTEX_POINT('',#11702);
#11702 = CARTESIAN_POINT('',(-11.84929049563,-22.13577314565,0.6));
#11703 = LINE('',#11704,#11705);
#11704 = CARTESIAN_POINT('',(-12.33302959447,-22.13577314565,0.6));
#11705 = VECTOR('',#11706,1.);
#11706 = DIRECTION('',(1.,0.,0.));
#11707 = ORIENTED_EDGE('',*,*,#11708,.F.);
#11708 = EDGE_CURVE('',#11709,#11701,#11711,.T.);
#11709 = VERTEX_POINT('',#11710);
#11710 = CARTESIAN_POINT('',(-11.84929049563,-22.13577314565,0.));
#11711 = LINE('',#11712,#11713);
#11712 = CARTESIAN_POINT('',(-11.84929049563,-22.13577314565,0.));
#11713 = VECTOR('',#11714,1.);
#11714 = DIRECTION('',(0.,0.,1.));
#11715 = ORIENTED_EDGE('',*,*,#11716,.F.);
#11716 = EDGE_CURVE('',#11691,#11709,#11717,.T.);
#11717 = LINE('',#11718,#11719);
#11718 = CARTESIAN_POINT('',(-12.33302959447,-22.13577314565,0.));
#11719 = VECTOR('',#11720,1.);
#11720 = DIRECTION('',(1.,0.,0.));
#11721 = PLANE('',#11722);
#11722 = AXIS2_PLACEMENT_3D('',#11723,#11724,#11725);
#11723 = CARTESIAN_POINT('',(-12.33302959447,-22.13577314565,0.));
#11724 = DIRECTION('',(0.,1.,0.));
#11725 = DIRECTION('',(1.,0.,0.));
#11726 = ADVANCED_FACE('',(#11727),#11752,.T.);
#11727 = FACE_BOUND('',#11728,.T.);
#11728 = EDGE_LOOP('',(#11729,#11739,#11745,#11746));
#11729 = ORIENTED_EDGE('',*,*,#11730,.T.);
#11730 = EDGE_CURVE('',#11731,#11733,#11735,.T.);
#11731 = VERTEX_POINT('',#11732);
#11732 = CARTESIAN_POINT('',(-12.33302959447,-21.45554058751,0.));
#11733 = VERTEX_POINT('',#11734);
#11734 = CARTESIAN_POINT('',(-12.33302959447,-21.45554058751,0.6));
#11735 = LINE('',#11736,#11737);
#11736 = CARTESIAN_POINT('',(-12.33302959447,-21.45554058751,0.));
#11737 = VECTOR('',#11738,1.);
#11738 = DIRECTION('',(0.,0.,1.));
#11739 = ORIENTED_EDGE('',*,*,#11740,.T.);
#11740 = EDGE_CURVE('',#11733,#11693,#11741,.T.);
#11741 = LINE('',#11742,#11743);
#11742 = CARTESIAN_POINT('',(-12.33302959447,-21.45554058751,0.6));
#11743 = VECTOR('',#11744,1.);
#11744 = DIRECTION('',(0.,-1.,0.));
#11745 = ORIENTED_EDGE('',*,*,#11690,.F.);
#11746 = ORIENTED_EDGE('',*,*,#11747,.F.);
#11747 = EDGE_CURVE('',#11731,#11691,#11748,.T.);
#11748 = LINE('',#11749,#11750);
#11749 = CARTESIAN_POINT('',(-12.33302959447,-21.45554058751,0.));
#11750 = VECTOR('',#11751,1.);
#11751 = DIRECTION('',(0.,-1.,0.));
#11752 = PLANE('',#11753);
#11753 = AXIS2_PLACEMENT_3D('',#11754,#11755,#11756);
#11754 = CARTESIAN_POINT('',(-12.33302959447,-21.45554058751,0.));
#11755 = DIRECTION('',(1.,0.,0.));
#11756 = DIRECTION('',(0.,-1.,0.));
#11757 = ADVANCED_FACE('',(#11758),#11783,.T.);
#11758 = FACE_BOUND('',#11759,.T.);
#11759 = EDGE_LOOP('',(#11760,#11770,#11776,#11777));
#11760 = ORIENTED_EDGE('',*,*,#11761,.T.);
#11761 = EDGE_CURVE('',#11762,#11764,#11766,.T.);
#11762 = VERTEX_POINT('',#11763);
#11763 = CARTESIAN_POINT('',(-11.93649979796,-21.45554058751,0.));
#11764 = VERTEX_POINT('',#11765);
#11765 = CARTESIAN_POINT('',(-11.93649979796,-21.45554058751,0.6));
#11766 = LINE('',#11767,#11768);
#11767 = CARTESIAN_POINT('',(-11.93649979796,-21.45554058751,0.));
#11768 = VECTOR('',#11769,1.);
#11769 = DIRECTION('',(0.,0.,1.));
#11770 = ORIENTED_EDGE('',*,*,#11771,.T.);
#11771 = EDGE_CURVE('',#11764,#11733,#11772,.T.);
#11772 = LINE('',#11773,#11774);
#11773 = CARTESIAN_POINT('',(-11.93649979796,-21.45554058751,0.6));
#11774 = VECTOR('',#11775,1.);
#11775 = DIRECTION('',(-1.,0.,0.));
#11776 = ORIENTED_EDGE('',*,*,#11730,.F.);
#11777 = ORIENTED_EDGE('',*,*,#11778,.F.);
#11778 = EDGE_CURVE('',#11762,#11731,#11779,.T.);
#11779 = LINE('',#11780,#11781);
#11780 = CARTESIAN_POINT('',(-11.93649979796,-21.45554058751,0.));
#11781 = VECTOR('',#11782,1.);
#11782 = DIRECTION('',(-1.,0.,0.));
#11783 = PLANE('',#11784);
#11784 = AXIS2_PLACEMENT_3D('',#11785,#11786,#11787);
#11785 = CARTESIAN_POINT('',(-11.93649979796,-21.45554058751,0.));
#11786 = DIRECTION('',(0.,-1.,0.));
#11787 = DIRECTION('',(-1.,0.,0.));
#11788 = ADVANCED_FACE('',(#11789),#11814,.T.);
#11789 = FACE_BOUND('',#11790,.T.);
#11790 = EDGE_LOOP('',(#11791,#11801,#11807,#11808));
#11791 = ORIENTED_EDGE('',*,*,#11792,.T.);
#11792 = EDGE_CURVE('',#11793,#11795,#11797,.T.);
#11793 = VERTEX_POINT('',#11794);
#11794 = CARTESIAN_POINT('',(-11.4854641875,-21.53993375612,0.));
#11795 = VERTEX_POINT('',#11796);
#11796 = CARTESIAN_POINT('',(-11.4854641875,-21.53993375612,0.6));
#11797 = LINE('',#11798,#11799);
#11798 = CARTESIAN_POINT('',(-11.4854641875,-21.53993375612,0.));
#11799 = VECTOR('',#11800,1.);
#11800 = DIRECTION('',(0.,0.,1.));
#11801 = ORIENTED_EDGE('',*,*,#11802,.T.);
#11802 = EDGE_CURVE('',#11795,#11764,#11803,.T.);
#11803 = B_SPLINE_CURVE_WITH_KNOTS('',2,(#11804,#11805,#11806),
  .UNSPECIFIED.,.F.,.F.,(3,3),(0.,1.),.PIECEWISE_BEZIER_KNOTS.);
#11804 = CARTESIAN_POINT('',(-11.4854641875,-21.53993375612,0.6));
#11805 = CARTESIAN_POINT('',(-11.59583846075,-21.45554058751,0.6));
#11806 = CARTESIAN_POINT('',(-11.93649979796,-21.45554058751,0.6));
#11807 = ORIENTED_EDGE('',*,*,#11761,.F.);
#11808 = ORIENTED_EDGE('',*,*,#11809,.F.);
#11809 = EDGE_CURVE('',#11793,#11762,#11810,.T.);
#11810 = B_SPLINE_CURVE_WITH_KNOTS('',2,(#11811,#11812,#11813),
  .UNSPECIFIED.,.F.,.F.,(3,3),(0.,1.),.PIECEWISE_BEZIER_KNOTS.);
#11811 = CARTESIAN_POINT('',(-11.4854641875,-21.53993375612,0.));
#11812 = CARTESIAN_POINT('',(-11.59583846075,-21.45554058751,0.));
#11813 = CARTESIAN_POINT('',(-11.93649979796,-21.45554058751,0.));
#11814 = SURFACE_OF_LINEAR_EXTRUSION('',#11815,#11819);
#11815 = B_SPLINE_CURVE_WITH_KNOTS('',2,(#11816,#11817,#11818),
  .UNSPECIFIED.,.F.,.F.,(3,3),(0.,1.),.PIECEWISE_BEZIER_KNOTS.);
#11816 = CARTESIAN_POINT('',(-11.4854641875,-21.53993375612,0.));
#11817 = CARTESIAN_POINT('',(-11.59583846075,-21.45554058751,0.));
#11818 = CARTESIAN_POINT('',(-11.93649979796,-21.45554058751,0.));
#11819 = VECTOR('',#11820,1.);
#11820 = DIRECTION('',(-0.,-0.,-1.));
#11821 = ADVANCED_FACE('',(#11822),#11847,.T.);
#11822 = FACE_BOUND('',#11823,.T.);
#11823 = EDGE_LOOP('',(#11824,#11834,#11840,#11841));
#11824 = ORIENTED_EDGE('',*,*,#11825,.T.);
#11825 = EDGE_CURVE('',#11826,#11828,#11830,.T.);
#11826 = VERTEX_POINT('',#11827);
#11827 = CARTESIAN_POINT('',(-11.37508991424,-21.79029712821,0.));
#11828 = VERTEX_POINT('',#11829);
#11829 = CARTESIAN_POINT('',(-11.37508991424,-21.79029712821,0.6));
#11830 = LINE('',#11831,#11832);
#11831 = CARTESIAN_POINT('',(-11.37508991424,-21.79029712821,0.));
#11832 = VECTOR('',#11833,1.);
#11833 = DIRECTION('',(0.,0.,1.));
#11834 = ORIENTED_EDGE('',*,*,#11835,.T.);
#11835 = EDGE_CURVE('',#11828,#11795,#11836,.T.);
#11836 = B_SPLINE_CURVE_WITH_KNOTS('',2,(#11837,#11838,#11839),
  .UNSPECIFIED.,.F.,.F.,(3,3),(0.,1.),.PIECEWISE_BEZIER_KNOTS.);
#11837 = CARTESIAN_POINT('',(-11.37508991424,-21.79029712821,0.6));
#11838 = CARTESIAN_POINT('',(-11.37508991424,-21.6242360817,0.6));
#11839 = CARTESIAN_POINT('',(-11.4854641875,-21.53993375612,0.6));
#11840 = ORIENTED_EDGE('',*,*,#11792,.F.);
#11841 = ORIENTED_EDGE('',*,*,#11842,.F.);
#11842 = EDGE_CURVE('',#11826,#11793,#11843,.T.);
#11843 = B_SPLINE_CURVE_WITH_KNOTS('',2,(#11844,#11845,#11846),
  .UNSPECIFIED.,.F.,.F.,(3,3),(0.,1.),.PIECEWISE_BEZIER_KNOTS.);
#11844 = CARTESIAN_POINT('',(-11.37508991424,-21.79029712821,0.));
#11845 = CARTESIAN_POINT('',(-11.37508991424,-21.6242360817,0.));
#11846 = CARTESIAN_POINT('',(-11.4854641875,-21.53993375612,0.));
#11847 = SURFACE_OF_LINEAR_EXTRUSION('',#11848,#11852);
#11848 = B_SPLINE_CURVE_WITH_KNOTS('',2,(#11849,#11850,#11851),
  .UNSPECIFIED.,.F.,.F.,(3,3),(0.,1.),.PIECEWISE_BEZIER_KNOTS.);
#11849 = CARTESIAN_POINT('',(-11.37508991424,-21.79029712821,0.));
#11850 = CARTESIAN_POINT('',(-11.37508991424,-21.6242360817,0.));
#11851 = CARTESIAN_POINT('',(-11.4854641875,-21.53993375612,0.));
#11852 = VECTOR('',#11853,1.);
#11853 = DIRECTION('',(-0.,-0.,-1.));
#11854 = ADVANCED_FACE('',(#11855),#11880,.T.);
#11855 = FACE_BOUND('',#11856,.T.);
#11856 = EDGE_LOOP('',(#11857,#11867,#11873,#11874));
#11857 = ORIENTED_EDGE('',*,*,#11858,.T.);
#11858 = EDGE_CURVE('',#11859,#11861,#11863,.T.);
#11859 = VERTEX_POINT('',#11860);
#11860 = CARTESIAN_POINT('',(-11.4112454375,-21.95635817472,0.));
#11861 = VERTEX_POINT('',#11862);
#11862 = CARTESIAN_POINT('',(-11.4112454375,-21.95635817472,0.6));
#11863 = LINE('',#11864,#11865);
#11864 = CARTESIAN_POINT('',(-11.4112454375,-21.95635817472,0.));
#11865 = VECTOR('',#11866,1.);
#11866 = DIRECTION('',(0.,0.,1.));
#11867 = ORIENTED_EDGE('',*,*,#11868,.T.);
#11868 = EDGE_CURVE('',#11861,#11828,#11869,.T.);
#11869 = B_SPLINE_CURVE_WITH_KNOTS('',2,(#11870,#11871,#11872),
  .UNSPECIFIED.,.F.,.F.,(3,3),(0.,1.),.PIECEWISE_BEZIER_KNOTS.);
#11870 = CARTESIAN_POINT('',(-11.4112454375,-21.95635817472,0.6));
#11871 = CARTESIAN_POINT('',(-11.37508991424,-21.88540977356,0.6));
#11872 = CARTESIAN_POINT('',(-11.37508991424,-21.79029712821,0.6));
#11873 = ORIENTED_EDGE('',*,*,#11825,.F.);
#11874 = ORIENTED_EDGE('',*,*,#11875,.F.);
#11875 = EDGE_CURVE('',#11859,#11826,#11876,.T.);
#11876 = B_SPLINE_CURVE_WITH_KNOTS('',2,(#11877,#11878,#11879),
  .UNSPECIFIED.,.F.,.F.,(3,3),(0.,1.),.PIECEWISE_BEZIER_KNOTS.);
#11877 = CARTESIAN_POINT('',(-11.4112454375,-21.95635817472,0.));
#11878 = CARTESIAN_POINT('',(-11.37508991424,-21.88540977356,0.));
#11879 = CARTESIAN_POINT('',(-11.37508991424,-21.79029712821,0.));
#11880 = SURFACE_OF_LINEAR_EXTRUSION('',#11881,#11885);
#11881 = B_SPLINE_CURVE_WITH_KNOTS('',2,(#11882,#11883,#11884),
  .UNSPECIFIED.,.F.,.F.,(3,3),(0.,1.),.PIECEWISE_BEZIER_KNOTS.);
#11882 = CARTESIAN_POINT('',(-11.4112454375,-21.95635817472,0.));
#11883 = CARTESIAN_POINT('',(-11.37508991424,-21.88540977356,0.));
#11884 = CARTESIAN_POINT('',(-11.37508991424,-21.79029712821,0.));
#11885 = VECTOR('',#11886,1.);
#11886 = DIRECTION('',(-0.,-0.,-1.));
#11887 = ADVANCED_FACE('',(#11888),#11913,.T.);
#11888 = FACE_BOUND('',#11889,.T.);
#11889 = EDGE_LOOP('',(#11890,#11900,#11906,#11907));
#11890 = ORIENTED_EDGE('',*,*,#11891,.T.);
#11891 = EDGE_CURVE('',#11892,#11894,#11896,.T.);
#11892 = VERTEX_POINT('',#11893);
#11893 = CARTESIAN_POINT('',(-11.51680503052,-22.07154712821,0.));
#11894 = VERTEX_POINT('',#11895);
#11895 = CARTESIAN_POINT('',(-11.51680503052,-22.07154712821,0.6));
#11896 = LINE('',#11897,#11898);
#11897 = CARTESIAN_POINT('',(-11.51680503052,-22.07154712821,0.));
#11898 = VECTOR('',#11899,1.);
#11899 = DIRECTION('',(0.,0.,1.));
#11900 = ORIENTED_EDGE('',*,*,#11901,.T.);
#11901 = EDGE_CURVE('',#11894,#11861,#11902,.T.);
#11902 = B_SPLINE_CURVE_WITH_KNOTS('',2,(#11903,#11904,#11905),
  .UNSPECIFIED.,.F.,.F.,(3,3),(0.,1.),.PIECEWISE_BEZIER_KNOTS.);
#11903 = CARTESIAN_POINT('',(-11.51680503052,-22.07154712821,0.6));
#11904 = CARTESIAN_POINT('',(-11.44731011773,-22.02730657588,0.6));
#11905 = CARTESIAN_POINT('',(-11.4112454375,-21.95635817472,0.6));
#11906 = ORIENTED_EDGE('',*,*,#11858,.F.);
#11907 = ORIENTED_EDGE('',*,*,#11908,.F.);
#11908 = EDGE_CURVE('',#11892,#11859,#11909,.T.);
#11909 = B_SPLINE_CURVE_WITH_KNOTS('',2,(#11910,#11911,#11912),
  .UNSPECIFIED.,.F.,.F.,(3,3),(0.,1.),.PIECEWISE_BEZIER_KNOTS.);
#11910 = CARTESIAN_POINT('',(-11.51680503052,-22.07154712821,0.));
#11911 = CARTESIAN_POINT('',(-11.44731011773,-22.02730657588,0.));
#11912 = CARTESIAN_POINT('',(-11.4112454375,-21.95635817472,0.));
#11913 = SURFACE_OF_LINEAR_EXTRUSION('',#11914,#11918);
#11914 = B_SPLINE_CURVE_WITH_KNOTS('',2,(#11915,#11916,#11917),
  .UNSPECIFIED.,.F.,.F.,(3,3),(0.,1.),.PIECEWISE_BEZIER_KNOTS.);
#11915 = CARTESIAN_POINT('',(-11.51680503052,-22.07154712821,0.));
#11916 = CARTESIAN_POINT('',(-11.44731011773,-22.02730657588,0.));
#11917 = CARTESIAN_POINT('',(-11.4112454375,-21.95635817472,0.));
#11918 = VECTOR('',#11919,1.);
#11919 = DIRECTION('',(-0.,-0.,-1.));
#11920 = ADVANCED_FACE('',(#11921),#11946,.T.);
#11921 = FACE_BOUND('',#11922,.T.);
#11922 = EDGE_LOOP('',(#11923,#11933,#11939,#11940));
#11923 = ORIENTED_EDGE('',*,*,#11924,.T.);
#11924 = EDGE_CURVE('',#11925,#11927,#11929,.T.);
#11925 = VERTEX_POINT('',#11926);
#11926 = CARTESIAN_POINT('',(-11.65788424563,-22.12578041309,0.));
#11927 = VERTEX_POINT('',#11928);
#11928 = CARTESIAN_POINT('',(-11.65788424563,-22.12578041309,0.6));
#11929 = LINE('',#11930,#11931);
#11930 = CARTESIAN_POINT('',(-11.65788424563,-22.12578041309,0.));
#11931 = VECTOR('',#11932,1.);
#11932 = DIRECTION('',(0.,0.,1.));
#11933 = ORIENTED_EDGE('',*,*,#11934,.T.);
#11934 = EDGE_CURVE('',#11927,#11894,#11935,.T.);
#11935 = B_SPLINE_CURVE_WITH_KNOTS('',2,(#11936,#11937,#11938),
  .UNSPECIFIED.,.F.,.F.,(3,3),(0.,1.),.PIECEWISE_BEZIER_KNOTS.);
#11936 = CARTESIAN_POINT('',(-11.65788424563,-22.12578041309,0.6));
#11937 = CARTESIAN_POINT('',(-11.58629994331,-22.11569683751,0.6));
#11938 = CARTESIAN_POINT('',(-11.51680503052,-22.07154712821,0.6));
#11939 = ORIENTED_EDGE('',*,*,#11891,.F.);
#11940 = ORIENTED_EDGE('',*,*,#11941,.F.);
#11941 = EDGE_CURVE('',#11925,#11892,#11942,.T.);
#11942 = B_SPLINE_CURVE_WITH_KNOTS('',2,(#11943,#11944,#11945),
  .UNSPECIFIED.,.F.,.F.,(3,3),(0.,1.),.PIECEWISE_BEZIER_KNOTS.);
#11943 = CARTESIAN_POINT('',(-11.65788424563,-22.12578041309,0.));
#11944 = CARTESIAN_POINT('',(-11.58629994331,-22.11569683751,0.));
#11945 = CARTESIAN_POINT('',(-11.51680503052,-22.07154712821,0.));
#11946 = SURFACE_OF_LINEAR_EXTRUSION('',#11947,#11951);
#11947 = B_SPLINE_CURVE_WITH_KNOTS('',2,(#11948,#11949,#11950),
  .UNSPECIFIED.,.F.,.F.,(3,3),(0.,1.),.PIECEWISE_BEZIER_KNOTS.);
#11948 = CARTESIAN_POINT('',(-11.65788424563,-22.12578041309,0.));
#11949 = CARTESIAN_POINT('',(-11.58629994331,-22.11569683751,0.));
#11950 = CARTESIAN_POINT('',(-11.51680503052,-22.07154712821,0.));
#11951 = VECTOR('',#11952,1.);
#11952 = DIRECTION('',(-0.,-0.,-1.));
#11953 = ADVANCED_FACE('',(#11954),#11970,.T.);
#11954 = FACE_BOUND('',#11955,.T.);
#11955 = EDGE_LOOP('',(#11956,#11957,#11963,#11964));
#11956 = ORIENTED_EDGE('',*,*,#11708,.T.);
#11957 = ORIENTED_EDGE('',*,*,#11958,.T.);
#11958 = EDGE_CURVE('',#11701,#11927,#11959,.T.);
#11959 = B_SPLINE_CURVE_WITH_KNOTS('',2,(#11960,#11961,#11962),
  .UNSPECIFIED.,.F.,.F.,(3,3),(0.,1.),.PIECEWISE_BEZIER_KNOTS.);
#11960 = CARTESIAN_POINT('',(-11.84929049563,-22.13577314565,0.6));
#11961 = CARTESIAN_POINT('',(-11.72937770494,-22.13577314565,0.6));
#11962 = CARTESIAN_POINT('',(-11.65788424563,-22.12578041309,0.6));
#11963 = ORIENTED_EDGE('',*,*,#11924,.F.);
#11964 = ORIENTED_EDGE('',*,*,#11965,.F.);
#11965 = EDGE_CURVE('',#11709,#11925,#11966,.T.);
#11966 = B_SPLINE_CURVE_WITH_KNOTS('',2,(#11967,#11968,#11969),
  .UNSPECIFIED.,.F.,.F.,(3,3),(0.,1.),.PIECEWISE_BEZIER_KNOTS.);
#11967 = CARTESIAN_POINT('',(-11.84929049563,-22.13577314565,0.));
#11968 = CARTESIAN_POINT('',(-11.72937770494,-22.13577314565,0.));
#11969 = CARTESIAN_POINT('',(-11.65788424563,-22.12578041309,0.));
#11970 = SURFACE_OF_LINEAR_EXTRUSION('',#11971,#11975);
#11971 = B_SPLINE_CURVE_WITH_KNOTS('',2,(#11972,#11973,#11974),
  .UNSPECIFIED.,.F.,.F.,(3,3),(0.,1.),.PIECEWISE_BEZIER_KNOTS.);
#11972 = CARTESIAN_POINT('',(-11.84929049563,-22.13577314565,0.));
#11973 = CARTESIAN_POINT('',(-11.72937770494,-22.13577314565,0.));
#11974 = CARTESIAN_POINT('',(-11.65788424563,-22.12578041309,0.));
#11975 = VECTOR('',#11976,1.);
#11976 = DIRECTION('',(-0.,-0.,-1.));
#11977 = ADVANCED_FACE('',(#11978,#11990),#12001,.F.);
#11978 = FACE_BOUND('',#11979,.F.);
#11979 = EDGE_LOOP('',(#11980,#11981,#11982,#11983,#11984,#11985,#11986,
    #11987,#11988,#11989));
#11980 = ORIENTED_EDGE('',*,*,#11396,.F.);
#11981 = ORIENTED_EDGE('',*,*,#11427,.F.);
#11982 = ORIENTED_EDGE('',*,*,#11458,.F.);
#11983 = ORIENTED_EDGE('',*,*,#11489,.F.);
#11984 = ORIENTED_EDGE('',*,*,#11520,.F.);
#11985 = ORIENTED_EDGE('',*,*,#11551,.F.);
#11986 = ORIENTED_EDGE('',*,*,#11584,.F.);
#11987 = ORIENTED_EDGE('',*,*,#11617,.F.);
#11988 = ORIENTED_EDGE('',*,*,#11650,.F.);
#11989 = ORIENTED_EDGE('',*,*,#11674,.F.);
#11990 = FACE_BOUND('',#11991,.F.);
#11991 = EDGE_LOOP('',(#11992,#11993,#11994,#11995,#11996,#11997,#11998,
    #11999,#12000));
#11992 = ORIENTED_EDGE('',*,*,#11716,.F.);
#11993 = ORIENTED_EDGE('',*,*,#11747,.F.);
#11994 = ORIENTED_EDGE('',*,*,#11778,.F.);
#11995 = ORIENTED_EDGE('',*,*,#11809,.F.);
#11996 = ORIENTED_EDGE('',*,*,#11842,.F.);
#11997 = ORIENTED_EDGE('',*,*,#11875,.F.);
#11998 = ORIENTED_EDGE('',*,*,#11908,.F.);
#11999 = ORIENTED_EDGE('',*,*,#11941,.F.);
#12000 = ORIENTED_EDGE('',*,*,#11965,.F.);
#12001 = PLANE('',#12002);
#12002 = AXIS2_PLACEMENT_3D('',#12003,#12004,#12005);
#12003 = CARTESIAN_POINT('',(-11.59952427104,-21.51973649038,0.));
#12004 = DIRECTION('',(0.,0.,1.));
#12005 = DIRECTION('',(1.,0.,0.));
#12006 = ADVANCED_FACE('',(#12007,#12019),#12030,.T.);
#12007 = FACE_BOUND('',#12008,.T.);
#12008 = EDGE_LOOP('',(#12009,#12010,#12011,#12012,#12013,#12014,#12015,
    #12016,#12017,#12018));
#12009 = ORIENTED_EDGE('',*,*,#11380,.F.);
#12010 = ORIENTED_EDGE('',*,*,#11420,.F.);
#12011 = ORIENTED_EDGE('',*,*,#11451,.F.);
#12012 = ORIENTED_EDGE('',*,*,#11482,.F.);
#12013 = ORIENTED_EDGE('',*,*,#11513,.F.);
#12014 = ORIENTED_EDGE('',*,*,#11544,.F.);
#12015 = ORIENTED_EDGE('',*,*,#11577,.F.);
#12016 = ORIENTED_EDGE('',*,*,#11610,.F.);
#12017 = ORIENTED_EDGE('',*,*,#11643,.F.);
#12018 = ORIENTED_EDGE('',*,*,#11667,.F.);
#12019 = FACE_BOUND('',#12020,.T.);
#12020 = EDGE_LOOP('',(#12021,#12022,#12023,#12024,#12025,#12026,#12027,
    #12028,#12029));
#12021 = ORIENTED_EDGE('',*,*,#11700,.F.);
#12022 = ORIENTED_EDGE('',*,*,#11740,.F.);
#12023 = ORIENTED_EDGE('',*,*,#11771,.F.);
#12024 = ORIENTED_EDGE('',*,*,#11802,.F.);
#12025 = ORIENTED_EDGE('',*,*,#11835,.F.);
#12026 = ORIENTED_EDGE('',*,*,#11868,.F.);
#12027 = ORIENTED_EDGE('',*,*,#11901,.F.);
#12028 = ORIENTED_EDGE('',*,*,#11934,.F.);
#12029 = ORIENTED_EDGE('',*,*,#11958,.F.);
#12030 = PLANE('',#12031);
#12031 = AXIS2_PLACEMENT_3D('',#12032,#12033,#12034);
#12032 = CARTESIAN_POINT('',(-11.59952427104,-21.51973649038,0.6));
#12033 = DIRECTION('',(0.,0.,1.));
#12034 = DIRECTION('',(1.,0.,0.));
#12035 = MANIFOLD_SOLID_BREP('',#12036);
#12036 = CLOSED_SHELL('',(#12037,#12077,#12108,#12139,#12161,#12173));
#12037 = ADVANCED_FACE('',(#12038),#12072,.T.);
#12038 = FACE_BOUND('',#12039,.T.);
#12039 = EDGE_LOOP('',(#12040,#12050,#12058,#12066));
#12040 = ORIENTED_EDGE('',*,*,#12041,.T.);
#12041 = EDGE_CURVE('',#12042,#12044,#12046,.T.);
#12042 = VERTEX_POINT('',#12043);
#12043 = CARTESIAN_POINT('',(-10.58475561191,-22.36833128519,0.));
#12044 = VERTEX_POINT('',#12045);
#12045 = CARTESIAN_POINT('',(-10.58475561191,-22.36833128519,0.6));
#12046 = LINE('',#12047,#12048);
#12047 = CARTESIAN_POINT('',(-10.58475561191,-22.36833128519,0.));
#12048 = VECTOR('',#12049,1.);
#12049 = DIRECTION('',(0.,0.,1.));
#12050 = ORIENTED_EDGE('',*,*,#12051,.T.);
#12051 = EDGE_CURVE('',#12044,#12052,#12054,.T.);
#12052 = VERTEX_POINT('',#12053);
#12053 = CARTESIAN_POINT('',(-10.85047145494,-22.36833128519,0.6));
#12054 = LINE('',#12055,#12056);
#12055 = CARTESIAN_POINT('',(-10.58475561191,-22.36833128519,0.6));
#12056 = VECTOR('',#12057,1.);
#12057 = DIRECTION('',(-1.,0.,0.));
#12058 = ORIENTED_EDGE('',*,*,#12059,.F.);
#12059 = EDGE_CURVE('',#12060,#12052,#12062,.T.);
#12060 = VERTEX_POINT('',#12061);
#12061 = CARTESIAN_POINT('',(-10.85047145494,-22.36833128519,0.));
#12062 = LINE('',#12063,#12064);
#12063 = CARTESIAN_POINT('',(-10.85047145494,-22.36833128519,0.));
#12064 = VECTOR('',#12065,1.);
#12065 = DIRECTION('',(0.,0.,1.));
#12066 = ORIENTED_EDGE('',*,*,#12067,.F.);
#12067 = EDGE_CURVE('',#12042,#12060,#12068,.T.);
#12068 = LINE('',#12069,#12070);
#12069 = CARTESIAN_POINT('',(-10.58475561191,-22.36833128519,0.));
#12070 = VECTOR('',#12071,1.);
#12071 = DIRECTION('',(-1.,0.,0.));
#12072 = PLANE('',#12073);
#12073 = AXIS2_PLACEMENT_3D('',#12074,#12075,#12076);
#12074 = CARTESIAN_POINT('',(-10.58475561191,-22.36833128519,0.));
#12075 = DIRECTION('',(0.,-1.,0.));
#12076 = DIRECTION('',(-1.,0.,0.));
#12077 = ADVANCED_FACE('',(#12078),#12103,.T.);
#12078 = FACE_BOUND('',#12079,.T.);
#12079 = EDGE_LOOP('',(#12080,#12090,#12096,#12097));
#12080 = ORIENTED_EDGE('',*,*,#12081,.T.);
#12081 = EDGE_CURVE('',#12082,#12084,#12086,.T.);
#12082 = VERTEX_POINT('',#12083);
#12083 = CARTESIAN_POINT('',(-10.58475561191,-20.36833128519,0.));
#12084 = VERTEX_POINT('',#12085);
#12085 = CARTESIAN_POINT('',(-10.58475561191,-20.36833128519,0.6));
#12086 = LINE('',#12087,#12088);
#12087 = CARTESIAN_POINT('',(-10.58475561191,-20.36833128519,0.));
#12088 = VECTOR('',#12089,1.);
#12089 = DIRECTION('',(0.,0.,1.));
#12090 = ORIENTED_EDGE('',*,*,#12091,.T.);
#12091 = EDGE_CURVE('',#12084,#12044,#12092,.T.);
#12092 = LINE('',#12093,#12094);
#12093 = CARTESIAN_POINT('',(-10.58475561191,-20.36833128519,0.6));
#12094 = VECTOR('',#12095,1.);
#12095 = DIRECTION('',(0.,-1.,0.));
#12096 = ORIENTED_EDGE('',*,*,#12041,.F.);
#12097 = ORIENTED_EDGE('',*,*,#12098,.F.);
#12098 = EDGE_CURVE('',#12082,#12042,#12099,.T.);
#12099 = LINE('',#12100,#12101);
#12100 = CARTESIAN_POINT('',(-10.58475561191,-20.36833128519,0.));
#12101 = VECTOR('',#12102,1.);
#12102 = DIRECTION('',(0.,-1.,0.));
#12103 = PLANE('',#12104);
#12104 = AXIS2_PLACEMENT_3D('',#12105,#12106,#12107);
#12105 = CARTESIAN_POINT('',(-10.58475561191,-20.36833128519,0.));
#12106 = DIRECTION('',(1.,0.,0.));
#12107 = DIRECTION('',(0.,-1.,0.));
#12108 = ADVANCED_FACE('',(#12109),#12134,.T.);
#12109 = FACE_BOUND('',#12110,.T.);
#12110 = EDGE_LOOP('',(#12111,#12121,#12127,#12128));
#12111 = ORIENTED_EDGE('',*,*,#12112,.T.);
#12112 = EDGE_CURVE('',#12113,#12115,#12117,.T.);
#12113 = VERTEX_POINT('',#12114);
#12114 = CARTESIAN_POINT('',(-10.85047145494,-20.36833128519,0.));
#12115 = VERTEX_POINT('',#12116);
#12116 = CARTESIAN_POINT('',(-10.85047145494,-20.36833128519,0.6));
#12117 = LINE('',#12118,#12119);
#12118 = CARTESIAN_POINT('',(-10.85047145494,-20.36833128519,0.));
#12119 = VECTOR('',#12120,1.);
#12120 = DIRECTION('',(0.,0.,1.));
#12121 = ORIENTED_EDGE('',*,*,#12122,.T.);
#12122 = EDGE_CURVE('',#12115,#12084,#12123,.T.);
#12123 = LINE('',#12124,#12125);
#12124 = CARTESIAN_POINT('',(-10.85047145494,-20.36833128519,0.6));
#12125 = VECTOR('',#12126,1.);
#12126 = DIRECTION('',(1.,0.,0.));
#12127 = ORIENTED_EDGE('',*,*,#12081,.F.);
#12128 = ORIENTED_EDGE('',*,*,#12129,.F.);
#12129 = EDGE_CURVE('',#12113,#12082,#12130,.T.);
#12130 = LINE('',#12131,#12132);
#12131 = CARTESIAN_POINT('',(-10.85047145494,-20.36833128519,0.));
#12132 = VECTOR('',#12133,1.);
#12133 = DIRECTION('',(1.,0.,0.));
#12134 = PLANE('',#12135);
#12135 = AXIS2_PLACEMENT_3D('',#12136,#12137,#12138);
#12136 = CARTESIAN_POINT('',(-10.85047145494,-20.36833128519,0.));
#12137 = DIRECTION('',(0.,1.,0.));
#12138 = DIRECTION('',(1.,0.,0.));
#12139 = ADVANCED_FACE('',(#12140),#12156,.T.);
#12140 = FACE_BOUND('',#12141,.T.);
#12141 = EDGE_LOOP('',(#12142,#12143,#12149,#12150));
#12142 = ORIENTED_EDGE('',*,*,#12059,.T.);
#12143 = ORIENTED_EDGE('',*,*,#12144,.T.);
#12144 = EDGE_CURVE('',#12052,#12115,#12145,.T.);
#12145 = LINE('',#12146,#12147);
#12146 = CARTESIAN_POINT('',(-10.85047145494,-22.36833128519,0.6));
#12147 = VECTOR('',#12148,1.);
#12148 = DIRECTION('',(0.,1.,0.));
#12149 = ORIENTED_EDGE('',*,*,#12112,.F.);
#12150 = ORIENTED_EDGE('',*,*,#12151,.F.);
#12151 = EDGE_CURVE('',#12060,#12113,#12152,.T.);
#12152 = LINE('',#12153,#12154);
#12153 = CARTESIAN_POINT('',(-10.85047145494,-22.36833128519,0.));
#12154 = VECTOR('',#12155,1.);
#12155 = DIRECTION('',(0.,1.,0.));
#12156 = PLANE('',#12157);
#12157 = AXIS2_PLACEMENT_3D('',#12158,#12159,#12160);
#12158 = CARTESIAN_POINT('',(-10.85047145494,-22.36833128519,0.));
#12159 = DIRECTION('',(-1.,0.,0.));
#12160 = DIRECTION('',(0.,1.,0.));
#12161 = ADVANCED_FACE('',(#12162),#12168,.F.);
#12162 = FACE_BOUND('',#12163,.F.);
#12163 = EDGE_LOOP('',(#12164,#12165,#12166,#12167));
#12164 = ORIENTED_EDGE('',*,*,#12067,.F.);
#12165 = ORIENTED_EDGE('',*,*,#12098,.F.);
#12166 = ORIENTED_EDGE('',*,*,#12129,.F.);
#12167 = ORIENTED_EDGE('',*,*,#12151,.F.);
#12168 = PLANE('',#12169);
#12169 = AXIS2_PLACEMENT_3D('',#12170,#12171,#12172);
#12170 = CARTESIAN_POINT('',(-11.59952427104,-21.51973649038,0.));
#12171 = DIRECTION('',(0.,0.,1.));
#12172 = DIRECTION('',(1.,0.,0.));
#12173 = ADVANCED_FACE('',(#12174),#12180,.T.);
#12174 = FACE_BOUND('',#12175,.T.);
#12175 = EDGE_LOOP('',(#12176,#12177,#12178,#12179));
#12176 = ORIENTED_EDGE('',*,*,#12051,.F.);
#12177 = ORIENTED_EDGE('',*,*,#12091,.F.);
#12178 = ORIENTED_EDGE('',*,*,#12122,.F.);
#12179 = ORIENTED_EDGE('',*,*,#12144,.F.);
#12180 = PLANE('',#12181);
#12181 = AXIS2_PLACEMENT_3D('',#12182,#12183,#12184);
#12182 = CARTESIAN_POINT('',(-11.59952427104,-21.51973649038,0.6));
#12183 = DIRECTION('',(0.,0.,1.));
#12184 = DIRECTION('',(1.,0.,0.));
#12185 = MANIFOLD_SOLID_BREP('',#12186);
#12186 = CLOSED_SHELL('',(#12187,#12227,#12258,#12289,#12320,#12353,
    #12386,#12417,#12448,#12479,#12510,#12541,#12574,#12605,#12638,
    #12660,#12683));
#12187 = ADVANCED_FACE('',(#12188),#12222,.T.);
#12188 = FACE_BOUND('',#12189,.T.);
#12189 = EDGE_LOOP('',(#12190,#12200,#12208,#12216));
#12190 = ORIENTED_EDGE('',*,*,#12191,.T.);
#12191 = EDGE_CURVE('',#12192,#12194,#12196,.T.);
#12192 = VERTEX_POINT('',#12193);
#12193 = CARTESIAN_POINT('',(-8.510718547965,-22.36833128519,0.));
#12194 = VERTEX_POINT('',#12195);
#12195 = CARTESIAN_POINT('',(-8.510718547965,-22.36833128519,0.6));
#12196 = LINE('',#12197,#12198);
#12197 = CARTESIAN_POINT('',(-8.510718547965,-22.36833128519,0.));
#12198 = VECTOR('',#12199,1.);
#12199 = DIRECTION('',(0.,0.,1.));
#12200 = ORIENTED_EDGE('',*,*,#12201,.T.);
#12201 = EDGE_CURVE('',#12194,#12202,#12204,.T.);
#12202 = VERTEX_POINT('',#12203);
#12203 = CARTESIAN_POINT('',(-8.837753431686,-22.36833128519,0.6));
#12204 = LINE('',#12205,#12206);
#12205 = CARTESIAN_POINT('',(-8.510718547965,-22.36833128519,0.6));
#12206 = VECTOR('',#12207,1.);
#12207 = DIRECTION('',(-1.,0.,0.));
#12208 = ORIENTED_EDGE('',*,*,#12209,.F.);
#12209 = EDGE_CURVE('',#12210,#12202,#12212,.T.);
#12210 = VERTEX_POINT('',#12211);
#12211 = CARTESIAN_POINT('',(-8.837753431686,-22.36833128519,0.));
#12212 = LINE('',#12213,#12214);
#12213 = CARTESIAN_POINT('',(-8.837753431686,-22.36833128519,0.));
#12214 = VECTOR('',#12215,1.);
#12215 = DIRECTION('',(0.,0.,1.));
#12216 = ORIENTED_EDGE('',*,*,#12217,.F.);
#12217 = EDGE_CURVE('',#12192,#12210,#12218,.T.);
#12218 = LINE('',#12219,#12220);
#12219 = CARTESIAN_POINT('',(-8.510718547965,-22.36833128519,0.));
#12220 = VECTOR('',#12221,1.);
#12221 = DIRECTION('',(-1.,0.,0.));
#12222 = PLANE('',#12223);
#12223 = AXIS2_PLACEMENT_3D('',#12224,#12225,#12226);
#12224 = CARTESIAN_POINT('',(-8.510718547965,-22.36833128519,0.));
#12225 = DIRECTION('',(0.,-1.,0.));
#12226 = DIRECTION('',(-1.,0.,0.));
#12227 = ADVANCED_FACE('',(#12228),#12253,.T.);
#12228 = FACE_BOUND('',#12229,.T.);
#12229 = EDGE_LOOP('',(#12230,#12240,#12246,#12247));
#12230 = ORIENTED_EDGE('',*,*,#12231,.T.);
#12231 = EDGE_CURVE('',#12232,#12234,#12236,.T.);
#12232 = VERTEX_POINT('',#12233);
#12233 = CARTESIAN_POINT('',(-9.266986716569,-21.30964669216,0.));
#12234 = VERTEX_POINT('',#12235);
#12235 = CARTESIAN_POINT('',(-9.266986716569,-21.30964669216,0.6));
#12236 = LINE('',#12237,#12238);
#12237 = CARTESIAN_POINT('',(-9.266986716569,-21.30964669216,0.));
#12238 = VECTOR('',#12239,1.);
#12239 = DIRECTION('',(0.,0.,1.));
#12240 = ORIENTED_EDGE('',*,*,#12241,.T.);
#12241 = EDGE_CURVE('',#12234,#12194,#12242,.T.);
#12242 = LINE('',#12243,#12244);
#12243 = CARTESIAN_POINT('',(-9.266986716569,-21.30964669216,0.6));
#12244 = VECTOR('',#12245,1.);
#12245 = DIRECTION('',(0.581271217334,-0.813709881899,0.));
#12246 = ORIENTED_EDGE('',*,*,#12191,.F.);
#12247 = ORIENTED_EDGE('',*,*,#12248,.F.);
#12248 = EDGE_CURVE('',#12232,#12192,#12249,.T.);
#12249 = LINE('',#12250,#12251);
#12250 = CARTESIAN_POINT('',(-9.266986716569,-21.30964669216,0.));
#12251 = VECTOR('',#12252,1.);
#12252 = DIRECTION('',(0.581271217334,-0.813709881899,0.));
#12253 = PLANE('',#12254);
#12254 = AXIS2_PLACEMENT_3D('',#12255,#12256,#12257);
#12255 = CARTESIAN_POINT('',(-9.266986716569,-21.30964669216,0.));
#12256 = DIRECTION('',(0.813709881899,0.581271217334,0.));
#12257 = DIRECTION('',(0.581271217334,-0.813709881899,0.));
#12258 = ADVANCED_FACE('',(#12259),#12284,.T.);
#12259 = FACE_BOUND('',#12260,.T.);
#12260 = EDGE_LOOP('',(#12261,#12271,#12277,#12278));
#12261 = ORIENTED_EDGE('',*,*,#12262,.T.);
#12262 = EDGE_CURVE('',#12263,#12265,#12267,.T.);
#12263 = VERTEX_POINT('',#12264);
#12264 = CARTESIAN_POINT('',(-8.566587007267,-20.36833128519,0.));
#12265 = VERTEX_POINT('',#12266);
#12266 = CARTESIAN_POINT('',(-8.566587007267,-20.36833128519,0.6));
#12267 = LINE('',#12268,#12269);
#12268 = CARTESIAN_POINT('',(-8.566587007267,-20.36833128519,0.));
#12269 = VECTOR('',#12270,1.);
#12270 = DIRECTION('',(0.,0.,1.));
#12271 = ORIENTED_EDGE('',*,*,#12272,.T.);
#12272 = EDGE_CURVE('',#12265,#12234,#12273,.T.);
#12273 = LINE('',#12274,#12275);
#12274 = CARTESIAN_POINT('',(-8.566587007267,-20.36833128519,0.6));
#12275 = VECTOR('',#12276,1.);
#12276 = DIRECTION('',(-0.596948191352,-0.802279787132,0.));
#12277 = ORIENTED_EDGE('',*,*,#12231,.F.);
#12278 = ORIENTED_EDGE('',*,*,#12279,.F.);
#12279 = EDGE_CURVE('',#12263,#12232,#12280,.T.);
#12280 = LINE('',#12281,#12282);
#12281 = CARTESIAN_POINT('',(-8.566587007267,-20.36833128519,0.));
#12282 = VECTOR('',#12283,1.);
#12283 = DIRECTION('',(-0.596948191352,-0.802279787132,0.));
#12284 = PLANE('',#12285);
#12285 = AXIS2_PLACEMENT_3D('',#12286,#12287,#12288);
#12286 = CARTESIAN_POINT('',(-8.566587007267,-20.36833128519,0.));
#12287 = DIRECTION('',(0.802279787132,-0.596948191352,0.));
#12288 = DIRECTION('',(-0.596948191352,-0.802279787132,0.));
#12289 = ADVANCED_FACE('',(#12290),#12315,.T.);
#12290 = FACE_BOUND('',#12291,.T.);
#12291 = EDGE_LOOP('',(#12292,#12302,#12308,#12309));
#12292 = ORIENTED_EDGE('',*,*,#12293,.T.);
#12293 = EDGE_CURVE('',#12294,#12296,#12298,.T.);
#12294 = VERTEX_POINT('',#12295);
#12295 = CARTESIAN_POINT('',(-8.854105175872,-20.36833128519,0.));
#12296 = VERTEX_POINT('',#12297);
#12297 = CARTESIAN_POINT('',(-8.854105175872,-20.36833128519,0.6));
#12298 = LINE('',#12299,#12300);
#12299 = CARTESIAN_POINT('',(-8.854105175872,-20.36833128519,0.));
#12300 = VECTOR('',#12301,1.);
#12301 = DIRECTION('',(0.,0.,1.));
#12302 = ORIENTED_EDGE('',*,*,#12303,.T.);
#12303 = EDGE_CURVE('',#12296,#12265,#12304,.T.);
#12304 = LINE('',#12305,#12306);
#12305 = CARTESIAN_POINT('',(-8.854105175872,-20.36833128519,0.6));
#12306 = VECTOR('',#12307,1.);
#12307 = DIRECTION('',(1.,0.,0.));
#12308 = ORIENTED_EDGE('',*,*,#12262,.F.);
#12309 = ORIENTED_EDGE('',*,*,#12310,.F.);
#12310 = EDGE_CURVE('',#12294,#12263,#12311,.T.);
#12311 = LINE('',#12312,#12313);
#12312 = CARTESIAN_POINT('',(-8.854105175872,-20.36833128519,0.));
#12313 = VECTOR('',#12314,1.);
#12314 = DIRECTION('',(1.,0.,0.));
#12315 = PLANE('',#12316);
#12316 = AXIS2_PLACEMENT_3D('',#12317,#12318,#12319);
#12317 = CARTESIAN_POINT('',(-8.854105175872,-20.36833128519,0.));
#12318 = DIRECTION('',(0.,1.,0.));
#12319 = DIRECTION('',(1.,0.,0.));
#12320 = ADVANCED_FACE('',(#12321),#12346,.T.);
#12321 = FACE_BOUND('',#12322,.T.);
#12322 = EDGE_LOOP('',(#12323,#12333,#12339,#12340));
#12323 = ORIENTED_EDGE('',*,*,#12324,.T.);
#12324 = EDGE_CURVE('',#12325,#12327,#12329,.T.);
#12325 = VERTEX_POINT('',#12326);
#12326 = CARTESIAN_POINT('',(-9.415515059593,-21.12559872705,0.));
#12327 = VERTEX_POINT('',#12328);
#12328 = CARTESIAN_POINT('',(-9.415515059593,-21.12559872705,0.6));
#12329 = LINE('',#12330,#12331);
#12330 = CARTESIAN_POINT('',(-9.415515059593,-21.12559872705,0.));
#12331 = VECTOR('',#12332,1.);
#12332 = DIRECTION('',(0.,0.,1.));
#12333 = ORIENTED_EDGE('',*,*,#12334,.T.);
#12334 = EDGE_CURVE('',#12327,#12296,#12335,.T.);
#12335 = B_SPLINE_CURVE_WITH_KNOTS('',2,(#12336,#12337,#12338),
  .UNSPECIFIED.,.F.,.F.,(3,3),(0.,1.),.PIECEWISE_BEZIER_KNOTS.);
#12336 = CARTESIAN_POINT('',(-9.415515059593,-21.12559872705,0.6));
#12337 = CARTESIAN_POINT('',(-9.362371890988,-21.03448317472,0.6));
#12338 = CARTESIAN_POINT('',(-8.854105175872,-20.36833128519,0.6));
#12339 = ORIENTED_EDGE('',*,*,#12293,.F.);
#12340 = ORIENTED_EDGE('',*,*,#12341,.F.);
#12341 = EDGE_CURVE('',#12325,#12294,#12342,.T.);
#12342 = B_SPLINE_CURVE_WITH_KNOTS('',2,(#12343,#12344,#12345),
  .UNSPECIFIED.,.F.,.F.,(3,3),(0.,1.),.PIECEWISE_BEZIER_KNOTS.);
#12343 = CARTESIAN_POINT('',(-9.415515059593,-21.12559872705,0.));
#12344 = CARTESIAN_POINT('',(-9.362371890988,-21.03448317472,0.));
#12345 = CARTESIAN_POINT('',(-8.854105175872,-20.36833128519,0.));
#12346 = SURFACE_OF_LINEAR_EXTRUSION('',#12347,#12351);
#12347 = B_SPLINE_CURVE_WITH_KNOTS('',2,(#12348,#12349,#12350),
  .UNSPECIFIED.,.F.,.F.,(3,3),(0.,1.),.PIECEWISE_BEZIER_KNOTS.);
#12348 = CARTESIAN_POINT('',(-9.415515059593,-21.12559872705,0.));
#12349 = CARTESIAN_POINT('',(-9.362371890988,-21.03448317472,0.));
#12350 = CARTESIAN_POINT('',(-8.854105175872,-20.36833128519,0.));
#12351 = VECTOR('',#12352,1.);
#12352 = DIRECTION('',(-0.,-0.,-1.));
#12353 = ADVANCED_FACE('',(#12354),#12379,.T.);
#12354 = FACE_BOUND('',#12355,.T.);
#12355 = EDGE_LOOP('',(#12356,#12366,#12372,#12373));
#12356 = ORIENTED_EDGE('',*,*,#12357,.T.);
#12357 = EDGE_CURVE('',#12358,#12360,#12362,.T.);
#12358 = VERTEX_POINT('',#12359);
#12359 = CARTESIAN_POINT('',(-9.516350815407,-20.96444320379,0.));
#12360 = VERTEX_POINT('',#12361);
#12361 = CARTESIAN_POINT('',(-9.516350815407,-20.96444320379,0.6));
#12362 = LINE('',#12363,#12364);
#12363 = CARTESIAN_POINT('',(-9.516350815407,-20.96444320379,0.));
#12364 = VECTOR('',#12365,1.);
#12365 = DIRECTION('',(0.,0.,1.));
#12366 = ORIENTED_EDGE('',*,*,#12367,.T.);
#12367 = EDGE_CURVE('',#12360,#12327,#12368,.T.);
#12368 = B_SPLINE_CURVE_WITH_KNOTS('',2,(#12369,#12370,#12371),
  .UNSPECIFIED.,.F.,.F.,(3,3),(0.,1.),.PIECEWISE_BEZIER_KNOTS.);
#12369 = CARTESIAN_POINT('',(-9.516350815407,-20.96444320379,0.6));
#12370 = CARTESIAN_POINT('',(-9.448218547965,-21.0605551224,0.6));
#12371 = CARTESIAN_POINT('',(-9.415515059593,-21.12559872705,0.6));
#12372 = ORIENTED_EDGE('',*,*,#12324,.F.);
#12373 = ORIENTED_EDGE('',*,*,#12374,.F.);
#12374 = EDGE_CURVE('',#12358,#12325,#12375,.T.);
#12375 = B_SPLINE_CURVE_WITH_KNOTS('',2,(#12376,#12377,#12378),
  .UNSPECIFIED.,.F.,.F.,(3,3),(0.,1.),.PIECEWISE_BEZIER_KNOTS.);
#12376 = CARTESIAN_POINT('',(-9.516350815407,-20.96444320379,0.));
#12377 = CARTESIAN_POINT('',(-9.448218547965,-21.0605551224,0.));
#12378 = CARTESIAN_POINT('',(-9.415515059593,-21.12559872705,0.));
#12379 = SURFACE_OF_LINEAR_EXTRUSION('',#12380,#12384);
#12380 = B_SPLINE_CURVE_WITH_KNOTS('',2,(#12381,#12382,#12383),
  .UNSPECIFIED.,.F.,.F.,(3,3),(0.,1.),.PIECEWISE_BEZIER_KNOTS.);
#12381 = CARTESIAN_POINT('',(-9.516350815407,-20.96444320379,0.));
#12382 = CARTESIAN_POINT('',(-9.448218547965,-21.0605551224,0.));
#12383 = CARTESIAN_POINT('',(-9.415515059593,-21.12559872705,0.));
#12384 = VECTOR('',#12385,1.);
#12385 = DIRECTION('',(-0.,-0.,-1.));
#12386 = ADVANCED_FACE('',(#12387),#12412,.T.);
#12387 = FACE_BOUND('',#12388,.T.);
#12388 = EDGE_LOOP('',(#12389,#12399,#12405,#12406));
#12389 = ORIENTED_EDGE('',*,*,#12390,.T.);
#12390 = EDGE_CURVE('',#12391,#12393,#12395,.T.);
#12391 = VERTEX_POINT('',#12392);
#12392 = CARTESIAN_POINT('',(-9.937408228197,-20.36833128519,0.));
#12393 = VERTEX_POINT('',#12394);
#12394 = CARTESIAN_POINT('',(-9.937408228197,-20.36833128519,0.6));
#12395 = LINE('',#12396,#12397);
#12396 = CARTESIAN_POINT('',(-9.937408228197,-20.36833128519,0.));
#12397 = VECTOR('',#12398,1.);
#12398 = DIRECTION('',(0.,0.,1.));
#12399 = ORIENTED_EDGE('',*,*,#12400,.T.);
#12400 = EDGE_CURVE('',#12393,#12360,#12401,.T.);
#12401 = LINE('',#12402,#12403);
#12402 = CARTESIAN_POINT('',(-9.937408228197,-20.36833128519,0.6));
#12403 = VECTOR('',#12404,1.);
#12404 = DIRECTION('',(0.576932404251,-0.816791895727,0.));
#12405 = ORIENTED_EDGE('',*,*,#12357,.F.);
#12406 = ORIENTED_EDGE('',*,*,#12407,.F.);
#12407 = EDGE_CURVE('',#12391,#12358,#12408,.T.);
#12408 = LINE('',#12409,#12410);
#12409 = CARTESIAN_POINT('',(-9.937408228197,-20.36833128519,0.));
#12410 = VECTOR('',#12411,1.);
#12411 = DIRECTION('',(0.576932404251,-0.816791895727,0.));
#12412 = PLANE('',#12413);
#12413 = AXIS2_PLACEMENT_3D('',#12414,#12415,#12416);
#12414 = CARTESIAN_POINT('',(-9.937408228197,-20.36833128519,0.));
#12415 = DIRECTION('',(0.816791895727,0.576932404251,0.));
#12416 = DIRECTION('',(0.576932404251,-0.816791895727,0.));
#12417 = ADVANCED_FACE('',(#12418),#12443,.T.);
#12418 = FACE_BOUND('',#12419,.T.);
#12419 = EDGE_LOOP('',(#12420,#12430,#12436,#12437));
#12420 = ORIENTED_EDGE('',*,*,#12421,.T.);
#12421 = EDGE_CURVE('',#12422,#12424,#12426,.T.);
#12422 = VERTEX_POINT('',#12423);
#12423 = CARTESIAN_POINT('',(-10.25217930377,-20.36833128519,0.));
#12424 = VERTEX_POINT('',#12425);
#12425 = CARTESIAN_POINT('',(-10.25217930377,-20.36833128519,0.6));
#12426 = LINE('',#12427,#12428);
#12427 = CARTESIAN_POINT('',(-10.25217930377,-20.36833128519,0.));
#12428 = VECTOR('',#12429,1.);
#12429 = DIRECTION('',(0.,0.,1.));
#12430 = ORIENTED_EDGE('',*,*,#12431,.T.);
#12431 = EDGE_CURVE('',#12424,#12393,#12432,.T.);
#12432 = LINE('',#12433,#12434);
#12433 = CARTESIAN_POINT('',(-10.25217930377,-20.36833128519,0.6));
#12434 = VECTOR('',#12435,1.);
#12435 = DIRECTION('',(1.,0.,0.));
#12436 = ORIENTED_EDGE('',*,*,#12390,.F.);
#12437 = ORIENTED_EDGE('',*,*,#12438,.F.);
#12438 = EDGE_CURVE('',#12422,#12391,#12439,.T.);
#12439 = LINE('',#12440,#12441);
#12440 = CARTESIAN_POINT('',(-10.25217930377,-20.36833128519,0.));
#12441 = VECTOR('',#12442,1.);
#12442 = DIRECTION('',(1.,0.,0.));
#12443 = PLANE('',#12444);
#12444 = AXIS2_PLACEMENT_3D('',#12445,#12446,#12447);
#12445 = CARTESIAN_POINT('',(-10.25217930377,-20.36833128519,0.));
#12446 = DIRECTION('',(0.,1.,0.));
#12447 = DIRECTION('',(1.,0.,0.));
#12448 = ADVANCED_FACE('',(#12449),#12474,.T.);
#12449 = FACE_BOUND('',#12450,.T.);
#12450 = EDGE_LOOP('',(#12451,#12461,#12467,#12468));
#12451 = ORIENTED_EDGE('',*,*,#12452,.T.);
#12452 = EDGE_CURVE('',#12453,#12455,#12457,.T.);
#12453 = VERTEX_POINT('',#12454);
#12454 = CARTESIAN_POINT('',(-9.568131338662,-21.32690686658,0.));
#12455 = VERTEX_POINT('',#12456);
#12456 = CARTESIAN_POINT('',(-9.568131338662,-21.32690686658,0.6));
#12457 = LINE('',#12458,#12459);
#12458 = CARTESIAN_POINT('',(-9.568131338662,-21.32690686658,0.));
#12459 = VECTOR('',#12460,1.);
#12460 = DIRECTION('',(0.,0.,1.));
#12461 = ORIENTED_EDGE('',*,*,#12462,.T.);
#12462 = EDGE_CURVE('',#12455,#12424,#12463,.T.);
#12463 = LINE('',#12464,#12465);
#12464 = CARTESIAN_POINT('',(-9.568131338662,-21.32690686658,0.6));
#12465 = VECTOR('',#12466,1.);
#12466 = DIRECTION('',(-0.58087327824,0.813994001592,0.));
#12467 = ORIENTED_EDGE('',*,*,#12421,.F.);
#12468 = ORIENTED_EDGE('',*,*,#12469,.F.);
#12469 = EDGE_CURVE('',#12453,#12422,#12470,.T.);
#12470 = LINE('',#12471,#12472);
#12471 = CARTESIAN_POINT('',(-9.568131338662,-21.32690686658,0.));
#12472 = VECTOR('',#12473,1.);
#12473 = DIRECTION('',(-0.58087327824,0.813994001592,0.));
#12474 = PLANE('',#12475);
#12475 = AXIS2_PLACEMENT_3D('',#12476,#12477,#12478);
#12476 = CARTESIAN_POINT('',(-9.568131338662,-21.32690686658,0.));
#12477 = DIRECTION('',(-0.813994001592,-0.58087327824,0.));
#12478 = DIRECTION('',(-0.58087327824,0.813994001592,0.));
#12479 = ADVANCED_FACE('',(#12480),#12505,.T.);
#12480 = FACE_BOUND('',#12481,.T.);
#12481 = EDGE_LOOP('',(#12482,#12492,#12498,#12499));
#12482 = ORIENTED_EDGE('',*,*,#12483,.T.);
#12483 = EDGE_CURVE('',#12484,#12486,#12488,.T.);
#12484 = VERTEX_POINT('',#12485);
#12485 = CARTESIAN_POINT('',(-10.3421138968,-22.36833128519,0.));
#12486 = VERTEX_POINT('',#12487);
#12487 = CARTESIAN_POINT('',(-10.3421138968,-22.36833128519,0.6));
#12488 = LINE('',#12489,#12490);
#12489 = CARTESIAN_POINT('',(-10.3421138968,-22.36833128519,0.));
#12490 = VECTOR('',#12491,1.);
#12491 = DIRECTION('',(0.,0.,1.));
#12492 = ORIENTED_EDGE('',*,*,#12493,.T.);
#12493 = EDGE_CURVE('',#12486,#12455,#12494,.T.);
#12494 = LINE('',#12495,#12496);
#12495 = CARTESIAN_POINT('',(-10.3421138968,-22.36833128519,0.6));
#12496 = VECTOR('',#12497,1.);
#12497 = DIRECTION('',(0.596499292469,0.80261360198,0.));
#12498 = ORIENTED_EDGE('',*,*,#12452,.F.);
#12499 = ORIENTED_EDGE('',*,*,#12500,.F.);
#12500 = EDGE_CURVE('',#12484,#12453,#12501,.T.);
#12501 = LINE('',#12502,#12503);
#12502 = CARTESIAN_POINT('',(-10.3421138968,-22.36833128519,0.));
#12503 = VECTOR('',#12504,1.);
#12504 = DIRECTION('',(0.596499292469,0.80261360198,0.));
#12505 = PLANE('',#12506);
#12506 = AXIS2_PLACEMENT_3D('',#12507,#12508,#12509);
#12507 = CARTESIAN_POINT('',(-10.3421138968,-22.36833128519,0.));
#12508 = DIRECTION('',(-0.80261360198,0.596499292469,0.));
#12509 = DIRECTION('',(0.596499292469,0.80261360198,0.));
#12510 = ADVANCED_FACE('',(#12511),#12536,.T.);
#12511 = FACE_BOUND('',#12512,.T.);
#12512 = EDGE_LOOP('',(#12513,#12523,#12529,#12530));
#12513 = ORIENTED_EDGE('',*,*,#12514,.T.);
#12514 = EDGE_CURVE('',#12515,#12517,#12519,.T.);
#12515 = VERTEX_POINT('',#12516);
#12516 = CARTESIAN_POINT('',(-10.02325488517,-22.36833128519,0.));
#12517 = VERTEX_POINT('',#12518);
#12518 = CARTESIAN_POINT('',(-10.02325488517,-22.36833128519,0.6));
#12519 = LINE('',#12520,#12521);
#12520 = CARTESIAN_POINT('',(-10.02325488517,-22.36833128519,0.));
#12521 = VECTOR('',#12522,1.);
#12522 = DIRECTION('',(0.,0.,1.));
#12523 = ORIENTED_EDGE('',*,*,#12524,.T.);
#12524 = EDGE_CURVE('',#12517,#12486,#12525,.T.);
#12525 = LINE('',#12526,#12527);
#12526 = CARTESIAN_POINT('',(-10.02325488517,-22.36833128519,0.6));
#12527 = VECTOR('',#12528,1.);
#12528 = DIRECTION('',(-1.,0.,0.));
#12529 = ORIENTED_EDGE('',*,*,#12483,.F.);
#12530 = ORIENTED_EDGE('',*,*,#12531,.F.);
#12531 = EDGE_CURVE('',#12515,#12484,#12532,.T.);
#12532 = LINE('',#12533,#12534);
#12533 = CARTESIAN_POINT('',(-10.02325488517,-22.36833128519,0.));
#12534 = VECTOR('',#12535,1.);
#12535 = DIRECTION('',(-1.,0.,0.));
#12536 = PLANE('',#12537);
#12537 = AXIS2_PLACEMENT_3D('',#12538,#12539,#12540);
#12538 = CARTESIAN_POINT('',(-10.02325488517,-22.36833128519,0.));
#12539 = DIRECTION('',(0.,-1.,0.));
#12540 = DIRECTION('',(-1.,0.,0.));
#12541 = ADVANCED_FACE('',(#12542),#12567,.T.);
#12542 = FACE_BOUND('',#12543,.T.);
#12543 = EDGE_LOOP('',(#12544,#12554,#12560,#12561));
#12544 = ORIENTED_EDGE('',*,*,#12545,.T.);
#12545 = EDGE_CURVE('',#12546,#12548,#12550,.T.);
#12546 = VERTEX_POINT('',#12547);
#12547 = CARTESIAN_POINT('',(-9.429141513081,-21.52231020961,0.));
#12548 = VERTEX_POINT('',#12549);
#12549 = CARTESIAN_POINT('',(-9.429141513081,-21.52231020961,0.6));
#12550 = LINE('',#12551,#12552);
#12551 = CARTESIAN_POINT('',(-9.429141513081,-21.52231020961,0.));
#12552 = VECTOR('',#12553,1.);
#12553 = DIRECTION('',(0.,0.,1.));
#12554 = ORIENTED_EDGE('',*,*,#12555,.T.);
#12555 = EDGE_CURVE('',#12548,#12517,#12556,.T.);
#12556 = B_SPLINE_CURVE_WITH_KNOTS('',2,(#12557,#12558,#12559),
  .UNSPECIFIED.,.F.,.F.,(3,3),(0.,1.),.PIECEWISE_BEZIER_KNOTS.);
#12557 = CARTESIAN_POINT('',(-9.429141513081,-21.52231020961,0.6));
#12558 = CARTESIAN_POINT('',(-9.429141513081,-21.54683782588,0.6));
#12559 = CARTESIAN_POINT('',(-10.02325488517,-22.36833128519,0.6));
#12560 = ORIENTED_EDGE('',*,*,#12514,.F.);
#12561 = ORIENTED_EDGE('',*,*,#12562,.F.);
#12562 = EDGE_CURVE('',#12546,#12515,#12563,.T.);
#12563 = B_SPLINE_CURVE_WITH_KNOTS('',2,(#12564,#12565,#12566),
  .UNSPECIFIED.,.F.,.F.,(3,3),(0.,1.),.PIECEWISE_BEZIER_KNOTS.);
#12564 = CARTESIAN_POINT('',(-9.429141513081,-21.52231020961,0.));
#12565 = CARTESIAN_POINT('',(-9.429141513081,-21.54683782588,0.));
#12566 = CARTESIAN_POINT('',(-10.02325488517,-22.36833128519,0.));
#12567 = SURFACE_OF_LINEAR_EXTRUSION('',#12568,#12572);
#12568 = B_SPLINE_CURVE_WITH_KNOTS('',2,(#12569,#12570,#12571),
  .UNSPECIFIED.,.F.,.F.,(3,3),(0.,1.),.PIECEWISE_BEZIER_KNOTS.);
#12569 = CARTESIAN_POINT('',(-9.429141513081,-21.52231020961,0.));
#12570 = CARTESIAN_POINT('',(-9.429141513081,-21.54683782588,0.));
#12571 = CARTESIAN_POINT('',(-10.02325488517,-22.36833128519,0.));
#12572 = VECTOR('',#12573,1.);
#12573 = DIRECTION('',(-0.,-0.,-1.));
#12574 = ADVANCED_FACE('',(#12575),#12600,.T.);
#12575 = FACE_BOUND('',#12576,.T.);
#12576 = EDGE_LOOP('',(#12577,#12587,#12593,#12594));
#12577 = ORIENTED_EDGE('',*,*,#12578,.T.);
#12578 = EDGE_CURVE('',#12579,#12581,#12583,.T.);
#12579 = VERTEX_POINT('',#12580);
#12580 = CARTESIAN_POINT('',(-9.423690931686,-21.52231020961,0.));
#12581 = VERTEX_POINT('',#12582);
#12582 = CARTESIAN_POINT('',(-9.423690931686,-21.52231020961,0.6));
#12583 = LINE('',#12584,#12585);
#12584 = CARTESIAN_POINT('',(-9.423690931686,-21.52231020961,0.));
#12585 = VECTOR('',#12586,1.);
#12586 = DIRECTION('',(0.,0.,1.));
#12587 = ORIENTED_EDGE('',*,*,#12588,.T.);
#12588 = EDGE_CURVE('',#12581,#12548,#12589,.T.);
#12589 = LINE('',#12590,#12591);
#12590 = CARTESIAN_POINT('',(-9.423690931686,-21.52231020961,0.6));
#12591 = VECTOR('',#12592,1.);
#12592 = DIRECTION('',(-1.,0.,0.));
#12593 = ORIENTED_EDGE('',*,*,#12545,.F.);
#12594 = ORIENTED_EDGE('',*,*,#12595,.F.);
#12595 = EDGE_CURVE('',#12579,#12546,#12596,.T.);
#12596 = LINE('',#12597,#12598);
#12597 = CARTESIAN_POINT('',(-9.423690931686,-21.52231020961,0.));
#12598 = VECTOR('',#12599,1.);
#12599 = DIRECTION('',(-1.,0.,0.));
#12600 = PLANE('',#12601);
#12601 = AXIS2_PLACEMENT_3D('',#12602,#12603,#12604);
#12602 = CARTESIAN_POINT('',(-9.423690931686,-21.52231020961,0.));
#12603 = DIRECTION('',(0.,-1.,0.));
#12604 = DIRECTION('',(-1.,0.,0.));
#12605 = ADVANCED_FACE('',(#12606),#12631,.T.);
#12606 = FACE_BOUND('',#12607,.T.);
#12607 = EDGE_LOOP('',(#12608,#12618,#12624,#12625));
#12608 = ORIENTED_EDGE('',*,*,#12609,.T.);
#12609 = EDGE_CURVE('',#12610,#12612,#12614,.T.);
#12610 = VERTEX_POINT('',#12611);
#12611 = CARTESIAN_POINT('',(-9.238371164244,-21.80156166309,0.));
#12612 = VERTEX_POINT('',#12613);
#12613 = CARTESIAN_POINT('',(-9.238371164244,-21.80156166309,0.6));
#12614 = LINE('',#12615,#12616);
#12615 = CARTESIAN_POINT('',(-9.238371164244,-21.80156166309,0.));
#12616 = VECTOR('',#12617,1.);
#12617 = DIRECTION('',(0.,0.,1.));
#12618 = ORIENTED_EDGE('',*,*,#12619,.T.);
#12619 = EDGE_CURVE('',#12612,#12581,#12620,.T.);
#12620 = B_SPLINE_CURVE_WITH_KNOTS('',2,(#12621,#12622,#12623),
  .UNSPECIFIED.,.F.,.F.,(3,3),(0.,1.),.PIECEWISE_BEZIER_KNOTS.);
#12621 = CARTESIAN_POINT('',(-9.238371164244,-21.80156166309,0.6));
#12622 = CARTESIAN_POINT('',(-9.385536861918,-21.59316776774,0.6));
#12623 = CARTESIAN_POINT('',(-9.423690931686,-21.52231020961,0.6));
#12624 = ORIENTED_EDGE('',*,*,#12578,.F.);
#12625 = ORIENTED_EDGE('',*,*,#12626,.F.);
#12626 = EDGE_CURVE('',#12610,#12579,#12627,.T.);
#12627 = B_SPLINE_CURVE_WITH_KNOTS('',2,(#12628,#12629,#12630),
  .UNSPECIFIED.,.F.,.F.,(3,3),(0.,1.),.PIECEWISE_BEZIER_KNOTS.);
#12628 = CARTESIAN_POINT('',(-9.238371164244,-21.80156166309,0.));
#12629 = CARTESIAN_POINT('',(-9.385536861918,-21.59316776774,0.));
#12630 = CARTESIAN_POINT('',(-9.423690931686,-21.52231020961,0.));
#12631 = SURFACE_OF_LINEAR_EXTRUSION('',#12632,#12636);
#12632 = B_SPLINE_CURVE_WITH_KNOTS('',2,(#12633,#12634,#12635),
  .UNSPECIFIED.,.F.,.F.,(3,3),(0.,1.),.PIECEWISE_BEZIER_KNOTS.);
#12633 = CARTESIAN_POINT('',(-9.238371164244,-21.80156166309,0.));
#12634 = CARTESIAN_POINT('',(-9.385536861918,-21.59316776774,0.));
#12635 = CARTESIAN_POINT('',(-9.423690931686,-21.52231020961,0.));
#12636 = VECTOR('',#12637,1.);
#12637 = DIRECTION('',(-0.,-0.,-1.));
#12638 = ADVANCED_FACE('',(#12639),#12655,.T.);
#12639 = FACE_BOUND('',#12640,.T.);
#12640 = EDGE_LOOP('',(#12641,#12642,#12648,#12649));
#12641 = ORIENTED_EDGE('',*,*,#12209,.T.);
#12642 = ORIENTED_EDGE('',*,*,#12643,.T.);
#12643 = EDGE_CURVE('',#12202,#12612,#12644,.T.);
#12644 = LINE('',#12645,#12646);
#12645 = CARTESIAN_POINT('',(-8.837753431686,-22.36833128519,0.6));
#12646 = VECTOR('',#12647,1.);
#12647 = DIRECTION('',(-0.577207227436,0.81659770793,0.));
#12648 = ORIENTED_EDGE('',*,*,#12609,.F.);
#12649 = ORIENTED_EDGE('',*,*,#12650,.F.);
#12650 = EDGE_CURVE('',#12210,#12610,#12651,.T.);
#12651 = LINE('',#12652,#12653);
#12652 = CARTESIAN_POINT('',(-8.837753431686,-22.36833128519,0.));
#12653 = VECTOR('',#12654,1.);
#12654 = DIRECTION('',(-0.577207227436,0.81659770793,0.));
#12655 = PLANE('',#12656);
#12656 = AXIS2_PLACEMENT_3D('',#12657,#12658,#12659);
#12657 = CARTESIAN_POINT('',(-8.837753431686,-22.36833128519,0.));
#12658 = DIRECTION('',(-0.81659770793,-0.577207227436,0.));
#12659 = DIRECTION('',(-0.577207227436,0.81659770793,0.));
#12660 = ADVANCED_FACE('',(#12661),#12678,.F.);
#12661 = FACE_BOUND('',#12662,.F.);
#12662 = EDGE_LOOP('',(#12663,#12664,#12665,#12666,#12667,#12668,#12669,
    #12670,#12671,#12672,#12673,#12674,#12675,#12676,#12677));
#12663 = ORIENTED_EDGE('',*,*,#12217,.F.);
#12664 = ORIENTED_EDGE('',*,*,#12248,.F.);
#12665 = ORIENTED_EDGE('',*,*,#12279,.F.);
#12666 = ORIENTED_EDGE('',*,*,#12310,.F.);
#12667 = ORIENTED_EDGE('',*,*,#12341,.F.);
#12668 = ORIENTED_EDGE('',*,*,#12374,.F.);
#12669 = ORIENTED_EDGE('',*,*,#12407,.F.);
#12670 = ORIENTED_EDGE('',*,*,#12438,.F.);
#12671 = ORIENTED_EDGE('',*,*,#12469,.F.);
#12672 = ORIENTED_EDGE('',*,*,#12500,.F.);
#12673 = ORIENTED_EDGE('',*,*,#12531,.F.);
#12674 = ORIENTED_EDGE('',*,*,#12562,.F.);
#12675 = ORIENTED_EDGE('',*,*,#12595,.F.);
#12676 = ORIENTED_EDGE('',*,*,#12626,.F.);
#12677 = ORIENTED_EDGE('',*,*,#12650,.F.);
#12678 = PLANE('',#12679);
#12679 = AXIS2_PLACEMENT_3D('',#12680,#12681,#12682);
#12680 = CARTESIAN_POINT('',(-9.418295970563,-21.37601282178,0.));
#12681 = DIRECTION('',(0.,0.,1.));
#12682 = DIRECTION('',(1.,0.,0.));
#12683 = ADVANCED_FACE('',(#12684),#12701,.T.);
#12684 = FACE_BOUND('',#12685,.T.);
#12685 = EDGE_LOOP('',(#12686,#12687,#12688,#12689,#12690,#12691,#12692,
    #12693,#12694,#12695,#12696,#12697,#12698,#12699,#12700));
#12686 = ORIENTED_EDGE('',*,*,#12201,.F.);
#12687 = ORIENTED_EDGE('',*,*,#12241,.F.);
#12688 = ORIENTED_EDGE('',*,*,#12272,.F.);
#12689 = ORIENTED_EDGE('',*,*,#12303,.F.);
#12690 = ORIENTED_EDGE('',*,*,#12334,.F.);
#12691 = ORIENTED_EDGE('',*,*,#12367,.F.);
#12692 = ORIENTED_EDGE('',*,*,#12400,.F.);
#12693 = ORIENTED_EDGE('',*,*,#12431,.F.);
#12694 = ORIENTED_EDGE('',*,*,#12462,.F.);
#12695 = ORIENTED_EDGE('',*,*,#12493,.F.);
#12696 = ORIENTED_EDGE('',*,*,#12524,.F.);
#12697 = ORIENTED_EDGE('',*,*,#12555,.F.);
#12698 = ORIENTED_EDGE('',*,*,#12588,.F.);
#12699 = ORIENTED_EDGE('',*,*,#12619,.F.);
#12700 = ORIENTED_EDGE('',*,*,#12643,.F.);
#12701 = PLANE('',#12702);
#12702 = AXIS2_PLACEMENT_3D('',#12703,#12704,#12705);
#12703 = CARTESIAN_POINT('',(-9.418295970563,-21.37601282178,0.6));
#12704 = DIRECTION('',(0.,0.,1.));
#12705 = DIRECTION('',(1.,0.,0.));
#12706 = MANIFOLD_SOLID_BREP('',#12707);
#12707 = CLOSED_SHELL('',(#12708,#12748,#12779,#12810,#12841,#12872,
    #12903,#12934,#12956,#12998,#13029,#13060,#13093,#13124,#13148,
    #13172));
#12708 = ADVANCED_FACE('',(#12709),#12743,.T.);
#12709 = FACE_BOUND('',#12710,.T.);
#12710 = EDGE_LOOP('',(#12711,#12721,#12729,#12737));
#12711 = ORIENTED_EDGE('',*,*,#12712,.T.);
#12712 = EDGE_CURVE('',#12713,#12715,#12717,.T.);
#12713 = VERTEX_POINT('',#12714);
#12714 = CARTESIAN_POINT('',(-6.631176396802,-22.36833128519,0.));
#12715 = VERTEX_POINT('',#12716);
#12716 = CARTESIAN_POINT('',(-6.631176396802,-22.36833128519,0.6));
#12717 = LINE('',#12718,#12719);
#12718 = CARTESIAN_POINT('',(-6.631176396802,-22.36833128519,0.));
#12719 = VECTOR('',#12720,1.);
#12720 = DIRECTION('',(0.,0.,1.));
#12721 = ORIENTED_EDGE('',*,*,#12722,.T.);
#12722 = EDGE_CURVE('',#12715,#12723,#12725,.T.);
#12723 = VERTEX_POINT('',#12724);
#12724 = CARTESIAN_POINT('',(-6.929595728197,-22.36833128519,0.6));
#12725 = LINE('',#12726,#12727);
#12726 = CARTESIAN_POINT('',(-6.631176396802,-22.36833128519,0.6));
#12727 = VECTOR('',#12728,1.);
#12728 = DIRECTION('',(-1.,0.,0.));
#12729 = ORIENTED_EDGE('',*,*,#12730,.F.);
#12730 = EDGE_CURVE('',#12731,#12723,#12733,.T.);
#12731 = VERTEX_POINT('',#12732);
#12732 = CARTESIAN_POINT('',(-6.929595728197,-22.36833128519,0.));
#12733 = LINE('',#12734,#12735);
#12734 = CARTESIAN_POINT('',(-6.929595728197,-22.36833128519,0.));
#12735 = VECTOR('',#12736,1.);
#12736 = DIRECTION('',(0.,0.,1.));
#12737 = ORIENTED_EDGE('',*,*,#12738,.F.);
#12738 = EDGE_CURVE('',#12713,#12731,#12739,.T.);
#12739 = LINE('',#12740,#12741);
#12740 = CARTESIAN_POINT('',(-6.631176396802,-22.36833128519,0.));
#12741 = VECTOR('',#12742,1.);
#12742 = DIRECTION('',(-1.,0.,0.));
#12743 = PLANE('',#12744);
#12744 = AXIS2_PLACEMENT_3D('',#12745,#12746,#12747);
#12745 = CARTESIAN_POINT('',(-6.631176396802,-22.36833128519,0.));
#12746 = DIRECTION('',(0.,-1.,0.));
#12747 = DIRECTION('',(-1.,0.,0.));
#12748 = ADVANCED_FACE('',(#12749),#12774,.T.);
#12749 = FACE_BOUND('',#12750,.T.);
#12750 = EDGE_LOOP('',(#12751,#12761,#12767,#12768));
#12751 = ORIENTED_EDGE('',*,*,#12752,.T.);
#12752 = EDGE_CURVE('',#12753,#12755,#12757,.T.);
#12753 = VERTEX_POINT('',#12754);
#12754 = CARTESIAN_POINT('',(-7.446038315407,-20.36833128519,0.));
#12755 = VERTEX_POINT('',#12756);
#12756 = CARTESIAN_POINT('',(-7.446038315407,-20.36833128519,0.6));
#12757 = LINE('',#12758,#12759);
#12758 = CARTESIAN_POINT('',(-7.446038315407,-20.36833128519,0.));
#12759 = VECTOR('',#12760,1.);
#12760 = DIRECTION('',(0.,0.,1.));
#12761 = ORIENTED_EDGE('',*,*,#12762,.T.);
#12762 = EDGE_CURVE('',#12755,#12715,#12763,.T.);
#12763 = LINE('',#12764,#12765);
#12764 = CARTESIAN_POINT('',(-7.446038315407,-20.36833128519,0.6));
#12765 = VECTOR('',#12766,1.);
#12766 = DIRECTION('',(0.37731559342,-0.926084738543,0.));
#12767 = ORIENTED_EDGE('',*,*,#12712,.F.);
#12768 = ORIENTED_EDGE('',*,*,#12769,.F.);
#12769 = EDGE_CURVE('',#12753,#12713,#12770,.T.);
#12770 = LINE('',#12771,#12772);
#12771 = CARTESIAN_POINT('',(-7.446038315407,-20.36833128519,0.));
#12772 = VECTOR('',#12773,1.);
#12773 = DIRECTION('',(0.37731559342,-0.926084738543,0.));
#12774 = PLANE('',#12775);
#12775 = AXIS2_PLACEMENT_3D('',#12776,#12777,#12778);
#12776 = CARTESIAN_POINT('',(-7.446038315407,-20.36833128519,0.));
#12777 = DIRECTION('',(0.926084738543,0.37731559342,0.));
#12778 = DIRECTION('',(0.37731559342,-0.926084738543,0.));
#12779 = ADVANCED_FACE('',(#12780),#12805,.T.);
#12780 = FACE_BOUND('',#12781,.T.);
#12781 = EDGE_LOOP('',(#12782,#12792,#12798,#12799));
#12782 = ORIENTED_EDGE('',*,*,#12783,.T.);
#12783 = EDGE_CURVE('',#12784,#12786,#12788,.T.);
#12784 = VERTEX_POINT('',#12785);
#12785 = CARTESIAN_POINT('',(-7.730831193314,-20.36833128519,0.));
#12786 = VERTEX_POINT('',#12787);
#12787 = CARTESIAN_POINT('',(-7.730831193314,-20.36833128519,0.6));
#12788 = LINE('',#12789,#12790);
#12789 = CARTESIAN_POINT('',(-7.730831193314,-20.36833128519,0.));
#12790 = VECTOR('',#12791,1.);
#12791 = DIRECTION('',(0.,0.,1.));
#12792 = ORIENTED_EDGE('',*,*,#12793,.T.);
#12793 = EDGE_CURVE('',#12786,#12755,#12794,.T.);
#12794 = LINE('',#12795,#12796);
#12795 = CARTESIAN_POINT('',(-7.730831193314,-20.36833128519,0.6));
#12796 = VECTOR('',#12797,1.);
#12797 = DIRECTION('',(1.,0.,0.));
#12798 = ORIENTED_EDGE('',*,*,#12752,.F.);
#12799 = ORIENTED_EDGE('',*,*,#12800,.F.);
#12800 = EDGE_CURVE('',#12784,#12753,#12801,.T.);
#12801 = LINE('',#12802,#12803);
#12802 = CARTESIAN_POINT('',(-7.730831193314,-20.36833128519,0.));
#12803 = VECTOR('',#12804,1.);
#12804 = DIRECTION('',(1.,0.,0.));
#12805 = PLANE('',#12806);
#12806 = AXIS2_PLACEMENT_3D('',#12807,#12808,#12809);
#12807 = CARTESIAN_POINT('',(-7.730831193314,-20.36833128519,0.));
#12808 = DIRECTION('',(0.,1.,0.));
#12809 = DIRECTION('',(1.,0.,0.));
#12810 = ADVANCED_FACE('',(#12811),#12836,.T.);
#12811 = FACE_BOUND('',#12812,.T.);
#12812 = EDGE_LOOP('',(#12813,#12823,#12829,#12830));
#12813 = ORIENTED_EDGE('',*,*,#12814,.T.);
#12814 = EDGE_CURVE('',#12815,#12817,#12819,.T.);
#12815 = VERTEX_POINT('',#12816);
#12816 = CARTESIAN_POINT('',(-8.498000524709,-22.36833128519,0.));
#12817 = VERTEX_POINT('',#12818);
#12818 = CARTESIAN_POINT('',(-8.498000524709,-22.36833128519,0.6));
#12819 = LINE('',#12820,#12821);
#12820 = CARTESIAN_POINT('',(-8.498000524709,-22.36833128519,0.));
#12821 = VECTOR('',#12822,1.);
#12822 = DIRECTION('',(0.,0.,1.));
#12823 = ORIENTED_EDGE('',*,*,#12824,.T.);
#12824 = EDGE_CURVE('',#12817,#12786,#12825,.T.);
#12825 = LINE('',#12826,#12827);
#12826 = CARTESIAN_POINT('',(-8.498000524709,-22.36833128519,0.6));
#12827 = VECTOR('',#12828,1.);
#12828 = DIRECTION('',(0.358140599612,0.933667666201,0.));
#12829 = ORIENTED_EDGE('',*,*,#12783,.F.);
#12830 = ORIENTED_EDGE('',*,*,#12831,.F.);
#12831 = EDGE_CURVE('',#12815,#12784,#12832,.T.);
#12832 = LINE('',#12833,#12834);
#12833 = CARTESIAN_POINT('',(-8.498000524709,-22.36833128519,0.));
#12834 = VECTOR('',#12835,1.);
#12835 = DIRECTION('',(0.358140599612,0.933667666201,0.));
#12836 = PLANE('',#12837);
#12837 = AXIS2_PLACEMENT_3D('',#12838,#12839,#12840);
#12838 = CARTESIAN_POINT('',(-8.498000524709,-22.36833128519,0.));
#12839 = DIRECTION('',(-0.933667666201,0.358140599612,0.));
#12840 = DIRECTION('',(0.358140599612,0.933667666201,0.));
#12841 = ADVANCED_FACE('',(#12842),#12867,.T.);
#12842 = FACE_BOUND('',#12843,.T.);
#12843 = EDGE_LOOP('',(#12844,#12854,#12860,#12861));
#12844 = ORIENTED_EDGE('',*,*,#12845,.T.);
#12845 = EDGE_CURVE('',#12846,#12848,#12850,.T.);
#12846 = VERTEX_POINT('',#12847);
#12847 = CARTESIAN_POINT('',(-8.218658228197,-22.36833128519,0.));
#12848 = VERTEX_POINT('',#12849);
#12849 = CARTESIAN_POINT('',(-8.218658228197,-22.36833128519,0.6));
#12850 = LINE('',#12851,#12852);
#12851 = CARTESIAN_POINT('',(-8.218658228197,-22.36833128519,0.));
#12852 = VECTOR('',#12853,1.);
#12853 = DIRECTION('',(0.,0.,1.));
#12854 = ORIENTED_EDGE('',*,*,#12855,.T.);
#12855 = EDGE_CURVE('',#12848,#12817,#12856,.T.);
#12856 = LINE('',#12857,#12858);
#12857 = CARTESIAN_POINT('',(-8.218658228197,-22.36833128519,0.6));
#12858 = VECTOR('',#12859,1.);
#12859 = DIRECTION('',(-1.,0.,0.));
#12860 = ORIENTED_EDGE('',*,*,#12814,.F.);
#12861 = ORIENTED_EDGE('',*,*,#12862,.F.);
#12862 = EDGE_CURVE('',#12846,#12815,#12863,.T.);
#12863 = LINE('',#12864,#12865);
#12864 = CARTESIAN_POINT('',(-8.218658228197,-22.36833128519,0.));
#12865 = VECTOR('',#12866,1.);
#12866 = DIRECTION('',(-1.,0.,0.));
#12867 = PLANE('',#12868);
#12868 = AXIS2_PLACEMENT_3D('',#12869,#12870,#12871);
#12869 = CARTESIAN_POINT('',(-8.218658228197,-22.36833128519,0.));
#12870 = DIRECTION('',(0.,-1.,0.));
#12871 = DIRECTION('',(-1.,0.,0.));
#12872 = ADVANCED_FACE('',(#12873),#12898,.T.);
#12873 = FACE_BOUND('',#12874,.T.);
#12874 = EDGE_LOOP('',(#12875,#12885,#12891,#12892));
#12875 = ORIENTED_EDGE('',*,*,#12876,.T.);
#12876 = EDGE_CURVE('',#12877,#12879,#12881,.T.);
#12877 = VERTEX_POINT('',#12878);
#12878 = CARTESIAN_POINT('',(-7.997909681686,-21.75786616891,0.));
#12879 = VERTEX_POINT('',#12880);
#12880 = CARTESIAN_POINT('',(-7.997909681686,-21.75786616891,0.6));
#12881 = LINE('',#12882,#12883);
#12882 = CARTESIAN_POINT('',(-7.997909681686,-21.75786616891,0.));
#12883 = VECTOR('',#12884,1.);
#12884 = DIRECTION('',(0.,0.,1.));
#12885 = ORIENTED_EDGE('',*,*,#12886,.T.);
#12886 = EDGE_CURVE('',#12879,#12848,#12887,.T.);
#12887 = LINE('',#12888,#12889);
#12888 = CARTESIAN_POINT('',(-7.997909681686,-21.75786616891,0.6));
#12889 = VECTOR('',#12890,1.);
#12890 = DIRECTION('',(-0.340057090432,-0.940404793292,0.));
#12891 = ORIENTED_EDGE('',*,*,#12845,.F.);
#12892 = ORIENTED_EDGE('',*,*,#12893,.F.);
#12893 = EDGE_CURVE('',#12877,#12846,#12894,.T.);
#12894 = LINE('',#12895,#12896);
#12895 = CARTESIAN_POINT('',(-7.997909681686,-21.75786616891,0.));
#12896 = VECTOR('',#12897,1.);
#12897 = DIRECTION('',(-0.340057090432,-0.940404793292,0.));
#12898 = PLANE('',#12899);
#12899 = AXIS2_PLACEMENT_3D('',#12900,#12901,#12902);
#12900 = CARTESIAN_POINT('',(-7.997909681686,-21.75786616891,0.));
#12901 = DIRECTION('',(0.940404793292,-0.340057090432,0.));
#12902 = DIRECTION('',(-0.340057090432,-0.940404793292,0.));
#12903 = ADVANCED_FACE('',(#12904),#12929,.T.);
#12904 = FACE_BOUND('',#12905,.T.);
#12905 = EDGE_LOOP('',(#12906,#12916,#12922,#12923));
#12906 = ORIENTED_EDGE('',*,*,#12907,.T.);
#12907 = EDGE_CURVE('',#12908,#12910,#12912,.T.);
#12908 = VERTEX_POINT('',#12909);
#12909 = CARTESIAN_POINT('',(-7.163970728197,-21.75786616891,0.));
#12910 = VERTEX_POINT('',#12911);
#12911 = CARTESIAN_POINT('',(-7.163970728197,-21.75786616891,0.6));
#12912 = LINE('',#12913,#12914);
#12913 = CARTESIAN_POINT('',(-7.163970728197,-21.75786616891,0.));
#12914 = VECTOR('',#12915,1.);
#12915 = DIRECTION('',(0.,0.,1.));
#12916 = ORIENTED_EDGE('',*,*,#12917,.T.);
#12917 = EDGE_CURVE('',#12910,#12879,#12918,.T.);
#12918 = LINE('',#12919,#12920);
#12919 = CARTESIAN_POINT('',(-7.163970728197,-21.75786616891,0.6));
#12920 = VECTOR('',#12921,1.);
#12921 = DIRECTION('',(-1.,0.,0.));
#12922 = ORIENTED_EDGE('',*,*,#12876,.F.);
#12923 = ORIENTED_EDGE('',*,*,#12924,.F.);
#12924 = EDGE_CURVE('',#12908,#12877,#12925,.T.);
#12925 = LINE('',#12926,#12927);
#12926 = CARTESIAN_POINT('',(-7.163970728197,-21.75786616891,0.));
#12927 = VECTOR('',#12928,1.);
#12928 = DIRECTION('',(-1.,0.,0.));
#12929 = PLANE('',#12930);
#12930 = AXIS2_PLACEMENT_3D('',#12931,#12932,#12933);
#12931 = CARTESIAN_POINT('',(-7.163970728197,-21.75786616891,0.));
#12932 = DIRECTION('',(0.,-1.,0.));
#12933 = DIRECTION('',(-1.,0.,0.));
#12934 = ADVANCED_FACE('',(#12935),#12951,.T.);
#12935 = FACE_BOUND('',#12936,.T.);
#12936 = EDGE_LOOP('',(#12937,#12938,#12944,#12945));
#12937 = ORIENTED_EDGE('',*,*,#12730,.T.);
#12938 = ORIENTED_EDGE('',*,*,#12939,.T.);
#12939 = EDGE_CURVE('',#12723,#12910,#12940,.T.);
#12940 = LINE('',#12941,#12942);
#12941 = CARTESIAN_POINT('',(-6.929595728197,-22.36833128519,0.6));
#12942 = VECTOR('',#12943,1.);
#12943 = DIRECTION('',(-0.358420460007,0.933560267925,0.));
#12944 = ORIENTED_EDGE('',*,*,#12907,.F.);
#12945 = ORIENTED_EDGE('',*,*,#12946,.F.);
#12946 = EDGE_CURVE('',#12731,#12908,#12947,.T.);
#12947 = LINE('',#12948,#12949);
#12948 = CARTESIAN_POINT('',(-6.929595728197,-22.36833128519,0.));
#12949 = VECTOR('',#12950,1.);
#12950 = DIRECTION('',(-0.358420460007,0.933560267925,0.));
#12951 = PLANE('',#12952);
#12952 = AXIS2_PLACEMENT_3D('',#12953,#12954,#12955);
#12953 = CARTESIAN_POINT('',(-6.929595728197,-22.36833128519,0.));
#12954 = DIRECTION('',(-0.933560267925,-0.358420460007,0.));
#12955 = DIRECTION('',(-0.358420460007,0.933560267925,0.));
#12956 = ADVANCED_FACE('',(#12957),#12991,.T.);
#12957 = FACE_BOUND('',#12958,.T.);
#12958 = EDGE_LOOP('',(#12959,#12969,#12977,#12985));
#12959 = ORIENTED_EDGE('',*,*,#12960,.T.);
#12960 = EDGE_CURVE('',#12961,#12963,#12965,.T.);
#12961 = VERTEX_POINT('',#12962);
#12962 = CARTESIAN_POINT('',(-7.244366803779,-21.54856384333,0.));
#12963 = VERTEX_POINT('',#12964);
#12964 = CARTESIAN_POINT('',(-7.244366803779,-21.54856384333,0.6));
#12965 = LINE('',#12966,#12967);
#12966 = CARTESIAN_POINT('',(-7.244366803779,-21.54856384333,0.));
#12967 = VECTOR('',#12968,1.);
#12968 = DIRECTION('',(0.,0.,1.));
#12969 = ORIENTED_EDGE('',*,*,#12970,.T.);
#12970 = EDGE_CURVE('',#12963,#12971,#12973,.T.);
#12971 = VERTEX_POINT('',#12972);
#12972 = CARTESIAN_POINT('',(-7.520983809593,-20.81264451193,0.6));
#12973 = B_SPLINE_CURVE_WITH_KNOTS('',2,(#12974,#12975,#12976),
  .UNSPECIFIED.,.F.,.F.,(3,3),(0.,1.),.PIECEWISE_BEZIER_KNOTS.);
#12974 = CARTESIAN_POINT('',(-7.244366803779,-21.54856384333,0.6));
#12975 = CARTESIAN_POINT('',(-7.489642966569,-20.9000355003,0.6));
#12976 = CARTESIAN_POINT('',(-7.520983809593,-20.81264451193,0.6));
#12977 = ORIENTED_EDGE('',*,*,#12978,.F.);
#12978 = EDGE_CURVE('',#12979,#12971,#12981,.T.);
#12979 = VERTEX_POINT('',#12980);
#12980 = CARTESIAN_POINT('',(-7.520983809593,-20.81264451193,0.));
#12981 = LINE('',#12982,#12983);
#12982 = CARTESIAN_POINT('',(-7.520983809593,-20.81264451193,0.));
#12983 = VECTOR('',#12984,1.);
#12984 = DIRECTION('',(0.,0.,1.));
#12985 = ORIENTED_EDGE('',*,*,#12986,.F.);
#12986 = EDGE_CURVE('',#12961,#12979,#12987,.T.);
#12987 = B_SPLINE_CURVE_WITH_KNOTS('',2,(#12988,#12989,#12990),
  .UNSPECIFIED.,.F.,.F.,(3,3),(0.,1.),.PIECEWISE_BEZIER_KNOTS.);
#12988 = CARTESIAN_POINT('',(-7.244366803779,-21.54856384333,0.));
#12989 = CARTESIAN_POINT('',(-7.489642966569,-20.9000355003,0.));
#12990 = CARTESIAN_POINT('',(-7.520983809593,-20.81264451193,0.));
#12991 = SURFACE_OF_LINEAR_EXTRUSION('',#12992,#12996);
#12992 = B_SPLINE_CURVE_WITH_KNOTS('',2,(#12993,#12994,#12995),
  .UNSPECIFIED.,.F.,.F.,(3,3),(0.,1.),.PIECEWISE_BEZIER_KNOTS.);
#12993 = CARTESIAN_POINT('',(-7.244366803779,-21.54856384333,0.));
#12994 = CARTESIAN_POINT('',(-7.489642966569,-20.9000355003,0.));
#12995 = CARTESIAN_POINT('',(-7.520983809593,-20.81264451193,0.));
#12996 = VECTOR('',#12997,1.);
#12997 = DIRECTION('',(-0.,-0.,-1.));
#12998 = ADVANCED_FACE('',(#12999),#13024,.T.);
#12999 = FACE_BOUND('',#13000,.T.);
#13000 = EDGE_LOOP('',(#13001,#13011,#13017,#13018));
#13001 = ORIENTED_EDGE('',*,*,#13002,.T.);
#13002 = EDGE_CURVE('',#13003,#13005,#13007,.T.);
#13003 = VERTEX_POINT('',#13004);
#13004 = CARTESIAN_POINT('',(-7.9229641875,-21.54856384333,0.));
#13005 = VERTEX_POINT('',#13006);
#13006 = CARTESIAN_POINT('',(-7.9229641875,-21.54856384333,0.6));
#13007 = LINE('',#13008,#13009);
#13008 = CARTESIAN_POINT('',(-7.9229641875,-21.54856384333,0.));
#13009 = VECTOR('',#13010,1.);
#13010 = DIRECTION('',(0.,0.,1.));
#13011 = ORIENTED_EDGE('',*,*,#13012,.T.);
#13012 = EDGE_CURVE('',#13005,#12963,#13013,.T.);
#13013 = LINE('',#13014,#13015);
#13014 = CARTESIAN_POINT('',(-7.9229641875,-21.54856384333,0.6));
#13015 = VECTOR('',#13016,1.);
#13016 = DIRECTION('',(1.,0.,0.));
#13017 = ORIENTED_EDGE('',*,*,#12960,.F.);
#13018 = ORIENTED_EDGE('',*,*,#13019,.F.);
#13019 = EDGE_CURVE('',#13003,#12961,#13020,.T.);
#13020 = LINE('',#13021,#13022);
#13021 = CARTESIAN_POINT('',(-7.9229641875,-21.54856384333,0.));
#13022 = VECTOR('',#13023,1.);
#13023 = DIRECTION('',(1.,0.,0.));
#13024 = PLANE('',#13025);
#13025 = AXIS2_PLACEMENT_3D('',#13026,#13027,#13028);
#13026 = CARTESIAN_POINT('',(-7.9229641875,-21.54856384333,0.));
#13027 = DIRECTION('',(0.,1.,0.));
#13028 = DIRECTION('',(1.,0.,0.));
#13029 = ADVANCED_FACE('',(#13030),#13055,.T.);
#13030 = FACE_BOUND('',#13031,.T.);
#13031 = EDGE_LOOP('',(#13032,#13042,#13048,#13049));
#13032 = ORIENTED_EDGE('',*,*,#13033,.T.);
#13033 = EDGE_CURVE('',#13034,#13036,#13038,.T.);
#13034 = VERTEX_POINT('',#13035);
#13035 = CARTESIAN_POINT('',(-7.69949035029,-20.95227023867,0.));
#13036 = VERTEX_POINT('',#13037);
#13037 = CARTESIAN_POINT('',(-7.69949035029,-20.95227023867,0.6));
#13038 = LINE('',#13039,#13040);
#13039 = CARTESIAN_POINT('',(-7.69949035029,-20.95227023867,0.));
#13040 = VECTOR('',#13041,1.);
#13041 = DIRECTION('',(0.,0.,1.));
#13042 = ORIENTED_EDGE('',*,*,#13043,.T.);
#13043 = EDGE_CURVE('',#13036,#13005,#13044,.T.);
#13044 = LINE('',#13045,#13046);
#13045 = CARTESIAN_POINT('',(-7.69949035029,-20.95227023867,0.6));
#13046 = VECTOR('',#13047,1.);
#13047 = DIRECTION('',(-0.350935831022,-0.936399510094,0.));
#13048 = ORIENTED_EDGE('',*,*,#13002,.F.);
#13049 = ORIENTED_EDGE('',*,*,#13050,.F.);
#13050 = EDGE_CURVE('',#13034,#13003,#13051,.T.);
#13051 = LINE('',#13052,#13053);
#13052 = CARTESIAN_POINT('',(-7.69949035029,-20.95227023867,0.));
#13053 = VECTOR('',#13054,1.);
#13054 = DIRECTION('',(-0.350935831022,-0.936399510094,0.));
#13055 = PLANE('',#13056);
#13056 = AXIS2_PLACEMENT_3D('',#13057,#13058,#13059);
#13057 = CARTESIAN_POINT('',(-7.69949035029,-20.95227023867,0.));
#13058 = DIRECTION('',(0.936399510094,-0.350935831022,0.));
#13059 = DIRECTION('',(-0.350935831022,-0.936399510094,0.));
#13060 = ADVANCED_FACE('',(#13061),#13086,.T.);
#13061 = FACE_BOUND('',#13062,.T.);
#13062 = EDGE_LOOP('',(#13063,#13073,#13079,#13080));
#13063 = ORIENTED_EDGE('',*,*,#13064,.T.);
#13064 = EDGE_CURVE('',#13065,#13067,#13069,.T.);
#13065 = VERTEX_POINT('',#13066);
#13066 = CARTESIAN_POINT('',(-7.597291949127,-20.57890541309,0.));
#13067 = VERTEX_POINT('',#13068);
#13068 = CARTESIAN_POINT('',(-7.597291949127,-20.57890541309,0.6));
#13069 = LINE('',#13070,#13071);
#13070 = CARTESIAN_POINT('',(-7.597291949127,-20.57890541309,0.));
#13071 = VECTOR('',#13072,1.);
#13072 = DIRECTION('',(0.,0.,1.));
#13073 = ORIENTED_EDGE('',*,*,#13074,.T.);
#13074 = EDGE_CURVE('',#13067,#13036,#13075,.T.);
#13075 = B_SPLINE_CURVE_WITH_KNOTS('',2,(#13076,#13077,#13078),
  .UNSPECIFIED.,.F.,.F.,(3,3),(0.,1.),.PIECEWISE_BEZIER_KNOTS.);
#13076 = CARTESIAN_POINT('',(-7.597291949127,-20.57890541309,0.6));
#13077 = CARTESIAN_POINT('',(-7.635446018895,-20.78057692472,0.6));
#13078 = CARTESIAN_POINT('',(-7.69949035029,-20.95227023867,0.6));
#13079 = ORIENTED_EDGE('',*,*,#13033,.F.);
#13080 = ORIENTED_EDGE('',*,*,#13081,.F.);
#13081 = EDGE_CURVE('',#13065,#13034,#13082,.T.);
#13082 = B_SPLINE_CURVE_WITH_KNOTS('',2,(#13083,#13084,#13085),
  .UNSPECIFIED.,.F.,.F.,(3,3),(0.,1.),.PIECEWISE_BEZIER_KNOTS.);
#13083 = CARTESIAN_POINT('',(-7.597291949127,-20.57890541309,0.));
#13084 = CARTESIAN_POINT('',(-7.635446018895,-20.78057692472,0.));
#13085 = CARTESIAN_POINT('',(-7.69949035029,-20.95227023867,0.));
#13086 = SURFACE_OF_LINEAR_EXTRUSION('',#13087,#13091);
#13087 = B_SPLINE_CURVE_WITH_KNOTS('',2,(#13088,#13089,#13090),
  .UNSPECIFIED.,.F.,.F.,(3,3),(0.,1.),.PIECEWISE_BEZIER_KNOTS.);
#13088 = CARTESIAN_POINT('',(-7.597291949127,-20.57890541309,0.));
#13089 = CARTESIAN_POINT('',(-7.635446018895,-20.78057692472,0.));
#13090 = CARTESIAN_POINT('',(-7.69949035029,-20.95227023867,0.));
#13091 = VECTOR('',#13092,1.);
#13092 = DIRECTION('',(-0.,-0.,-1.));
#13093 = ADVANCED_FACE('',(#13094),#13119,.T.);
#13094 = FACE_BOUND('',#13095,.T.);
#13095 = EDGE_LOOP('',(#13096,#13106,#13112,#13113));
#13096 = ORIENTED_EDGE('',*,*,#13097,.T.);
#13097 = EDGE_CURVE('',#13098,#13100,#13102,.T.);
#13098 = VERTEX_POINT('',#13099);
#13099 = CARTESIAN_POINT('',(-7.590478722383,-20.57890541309,0.));
#13100 = VERTEX_POINT('',#13101);
#13101 = CARTESIAN_POINT('',(-7.590478722383,-20.57890541309,0.6));
#13102 = LINE('',#13103,#13104);
#13103 = CARTESIAN_POINT('',(-7.590478722383,-20.57890541309,0.));
#13104 = VECTOR('',#13105,1.);
#13105 = DIRECTION('',(0.,0.,1.));
#13106 = ORIENTED_EDGE('',*,*,#13107,.T.);
#13107 = EDGE_CURVE('',#13100,#13067,#13108,.T.);
#13108 = LINE('',#13109,#13110);
#13109 = CARTESIAN_POINT('',(-7.590478722383,-20.57890541309,0.6));
#13110 = VECTOR('',#13111,1.);
#13111 = DIRECTION('',(-1.,0.,0.));
#13112 = ORIENTED_EDGE('',*,*,#13064,.F.);
#13113 = ORIENTED_EDGE('',*,*,#13114,.F.);
#13114 = EDGE_CURVE('',#13098,#13065,#13115,.T.);
#13115 = LINE('',#13116,#13117);
#13116 = CARTESIAN_POINT('',(-7.590478722383,-20.57890541309,0.));
#13117 = VECTOR('',#13118,1.);
#13118 = DIRECTION('',(-1.,0.,0.));
#13119 = PLANE('',#13120);
#13120 = AXIS2_PLACEMENT_3D('',#13121,#13122,#13123);
#13121 = CARTESIAN_POINT('',(-7.590478722383,-20.57890541309,0.));
#13122 = DIRECTION('',(0.,-1.,0.));
#13123 = DIRECTION('',(-1.,0.,0.));
#13124 = ADVANCED_FACE('',(#13125),#13141,.T.);
#13125 = FACE_BOUND('',#13126,.T.);
#13126 = EDGE_LOOP('',(#13127,#13128,#13134,#13135));
#13127 = ORIENTED_EDGE('',*,*,#12978,.T.);
#13128 = ORIENTED_EDGE('',*,*,#13129,.T.);
#13129 = EDGE_CURVE('',#12971,#13100,#13130,.T.);
#13130 = B_SPLINE_CURVE_WITH_KNOTS('',2,(#13131,#13132,#13133),
  .UNSPECIFIED.,.F.,.F.,(3,3),(0.,1.),.PIECEWISE_BEZIER_KNOTS.);
#13131 = CARTESIAN_POINT('',(-7.520983809593,-20.81264451193,0.6));
#13132 = CARTESIAN_POINT('',(-7.552324652616,-20.72525352356,0.6));
#13133 = CARTESIAN_POINT('',(-7.590478722383,-20.57890541309,0.6));
#13134 = ORIENTED_EDGE('',*,*,#13097,.F.);
#13135 = ORIENTED_EDGE('',*,*,#13136,.F.);
#13136 = EDGE_CURVE('',#12979,#13098,#13137,.T.);
#13137 = B_SPLINE_CURVE_WITH_KNOTS('',2,(#13138,#13139,#13140),
  .UNSPECIFIED.,.F.,.F.,(3,3),(0.,1.),.PIECEWISE_BEZIER_KNOTS.);
#13138 = CARTESIAN_POINT('',(-7.520983809593,-20.81264451193,0.));
#13139 = CARTESIAN_POINT('',(-7.552324652616,-20.72525352356,0.));
#13140 = CARTESIAN_POINT('',(-7.590478722383,-20.57890541309,0.));
#13141 = SURFACE_OF_LINEAR_EXTRUSION('',#13142,#13146);
#13142 = B_SPLINE_CURVE_WITH_KNOTS('',2,(#13143,#13144,#13145),
  .UNSPECIFIED.,.F.,.F.,(3,3),(0.,1.),.PIECEWISE_BEZIER_KNOTS.);
#13143 = CARTESIAN_POINT('',(-7.520983809593,-20.81264451193,0.));
#13144 = CARTESIAN_POINT('',(-7.552324652616,-20.72525352356,0.));
#13145 = CARTESIAN_POINT('',(-7.590478722383,-20.57890541309,0.));
#13146 = VECTOR('',#13147,1.);
#13147 = DIRECTION('',(-0.,-0.,-1.));
#13148 = ADVANCED_FACE('',(#13149,#13159),#13167,.F.);
#13149 = FACE_BOUND('',#13150,.F.);
#13150 = EDGE_LOOP('',(#13151,#13152,#13153,#13154,#13155,#13156,#13157,
    #13158));
#13151 = ORIENTED_EDGE('',*,*,#12738,.F.);
#13152 = ORIENTED_EDGE('',*,*,#12769,.F.);
#13153 = ORIENTED_EDGE('',*,*,#12800,.F.);
#13154 = ORIENTED_EDGE('',*,*,#12831,.F.);
#13155 = ORIENTED_EDGE('',*,*,#12862,.F.);
#13156 = ORIENTED_EDGE('',*,*,#12893,.F.);
#13157 = ORIENTED_EDGE('',*,*,#12924,.F.);
#13158 = ORIENTED_EDGE('',*,*,#12946,.F.);
#13159 = FACE_BOUND('',#13160,.F.);
#13160 = EDGE_LOOP('',(#13161,#13162,#13163,#13164,#13165,#13166));
#13161 = ORIENTED_EDGE('',*,*,#12986,.F.);
#13162 = ORIENTED_EDGE('',*,*,#13019,.F.);
#13163 = ORIENTED_EDGE('',*,*,#13050,.F.);
#13164 = ORIENTED_EDGE('',*,*,#13081,.F.);
#13165 = ORIENTED_EDGE('',*,*,#13114,.F.);
#13166 = ORIENTED_EDGE('',*,*,#13136,.F.);
#13167 = PLANE('',#13168);
#13168 = AXIS2_PLACEMENT_3D('',#13169,#13170,#13171);
#13169 = CARTESIAN_POINT('',(-7.576623802393,-21.4699573104,0.));
#13170 = DIRECTION('',(0.,0.,1.));
#13171 = DIRECTION('',(1.,0.,0.));
#13172 = ADVANCED_FACE('',(#13173,#13183),#13191,.T.);
#13173 = FACE_BOUND('',#13174,.T.);
#13174 = EDGE_LOOP('',(#13175,#13176,#13177,#13178,#13179,#13180,#13181,
    #13182));
#13175 = ORIENTED_EDGE('',*,*,#12722,.F.);
#13176 = ORIENTED_EDGE('',*,*,#12762,.F.);
#13177 = ORIENTED_EDGE('',*,*,#12793,.F.);
#13178 = ORIENTED_EDGE('',*,*,#12824,.F.);
#13179 = ORIENTED_EDGE('',*,*,#12855,.F.);
#13180 = ORIENTED_EDGE('',*,*,#12886,.F.);
#13181 = ORIENTED_EDGE('',*,*,#12917,.F.);
#13182 = ORIENTED_EDGE('',*,*,#12939,.F.);
#13183 = FACE_BOUND('',#13184,.T.);
#13184 = EDGE_LOOP('',(#13185,#13186,#13187,#13188,#13189,#13190));
#13185 = ORIENTED_EDGE('',*,*,#12970,.F.);
#13186 = ORIENTED_EDGE('',*,*,#13012,.F.);
#13187 = ORIENTED_EDGE('',*,*,#13043,.F.);
#13188 = ORIENTED_EDGE('',*,*,#13074,.F.);
#13189 = ORIENTED_EDGE('',*,*,#13107,.F.);
#13190 = ORIENTED_EDGE('',*,*,#13129,.F.);
#13191 = PLANE('',#13192);
#13192 = AXIS2_PLACEMENT_3D('',#13193,#13194,#13195);
#13193 = CARTESIAN_POINT('',(-7.576623802393,-21.4699573104,0.6));
#13194 = DIRECTION('',(0.,0.,1.));
#13195 = DIRECTION('',(1.,0.,0.));
#13196 = MANIFOLD_SOLID_BREP('',#13197);
#13197 = CLOSED_SHELL('',(#13198,#13240,#13271,#13302,#13333,#13364,
    #13395,#13426,#13457,#13490,#13523,#13556,#13589,#13622,#13655,
    #13679,#13721,#13754,#13787,#13820,#13853,#13886,#13919,#13943,
    #13976));
#13198 = ADVANCED_FACE('',(#13199),#13233,.T.);
#13199 = FACE_BOUND('',#13200,.T.);
#13200 = EDGE_LOOP('',(#13201,#13211,#13219,#13227));
#13201 = ORIENTED_EDGE('',*,*,#13202,.T.);
#13202 = EDGE_CURVE('',#13203,#13205,#13207,.T.);
#13203 = VERTEX_POINT('',#13204);
#13204 = CARTESIAN_POINT('',(-5.761354449127,-21.2636801224,0.));
#13205 = VERTEX_POINT('',#13206);
#13206 = CARTESIAN_POINT('',(-5.761354449127,-21.2636801224,0.6));
#13207 = LINE('',#13208,#13209);
#13208 = CARTESIAN_POINT('',(-5.761354449127,-21.2636801224,0.));
#13209 = VECTOR('',#13210,1.);
#13210 = DIRECTION('',(0.,0.,1.));
#13211 = ORIENTED_EDGE('',*,*,#13212,.T.);
#13212 = EDGE_CURVE('',#13205,#13213,#13215,.T.);
#13213 = VERTEX_POINT('',#13214);
#13214 = CARTESIAN_POINT('',(-5.477288315407,-20.58035890147,0.6));
#13215 = B_SPLINE_CURVE_WITH_KNOTS('',2,(#13216,#13217,#13218),
  .UNSPECIFIED.,.F.,.F.,(3,3),(0.,1.),.PIECEWISE_BEZIER_KNOTS.);
#13216 = CARTESIAN_POINT('',(-5.761354449127,-21.2636801224,0.6));
#13217 = CARTESIAN_POINT('',(-5.725925670058,-20.82717939565,0.6));
#13218 = CARTESIAN_POINT('',(-5.477288315407,-20.58035890147,0.6));
#13219 = ORIENTED_EDGE('',*,*,#13220,.F.);
#13220 = EDGE_CURVE('',#13221,#13213,#13223,.T.);
#13221 = VERTEX_POINT('',#13222);
#13222 = CARTESIAN_POINT('',(-5.477288315407,-20.58035890147,0.));
#13223 = LINE('',#13224,#13225);
#13224 = CARTESIAN_POINT('',(-5.477288315407,-20.58035890147,0.));
#13225 = VECTOR('',#13226,1.);
#13226 = DIRECTION('',(0.,0.,1.));
#13227 = ORIENTED_EDGE('',*,*,#13228,.F.);
#13228 = EDGE_CURVE('',#13203,#13221,#13229,.T.);
#13229 = B_SPLINE_CURVE_WITH_KNOTS('',2,(#13230,#13231,#13232),
  .UNSPECIFIED.,.F.,.F.,(3,3),(0.,1.),.PIECEWISE_BEZIER_KNOTS.);
#13230 = CARTESIAN_POINT('',(-5.761354449127,-21.2636801224,0.));
#13231 = CARTESIAN_POINT('',(-5.725925670058,-20.82717939565,0.));
#13232 = CARTESIAN_POINT('',(-5.477288315407,-20.58035890147,0.));
#13233 = SURFACE_OF_LINEAR_EXTRUSION('',#13234,#13238);
#13234 = B_SPLINE_CURVE_WITH_KNOTS('',2,(#13235,#13236,#13237),
  .UNSPECIFIED.,.F.,.F.,(3,3),(0.,1.),.PIECEWISE_BEZIER_KNOTS.);
#13235 = CARTESIAN_POINT('',(-5.761354449127,-21.2636801224,0.));
#13236 = CARTESIAN_POINT('',(-5.725925670058,-20.82717939565,0.));
#13237 = CARTESIAN_POINT('',(-5.477288315407,-20.58035890147,0.));
#13238 = VECTOR('',#13239,1.);
#13239 = DIRECTION('',(-0.,-0.,-1.));
#13240 = ADVANCED_FACE('',(#13241),#13266,.T.);
#13241 = FACE_BOUND('',#13242,.T.);
#13242 = EDGE_LOOP('',(#13243,#13253,#13259,#13260));
#13243 = ORIENTED_EDGE('',*,*,#13244,.T.);
#13244 = EDGE_CURVE('',#13245,#13247,#13249,.T.);
#13245 = VERTEX_POINT('',#13246);
#13246 = CARTESIAN_POINT('',(-6.146983082848,-21.2636801224,0.));
#13247 = VERTEX_POINT('',#13248);
#13248 = CARTESIAN_POINT('',(-6.146983082848,-21.2636801224,0.6));
#13249 = LINE('',#13250,#13251);
#13250 = CARTESIAN_POINT('',(-6.146983082848,-21.2636801224,0.));
#13251 = VECTOR('',#13252,1.);
#13252 = DIRECTION('',(0.,0.,1.));
#13253 = ORIENTED_EDGE('',*,*,#13254,.T.);
#13254 = EDGE_CURVE('',#13247,#13205,#13255,.T.);
#13255 = LINE('',#13256,#13257);
#13256 = CARTESIAN_POINT('',(-6.146983082848,-21.2636801224,0.6));
#13257 = VECTOR('',#13258,1.);
#13258 = DIRECTION('',(1.,0.,0.));
#13259 = ORIENTED_EDGE('',*,*,#13202,.F.);
#13260 = ORIENTED_EDGE('',*,*,#13261,.F.);
#13261 = EDGE_CURVE('',#13245,#13203,#13262,.T.);
#13262 = LINE('',#13263,#13264);
#13263 = CARTESIAN_POINT('',(-6.146983082848,-21.2636801224,0.));
#13264 = VECTOR('',#13265,1.);
#13265 = DIRECTION('',(1.,0.,0.));
#13266 = PLANE('',#13267);
#13267 = AXIS2_PLACEMENT_3D('',#13268,#13269,#13270);
#13268 = CARTESIAN_POINT('',(-6.146983082848,-21.2636801224,0.));
#13269 = DIRECTION('',(0.,1.,0.));
#13270 = DIRECTION('',(1.,0.,0.));
#13271 = ADVANCED_FACE('',(#13272),#13297,.T.);
#13272 = FACE_BOUND('',#13273,.T.);
#13273 = EDGE_LOOP('',(#13274,#13284,#13290,#13291));
#13274 = ORIENTED_EDGE('',*,*,#13275,.T.);
#13275 = EDGE_CURVE('',#13276,#13278,#13280,.T.);
#13276 = VERTEX_POINT('',#13277);
#13277 = CARTESIAN_POINT('',(-6.146983082848,-20.36833128519,0.));
#13278 = VERTEX_POINT('',#13279);
#13279 = CARTESIAN_POINT('',(-6.146983082848,-20.36833128519,0.6));
#13280 = LINE('',#13281,#13282);
#13281 = CARTESIAN_POINT('',(-6.146983082848,-20.36833128519,0.));
#13282 = VECTOR('',#13283,1.);
#13283 = DIRECTION('',(0.,0.,1.));
#13284 = ORIENTED_EDGE('',*,*,#13285,.T.);
#13285 = EDGE_CURVE('',#13278,#13247,#13286,.T.);
#13286 = LINE('',#13287,#13288);
#13287 = CARTESIAN_POINT('',(-6.146983082848,-20.36833128519,0.6));
#13288 = VECTOR('',#13289,1.);
#13289 = DIRECTION('',(0.,-1.,0.));
#13290 = ORIENTED_EDGE('',*,*,#13244,.F.);
#13291 = ORIENTED_EDGE('',*,*,#13292,.F.);
#13292 = EDGE_CURVE('',#13276,#13245,#13293,.T.);
#13293 = LINE('',#13294,#13295);
#13294 = CARTESIAN_POINT('',(-6.146983082848,-20.36833128519,0.));
#13295 = VECTOR('',#13296,1.);
#13296 = DIRECTION('',(0.,-1.,0.));
#13297 = PLANE('',#13298);
#13298 = AXIS2_PLACEMENT_3D('',#13299,#13300,#13301);
#13299 = CARTESIAN_POINT('',(-6.146983082848,-20.36833128519,0.));
#13300 = DIRECTION('',(1.,0.,0.));
#13301 = DIRECTION('',(0.,-1.,0.));
#13302 = ADVANCED_FACE('',(#13303),#13328,.T.);
#13303 = FACE_BOUND('',#13304,.T.);
#13304 = EDGE_LOOP('',(#13305,#13315,#13321,#13322));
#13305 = ORIENTED_EDGE('',*,*,#13306,.T.);
#13306 = EDGE_CURVE('',#13307,#13309,#13311,.T.);
#13307 = VERTEX_POINT('',#13308);
#13308 = CARTESIAN_POINT('',(-6.411336280523,-20.36833128519,0.));
#13309 = VERTEX_POINT('',#13310);
#13310 = CARTESIAN_POINT('',(-6.411336280523,-20.36833128519,0.6));
#13311 = LINE('',#13312,#13313);
#13312 = CARTESIAN_POINT('',(-6.411336280523,-20.36833128519,0.));
#13313 = VECTOR('',#13314,1.);
#13314 = DIRECTION('',(0.,0.,1.));
#13315 = ORIENTED_EDGE('',*,*,#13316,.T.);
#13316 = EDGE_CURVE('',#13309,#13278,#13317,.T.);
#13317 = LINE('',#13318,#13319);
#13318 = CARTESIAN_POINT('',(-6.411336280523,-20.36833128519,0.6));
#13319 = VECTOR('',#13320,1.);
#13320 = DIRECTION('',(1.,0.,0.));
#13321 = ORIENTED_EDGE('',*,*,#13275,.F.);
#13322 = ORIENTED_EDGE('',*,*,#13323,.F.);
#13323 = EDGE_CURVE('',#13307,#13276,#13324,.T.);
#13324 = LINE('',#13325,#13326);
#13325 = CARTESIAN_POINT('',(-6.411336280523,-20.36833128519,0.));
#13326 = VECTOR('',#13327,1.);
#13327 = DIRECTION('',(1.,0.,0.));
#13328 = PLANE('',#13329);
#13329 = AXIS2_PLACEMENT_3D('',#13330,#13331,#13332);
#13330 = CARTESIAN_POINT('',(-6.411336280523,-20.36833128519,0.));
#13331 = DIRECTION('',(0.,1.,0.));
#13332 = DIRECTION('',(1.,0.,0.));
#13333 = ADVANCED_FACE('',(#13334),#13359,.T.);
#13334 = FACE_BOUND('',#13335,.T.);
#13335 = EDGE_LOOP('',(#13336,#13346,#13352,#13353));
#13336 = ORIENTED_EDGE('',*,*,#13337,.T.);
#13337 = EDGE_CURVE('',#13338,#13340,#13342,.T.);
#13338 = VERTEX_POINT('',#13339);
#13339 = CARTESIAN_POINT('',(-6.411336280523,-22.36833128519,0.));
#13340 = VERTEX_POINT('',#13341);
#13341 = CARTESIAN_POINT('',(-6.411336280523,-22.36833128519,0.6));
#13342 = LINE('',#13343,#13344);
#13343 = CARTESIAN_POINT('',(-6.411336280523,-22.36833128519,0.));
#13344 = VECTOR('',#13345,1.);
#13345 = DIRECTION('',(0.,0.,1.));
#13346 = ORIENTED_EDGE('',*,*,#13347,.T.);
#13347 = EDGE_CURVE('',#13340,#13309,#13348,.T.);
#13348 = LINE('',#13349,#13350);
#13349 = CARTESIAN_POINT('',(-6.411336280523,-22.36833128519,0.6));
#13350 = VECTOR('',#13351,1.);
#13351 = DIRECTION('',(0.,1.,0.));
#13352 = ORIENTED_EDGE('',*,*,#13306,.F.);
#13353 = ORIENTED_EDGE('',*,*,#13354,.F.);
#13354 = EDGE_CURVE('',#13338,#13307,#13355,.T.);
#13355 = LINE('',#13356,#13357);
#13356 = CARTESIAN_POINT('',(-6.411336280523,-22.36833128519,0.));
#13357 = VECTOR('',#13358,1.);
#13358 = DIRECTION('',(0.,1.,0.));
#13359 = PLANE('',#13360);
#13360 = AXIS2_PLACEMENT_3D('',#13361,#13362,#13363);
#13361 = CARTESIAN_POINT('',(-6.411336280523,-22.36833128519,0.));
#13362 = DIRECTION('',(-1.,0.,0.));
#13363 = DIRECTION('',(0.,1.,0.));
#13364 = ADVANCED_FACE('',(#13365),#13390,.T.);
#13365 = FACE_BOUND('',#13366,.T.);
#13366 = EDGE_LOOP('',(#13367,#13377,#13383,#13384));
#13367 = ORIENTED_EDGE('',*,*,#13368,.T.);
#13368 = EDGE_CURVE('',#13369,#13371,#13373,.T.);
#13369 = VERTEX_POINT('',#13370);
#13370 = CARTESIAN_POINT('',(-6.146983082848,-22.36833128519,0.));
#13371 = VERTEX_POINT('',#13372);
#13372 = CARTESIAN_POINT('',(-6.146983082848,-22.36833128519,0.6));
#13373 = LINE('',#13374,#13375);
#13374 = CARTESIAN_POINT('',(-6.146983082848,-22.36833128519,0.));
#13375 = VECTOR('',#13376,1.);
#13376 = DIRECTION('',(0.,0.,1.));
#13377 = ORIENTED_EDGE('',*,*,#13378,.T.);
#13378 = EDGE_CURVE('',#13371,#13340,#13379,.T.);
#13379 = LINE('',#13380,#13381);
#13380 = CARTESIAN_POINT('',(-6.146983082848,-22.36833128519,0.6));
#13381 = VECTOR('',#13382,1.);
#13382 = DIRECTION('',(-1.,0.,0.));
#13383 = ORIENTED_EDGE('',*,*,#13337,.F.);
#13384 = ORIENTED_EDGE('',*,*,#13385,.F.);
#13385 = EDGE_CURVE('',#13369,#13338,#13386,.T.);
#13386 = LINE('',#13387,#13388);
#13387 = CARTESIAN_POINT('',(-6.146983082848,-22.36833128519,0.));
#13388 = VECTOR('',#13389,1.);
#13389 = DIRECTION('',(-1.,0.,0.));
#13390 = PLANE('',#13391);
#13391 = AXIS2_PLACEMENT_3D('',#13392,#13393,#13394);
#13392 = CARTESIAN_POINT('',(-6.146983082848,-22.36833128519,0.));
#13393 = DIRECTION('',(0.,-1.,0.));
#13394 = DIRECTION('',(-1.,0.,0.));
#13395 = ADVANCED_FACE('',(#13396),#13421,.T.);
#13396 = FACE_BOUND('',#13397,.T.);
#13397 = EDGE_LOOP('',(#13398,#13408,#13414,#13415));
#13398 = ORIENTED_EDGE('',*,*,#13399,.T.);
#13399 = EDGE_CURVE('',#13400,#13402,#13404,.T.);
#13400 = VERTEX_POINT('',#13401);
#13401 = CARTESIAN_POINT('',(-6.146983082848,-21.50205221542,0.));
#13402 = VERTEX_POINT('',#13403);
#13403 = CARTESIAN_POINT('',(-6.146983082848,-21.50205221542,0.6));
#13404 = LINE('',#13405,#13406);
#13405 = CARTESIAN_POINT('',(-6.146983082848,-21.50205221542,0.));
#13406 = VECTOR('',#13407,1.);
#13407 = DIRECTION('',(0.,0.,1.));
#13408 = ORIENTED_EDGE('',*,*,#13409,.T.);
#13409 = EDGE_CURVE('',#13402,#13371,#13410,.T.);
#13410 = LINE('',#13411,#13412);
#13411 = CARTESIAN_POINT('',(-6.146983082848,-21.50205221542,0.6));
#13412 = VECTOR('',#13413,1.);
#13413 = DIRECTION('',(0.,-1.,0.));
#13414 = ORIENTED_EDGE('',*,*,#13368,.F.);
#13415 = ORIENTED_EDGE('',*,*,#13416,.F.);
#13416 = EDGE_CURVE('',#13400,#13369,#13417,.T.);
#13417 = LINE('',#13418,#13419);
#13418 = CARTESIAN_POINT('',(-6.146983082848,-21.50205221542,0.));
#13419 = VECTOR('',#13420,1.);
#13420 = DIRECTION('',(0.,-1.,0.));
#13421 = PLANE('',#13422);
#13422 = AXIS2_PLACEMENT_3D('',#13423,#13424,#13425);
#13423 = CARTESIAN_POINT('',(-6.146983082848,-21.50205221542,0.));
#13424 = DIRECTION('',(1.,0.,0.));
#13425 = DIRECTION('',(0.,-1.,0.));
#13426 = ADVANCED_FACE('',(#13427),#13452,.T.);
#13427 = FACE_BOUND('',#13428,.T.);
#13428 = EDGE_LOOP('',(#13429,#13439,#13445,#13446));
#13429 = ORIENTED_EDGE('',*,*,#13430,.T.);
#13430 = EDGE_CURVE('',#13431,#13433,#13435,.T.);
#13431 = VERTEX_POINT('',#13432);
#13432 = CARTESIAN_POINT('',(-5.75862915843,-21.50205221542,0.));
#13433 = VERTEX_POINT('',#13434);
#13434 = CARTESIAN_POINT('',(-5.75862915843,-21.50205221542,0.6));
#13435 = LINE('',#13436,#13437);
#13436 = CARTESIAN_POINT('',(-5.75862915843,-21.50205221542,0.));
#13437 = VECTOR('',#13438,1.);
#13438 = DIRECTION('',(0.,0.,1.));
#13439 = ORIENTED_EDGE('',*,*,#13440,.T.);
#13440 = EDGE_CURVE('',#13433,#13402,#13441,.T.);
#13441 = LINE('',#13442,#13443);
#13442 = CARTESIAN_POINT('',(-5.75862915843,-21.50205221542,0.6));
#13443 = VECTOR('',#13444,1.);
#13444 = DIRECTION('',(-1.,0.,0.));
#13445 = ORIENTED_EDGE('',*,*,#13399,.F.);
#13446 = ORIENTED_EDGE('',*,*,#13447,.F.);
#13447 = EDGE_CURVE('',#13431,#13400,#13448,.T.);
#13448 = LINE('',#13449,#13450);
#13449 = CARTESIAN_POINT('',(-5.75862915843,-21.50205221542,0.));
#13450 = VECTOR('',#13451,1.);
#13451 = DIRECTION('',(-1.,0.,0.));
#13452 = PLANE('',#13453);
#13453 = AXIS2_PLACEMENT_3D('',#13454,#13455,#13456);
#13454 = CARTESIAN_POINT('',(-5.75862915843,-21.50205221542,0.));
#13455 = DIRECTION('',(0.,-1.,0.));
#13456 = DIRECTION('',(-1.,0.,0.));
#13457 = ADVANCED_FACE('',(#13458),#13483,.T.);
#13458 = FACE_BOUND('',#13459,.T.);
#13459 = EDGE_LOOP('',(#13460,#13470,#13476,#13477));
#13460 = ORIENTED_EDGE('',*,*,#13461,.T.);
#13461 = EDGE_CURVE('',#13462,#13464,#13466,.T.);
#13462 = VERTEX_POINT('',#13463);
#13463 = CARTESIAN_POINT('',(-5.469112443314,-22.168385791,0.));
#13464 = VERTEX_POINT('',#13465);
#13465 = CARTESIAN_POINT('',(-5.469112443314,-22.168385791,0.6));
#13466 = LINE('',#13467,#13468);
#13467 = CARTESIAN_POINT('',(-5.469112443314,-22.168385791,0.));
#13468 = VECTOR('',#13469,1.);
#13469 = DIRECTION('',(0.,0.,1.));
#13470 = ORIENTED_EDGE('',*,*,#13471,.T.);
#13471 = EDGE_CURVE('',#13464,#13433,#13472,.T.);
#13472 = B_SPLINE_CURVE_WITH_KNOTS('',2,(#13473,#13474,#13475),
  .UNSPECIFIED.,.F.,.F.,(3,3),(0.,1.),.PIECEWISE_BEZIER_KNOTS.);
#13473 = CARTESIAN_POINT('',(-5.469112443314,-22.168385791,0.6));
#13474 = CARTESIAN_POINT('',(-5.709573925872,-21.93355657588,0.6));
#13475 = CARTESIAN_POINT('',(-5.75862915843,-21.50205221542,0.6));
#13476 = ORIENTED_EDGE('',*,*,#13430,.F.);
#13477 = ORIENTED_EDGE('',*,*,#13478,.F.);
#13478 = EDGE_CURVE('',#13462,#13431,#13479,.T.);
#13479 = B_SPLINE_CURVE_WITH_KNOTS('',2,(#13480,#13481,#13482),
  .UNSPECIFIED.,.F.,.F.,(3,3),(0.,1.),.PIECEWISE_BEZIER_KNOTS.);
#13480 = CARTESIAN_POINT('',(-5.469112443314,-22.168385791,0.));
#13481 = CARTESIAN_POINT('',(-5.709573925872,-21.93355657588,0.));
#13482 = CARTESIAN_POINT('',(-5.75862915843,-21.50205221542,0.));
#13483 = SURFACE_OF_LINEAR_EXTRUSION('',#13484,#13488);
#13484 = B_SPLINE_CURVE_WITH_KNOTS('',2,(#13485,#13486,#13487),
  .UNSPECIFIED.,.F.,.F.,(3,3),(0.,1.),.PIECEWISE_BEZIER_KNOTS.);
#13485 = CARTESIAN_POINT('',(-5.469112443314,-22.168385791,0.));
#13486 = CARTESIAN_POINT('',(-5.709573925872,-21.93355657588,0.));
#13487 = CARTESIAN_POINT('',(-5.75862915843,-21.50205221542,0.));
#13488 = VECTOR('',#13489,1.);
#13489 = DIRECTION('',(-0.,-0.,-1.));
#13490 = ADVANCED_FACE('',(#13491),#13516,.T.);
#13491 = FACE_BOUND('',#13492,.T.);
#13492 = EDGE_LOOP('',(#13493,#13503,#13509,#13510));
#13493 = ORIENTED_EDGE('',*,*,#13494,.T.);
#13494 = EDGE_CURVE('',#13495,#13497,#13499,.T.);
#13495 = VERTEX_POINT('',#13496);
#13496 = CARTESIAN_POINT('',(-4.868821745639,-22.40321500612,0.));
#13497 = VERTEX_POINT('',#13498);
#13498 = CARTESIAN_POINT('',(-4.868821745639,-22.40321500612,0.6));
#13499 = LINE('',#13500,#13501);
#13500 = CARTESIAN_POINT('',(-4.868821745639,-22.40321500612,0.));
#13501 = VECTOR('',#13502,1.);
#13502 = DIRECTION('',(0.,0.,1.));
#13503 = ORIENTED_EDGE('',*,*,#13504,.T.);
#13504 = EDGE_CURVE('',#13497,#13464,#13505,.T.);
#13505 = B_SPLINE_CURVE_WITH_KNOTS('',2,(#13506,#13507,#13508),
  .UNSPECIFIED.,.F.,.F.,(3,3),(0.,1.),.PIECEWISE_BEZIER_KNOTS.);
#13506 = CARTESIAN_POINT('',(-4.868821745639,-22.40321500612,0.6));
#13507 = CARTESIAN_POINT('',(-5.228560117732,-22.40321500612,0.6));
#13508 = CARTESIAN_POINT('',(-5.469112443314,-22.168385791,0.6));
#13509 = ORIENTED_EDGE('',*,*,#13461,.F.);
#13510 = ORIENTED_EDGE('',*,*,#13511,.F.);
#13511 = EDGE_CURVE('',#13495,#13462,#13512,.T.);
#13512 = B_SPLINE_CURVE_WITH_KNOTS('',2,(#13513,#13514,#13515),
  .UNSPECIFIED.,.F.,.F.,(3,3),(0.,1.),.PIECEWISE_BEZIER_KNOTS.);
#13513 = CARTESIAN_POINT('',(-4.868821745639,-22.40321500612,0.));
#13514 = CARTESIAN_POINT('',(-5.228560117732,-22.40321500612,0.));
#13515 = CARTESIAN_POINT('',(-5.469112443314,-22.168385791,0.));
#13516 = SURFACE_OF_LINEAR_EXTRUSION('',#13517,#13521);
#13517 = B_SPLINE_CURVE_WITH_KNOTS('',2,(#13518,#13519,#13520),
  .UNSPECIFIED.,.F.,.F.,(3,3),(0.,1.),.PIECEWISE_BEZIER_KNOTS.);
#13518 = CARTESIAN_POINT('',(-4.868821745639,-22.40321500612,0.));
#13519 = CARTESIAN_POINT('',(-5.228560117732,-22.40321500612,0.));
#13520 = CARTESIAN_POINT('',(-5.469112443314,-22.168385791,0.));
#13521 = VECTOR('',#13522,1.);
#13522 = DIRECTION('',(-0.,-0.,-1.));
#13523 = ADVANCED_FACE('',(#13524),#13549,.T.);
#13524 = FACE_BOUND('',#13525,.T.);
#13525 = EDGE_LOOP('',(#13526,#13536,#13542,#13543));
#13526 = ORIENTED_EDGE('',*,*,#13527,.T.);
#13527 = EDGE_CURVE('',#13528,#13530,#13532,.T.);
#13528 = VERTEX_POINT('',#13529);
#13529 = CARTESIAN_POINT('',(-4.20730285029,-22.11996645961,0.));
#13530 = VERTEX_POINT('',#13531);
#13531 = CARTESIAN_POINT('',(-4.20730285029,-22.11996645961,0.6));
#13532 = LINE('',#13533,#13534);
#13533 = CARTESIAN_POINT('',(-4.20730285029,-22.11996645961,0.));
#13534 = VECTOR('',#13535,1.);
#13535 = DIRECTION('',(0.,0.,1.));
#13536 = ORIENTED_EDGE('',*,*,#13537,.T.);
#13537 = EDGE_CURVE('',#13530,#13497,#13538,.T.);
#13538 = B_SPLINE_CURVE_WITH_KNOTS('',2,(#13539,#13540,#13541),
  .UNSPECIFIED.,.F.,.F.,(3,3),(0.,1.),.PIECEWISE_BEZIER_KNOTS.);
#13539 = CARTESIAN_POINT('',(-4.20730285029,-22.11996645961,0.6));
#13540 = CARTESIAN_POINT('',(-4.458665495639,-22.40321500612,0.6));
#13541 = CARTESIAN_POINT('',(-4.868821745639,-22.40321500612,0.6));
#13542 = ORIENTED_EDGE('',*,*,#13494,.F.);
#13543 = ORIENTED_EDGE('',*,*,#13544,.F.);
#13544 = EDGE_CURVE('',#13528,#13495,#13545,.T.);
#13545 = B_SPLINE_CURVE_WITH_KNOTS('',2,(#13546,#13547,#13548),
  .UNSPECIFIED.,.F.,.F.,(3,3),(0.,1.),.PIECEWISE_BEZIER_KNOTS.);
#13546 = CARTESIAN_POINT('',(-4.20730285029,-22.11996645961,0.));
#13547 = CARTESIAN_POINT('',(-4.458665495639,-22.40321500612,0.));
#13548 = CARTESIAN_POINT('',(-4.868821745639,-22.40321500612,0.));
#13549 = SURFACE_OF_LINEAR_EXTRUSION('',#13550,#13554);
#13550 = B_SPLINE_CURVE_WITH_KNOTS('',2,(#13551,#13552,#13553),
  .UNSPECIFIED.,.F.,.F.,(3,3),(0.,1.),.PIECEWISE_BEZIER_KNOTS.);
#13551 = CARTESIAN_POINT('',(-4.20730285029,-22.11996645961,0.));
#13552 = CARTESIAN_POINT('',(-4.458665495639,-22.40321500612,0.));
#13553 = CARTESIAN_POINT('',(-4.868821745639,-22.40321500612,0.));
#13554 = VECTOR('',#13555,1.);
#13555 = DIRECTION('',(-0.,-0.,-1.));
#13556 = ADVANCED_FACE('',(#13557),#13582,.T.);
#13557 = FACE_BOUND('',#13558,.T.);
#13558 = EDGE_LOOP('',(#13559,#13569,#13575,#13576));
#13559 = ORIENTED_EDGE('',*,*,#13560,.T.);
#13560 = EDGE_CURVE('',#13561,#13563,#13565,.T.);
#13561 = VERTEX_POINT('',#13562);
#13562 = CARTESIAN_POINT('',(-3.955849361918,-21.3574301224,0.));
#13563 = VERTEX_POINT('',#13564);
#13564 = CARTESIAN_POINT('',(-3.955849361918,-21.3574301224,0.6));
#13565 = LINE('',#13566,#13567);
#13566 = CARTESIAN_POINT('',(-3.955849361918,-21.3574301224,0.));
#13567 = VECTOR('',#13568,1.);
#13568 = DIRECTION('',(0.,0.,1.));
#13569 = ORIENTED_EDGE('',*,*,#13570,.T.);
#13570 = EDGE_CURVE('',#13563,#13530,#13571,.T.);
#13571 = B_SPLINE_CURVE_WITH_KNOTS('',2,(#13572,#13573,#13574),
  .UNSPECIFIED.,.F.,.F.,(3,3),(0.,1.),.PIECEWISE_BEZIER_KNOTS.);
#13572 = CARTESIAN_POINT('',(-3.955849361918,-21.3574301224,0.6));
#13573 = CARTESIAN_POINT('',(-3.955849361918,-21.83662707007,0.6));
#13574 = CARTESIAN_POINT('',(-4.20730285029,-22.11996645961,0.6));
#13575 = ORIENTED_EDGE('',*,*,#13527,.F.);
#13576 = ORIENTED_EDGE('',*,*,#13577,.F.);
#13577 = EDGE_CURVE('',#13561,#13528,#13578,.T.);
#13578 = B_SPLINE_CURVE_WITH_KNOTS('',2,(#13579,#13580,#13581),
  .UNSPECIFIED.,.F.,.F.,(3,3),(0.,1.),.PIECEWISE_BEZIER_KNOTS.);
#13579 = CARTESIAN_POINT('',(-3.955849361918,-21.3574301224,0.));
#13580 = CARTESIAN_POINT('',(-3.955849361918,-21.83662707007,0.));
#13581 = CARTESIAN_POINT('',(-4.20730285029,-22.11996645961,0.));
#13582 = SURFACE_OF_LINEAR_EXTRUSION('',#13583,#13587);
#13583 = B_SPLINE_CURVE_WITH_KNOTS('',2,(#13584,#13585,#13586),
  .UNSPECIFIED.,.F.,.F.,(3,3),(0.,1.),.PIECEWISE_BEZIER_KNOTS.);
#13584 = CARTESIAN_POINT('',(-3.955849361918,-21.3574301224,0.));
#13585 = CARTESIAN_POINT('',(-3.955849361918,-21.83662707007,0.));
#13586 = CARTESIAN_POINT('',(-4.20730285029,-22.11996645961,0.));
#13587 = VECTOR('',#13588,1.);
#13588 = DIRECTION('',(-0.,-0.,-1.));
#13589 = ADVANCED_FACE('',(#13590),#13615,.T.);
#13590 = FACE_BOUND('',#13591,.T.);
#13591 = EDGE_LOOP('',(#13592,#13602,#13608,#13609));
#13592 = ORIENTED_EDGE('',*,*,#13593,.T.);
#13593 = EDGE_CURVE('',#13594,#13596,#13598,.T.);
#13594 = VERTEX_POINT('',#13595);
#13595 = CARTESIAN_POINT('',(-4.210028140988,-20.61406166309,0.));
#13596 = VERTEX_POINT('',#13597);
#13597 = CARTESIAN_POINT('',(-4.210028140988,-20.61406166309,0.6));
#13598 = LINE('',#13599,#13600);
#13599 = CARTESIAN_POINT('',(-4.210028140988,-20.61406166309,0.));
#13600 = VECTOR('',#13601,1.);
#13601 = DIRECTION('',(0.,0.,1.));
#13602 = ORIENTED_EDGE('',*,*,#13603,.T.);
#13603 = EDGE_CURVE('',#13596,#13563,#13604,.T.);
#13604 = B_SPLINE_CURVE_WITH_KNOTS('',2,(#13605,#13606,#13607),
  .UNSPECIFIED.,.F.,.F.,(3,3),(0.,1.),.PIECEWISE_BEZIER_KNOTS.);
#13605 = CARTESIAN_POINT('',(-4.210028140988,-20.61406166309,0.6));
#13606 = CARTESIAN_POINT('',(-3.955849361918,-20.89458491891,0.6));
#13607 = CARTESIAN_POINT('',(-3.955849361918,-21.3574301224,0.6));
#13608 = ORIENTED_EDGE('',*,*,#13560,.F.);
#13609 = ORIENTED_EDGE('',*,*,#13610,.F.);
#13610 = EDGE_CURVE('',#13594,#13561,#13611,.T.);
#13611 = B_SPLINE_CURVE_WITH_KNOTS('',2,(#13612,#13613,#13614),
  .UNSPECIFIED.,.F.,.F.,(3,3),(0.,1.),.PIECEWISE_BEZIER_KNOTS.);
#13612 = CARTESIAN_POINT('',(-4.210028140988,-20.61406166309,0.));
#13613 = CARTESIAN_POINT('',(-3.955849361918,-20.89458491891,0.));
#13614 = CARTESIAN_POINT('',(-3.955849361918,-21.3574301224,0.));
#13615 = SURFACE_OF_LINEAR_EXTRUSION('',#13616,#13620);
#13616 = B_SPLINE_CURVE_WITH_KNOTS('',2,(#13617,#13618,#13619),
  .UNSPECIFIED.,.F.,.F.,(3,3),(0.,1.),.PIECEWISE_BEZIER_KNOTS.);
#13617 = CARTESIAN_POINT('',(-4.210028140988,-20.61406166309,0.));
#13618 = CARTESIAN_POINT('',(-3.955849361918,-20.89458491891,0.));
#13619 = CARTESIAN_POINT('',(-3.955849361918,-21.3574301224,0.));
#13620 = VECTOR('',#13621,1.);
#13621 = DIRECTION('',(-0.,-0.,-1.));
#13622 = ADVANCED_FACE('',(#13623),#13648,.T.);
#13623 = FACE_BOUND('',#13624,.T.);
#13624 = EDGE_LOOP('',(#13625,#13635,#13641,#13642));
#13625 = ORIENTED_EDGE('',*,*,#13626,.T.);
#13626 = EDGE_CURVE('',#13627,#13629,#13631,.T.);
#13627 = VERTEX_POINT('',#13628);
#13628 = CARTESIAN_POINT('',(-4.863371164244,-20.33344756426,0.));
#13629 = VERTEX_POINT('',#13630);
#13630 = CARTESIAN_POINT('',(-4.863371164244,-20.33344756426,0.6));
#13631 = LINE('',#13632,#13633);
#13632 = CARTESIAN_POINT('',(-4.863371164244,-20.33344756426,0.));
#13633 = VECTOR('',#13634,1.);
#13634 = DIRECTION('',(0.,0.,1.));
#13635 = ORIENTED_EDGE('',*,*,#13636,.T.);
#13636 = EDGE_CURVE('',#13629,#13596,#13637,.T.);
#13637 = B_SPLINE_CURVE_WITH_KNOTS('',2,(#13638,#13639,#13640),
  .UNSPECIFIED.,.F.,.F.,(3,3),(0.,1.),.PIECEWISE_BEZIER_KNOTS.);
#13638 = CARTESIAN_POINT('',(-4.863371164244,-20.33344756426,0.6));
#13639 = CARTESIAN_POINT('',(-4.464116077034,-20.33344756426,0.6));
#13640 = CARTESIAN_POINT('',(-4.210028140988,-20.61406166309,0.6));
#13641 = ORIENTED_EDGE('',*,*,#13593,.F.);
#13642 = ORIENTED_EDGE('',*,*,#13643,.F.);
#13643 = EDGE_CURVE('',#13627,#13594,#13644,.T.);
#13644 = B_SPLINE_CURVE_WITH_KNOTS('',2,(#13645,#13646,#13647),
  .UNSPECIFIED.,.F.,.F.,(3,3),(0.,1.),.PIECEWISE_BEZIER_KNOTS.);
#13645 = CARTESIAN_POINT('',(-4.863371164244,-20.33344756426,0.));
#13646 = CARTESIAN_POINT('',(-4.464116077034,-20.33344756426,0.));
#13647 = CARTESIAN_POINT('',(-4.210028140988,-20.61406166309,0.));
#13648 = SURFACE_OF_LINEAR_EXTRUSION('',#13649,#13653);
#13649 = B_SPLINE_CURVE_WITH_KNOTS('',2,(#13650,#13651,#13652),
  .UNSPECIFIED.,.F.,.F.,(3,3),(0.,1.),.PIECEWISE_BEZIER_KNOTS.);
#13650 = CARTESIAN_POINT('',(-4.863371164244,-20.33344756426,0.));
#13651 = CARTESIAN_POINT('',(-4.464116077034,-20.33344756426,0.));
#13652 = CARTESIAN_POINT('',(-4.210028140988,-20.61406166309,0.));
#13653 = VECTOR('',#13654,1.);
#13654 = DIRECTION('',(-0.,-0.,-1.));
#13655 = ADVANCED_FACE('',(#13656),#13672,.T.);
#13656 = FACE_BOUND('',#13657,.T.);
#13657 = EDGE_LOOP('',(#13658,#13659,#13665,#13666));
#13658 = ORIENTED_EDGE('',*,*,#13220,.T.);
#13659 = ORIENTED_EDGE('',*,*,#13660,.T.);
#13660 = EDGE_CURVE('',#13213,#13629,#13661,.T.);
#13661 = B_SPLINE_CURVE_WITH_KNOTS('',2,(#13662,#13663,#13664),
  .UNSPECIFIED.,.F.,.F.,(3,3),(0.,1.),.PIECEWISE_BEZIER_KNOTS.);
#13662 = CARTESIAN_POINT('',(-5.477288315407,-20.58035890147,0.6));
#13663 = CARTESIAN_POINT('',(-5.228560117732,-20.33344756426,0.6));
#13664 = CARTESIAN_POINT('',(-4.863371164244,-20.33344756426,0.6));
#13665 = ORIENTED_EDGE('',*,*,#13626,.F.);
#13666 = ORIENTED_EDGE('',*,*,#13667,.F.);
#13667 = EDGE_CURVE('',#13221,#13627,#13668,.T.);
#13668 = B_SPLINE_CURVE_WITH_KNOTS('',2,(#13669,#13670,#13671),
  .UNSPECIFIED.,.F.,.F.,(3,3),(0.,1.),.PIECEWISE_BEZIER_KNOTS.);
#13669 = CARTESIAN_POINT('',(-5.477288315407,-20.58035890147,0.));
#13670 = CARTESIAN_POINT('',(-5.228560117732,-20.33344756426,0.));
#13671 = CARTESIAN_POINT('',(-4.863371164244,-20.33344756426,0.));
#13672 = SURFACE_OF_LINEAR_EXTRUSION('',#13673,#13677);
#13673 = B_SPLINE_CURVE_WITH_KNOTS('',2,(#13674,#13675,#13676),
  .UNSPECIFIED.,.F.,.F.,(3,3),(0.,1.),.PIECEWISE_BEZIER_KNOTS.);
#13674 = CARTESIAN_POINT('',(-5.477288315407,-20.58035890147,0.));
#13675 = CARTESIAN_POINT('',(-5.228560117732,-20.33344756426,0.));
#13676 = CARTESIAN_POINT('',(-4.863371164244,-20.33344756426,0.));
#13677 = VECTOR('',#13678,1.);
#13678 = DIRECTION('',(-0.,-0.,-1.));
#13679 = ADVANCED_FACE('',(#13680),#13714,.T.);
#13680 = FACE_BOUND('',#13681,.T.);
#13681 = EDGE_LOOP('',(#13682,#13692,#13700,#13708));
#13682 = ORIENTED_EDGE('',*,*,#13683,.T.);
#13683 = EDGE_CURVE('',#13684,#13686,#13688,.T.);
#13684 = VERTEX_POINT('',#13685);
#13685 = CARTESIAN_POINT('',(-4.866096454941,-22.17065686658,0.));
#13686 = VERTEX_POINT('',#13687);
#13687 = CARTESIAN_POINT('',(-4.866096454941,-22.17065686658,0.6));
#13688 = LINE('',#13689,#13690);
#13689 = CARTESIAN_POINT('',(-4.866096454941,-22.17065686658,0.));
#13690 = VECTOR('',#13691,1.);
#13691 = DIRECTION('',(0.,0.,1.));
#13692 = ORIENTED_EDGE('',*,*,#13693,.T.);
#13693 = EDGE_CURVE('',#13686,#13694,#13696,.T.);
#13694 = VERTEX_POINT('',#13695);
#13695 = CARTESIAN_POINT('',(-4.399435844476,-21.95790250612,0.6));
#13696 = B_SPLINE_CURVE_WITH_KNOTS('',2,(#13697,#13698,#13699),
  .UNSPECIFIED.,.F.,.F.,(3,3),(0.,1.),.PIECEWISE_BEZIER_KNOTS.);
#13697 = CARTESIAN_POINT('',(-4.866096454941,-22.17065686658,0.6));
#13698 = CARTESIAN_POINT('',(-4.569039768895,-22.17065686658,0.6));
#13699 = CARTESIAN_POINT('',(-4.399435844476,-21.95790250612,0.6));
#13700 = ORIENTED_EDGE('',*,*,#13701,.F.);
#13701 = EDGE_CURVE('',#13702,#13694,#13704,.T.);
#13702 = VERTEX_POINT('',#13703);
#13703 = CARTESIAN_POINT('',(-4.399435844476,-21.95790250612,0.));
#13704 = LINE('',#13705,#13706);
#13705 = CARTESIAN_POINT('',(-4.399435844476,-21.95790250612,0.));
#13706 = VECTOR('',#13707,1.);
#13707 = DIRECTION('',(0.,0.,1.));
#13708 = ORIENTED_EDGE('',*,*,#13709,.F.);
#13709 = EDGE_CURVE('',#13684,#13702,#13710,.T.);
#13710 = B_SPLINE_CURVE_WITH_KNOTS('',2,(#13711,#13712,#13713),
  .UNSPECIFIED.,.F.,.F.,(3,3),(0.,1.),.PIECEWISE_BEZIER_KNOTS.);
#13711 = CARTESIAN_POINT('',(-4.866096454941,-22.17065686658,0.));
#13712 = CARTESIAN_POINT('',(-4.569039768895,-22.17065686658,0.));
#13713 = CARTESIAN_POINT('',(-4.399435844476,-21.95790250612,0.));
#13714 = SURFACE_OF_LINEAR_EXTRUSION('',#13715,#13719);
#13715 = B_SPLINE_CURVE_WITH_KNOTS('',2,(#13716,#13717,#13718),
  .UNSPECIFIED.,.F.,.F.,(3,3),(0.,1.),.PIECEWISE_BEZIER_KNOTS.);
#13716 = CARTESIAN_POINT('',(-4.866096454941,-22.17065686658,0.));
#13717 = CARTESIAN_POINT('',(-4.569039768895,-22.17065686658,0.));
#13718 = CARTESIAN_POINT('',(-4.399435844476,-21.95790250612,0.));
#13719 = VECTOR('',#13720,1.);
#13720 = DIRECTION('',(-0.,-0.,-1.));
#13721 = ADVANCED_FACE('',(#13722),#13747,.T.);
#13722 = FACE_BOUND('',#13723,.T.);
#13723 = EDGE_LOOP('',(#13724,#13734,#13740,#13741));
#13724 = ORIENTED_EDGE('',*,*,#13725,.T.);
#13725 = EDGE_CURVE('',#13726,#13728,#13730,.T.);
#13726 = VERTEX_POINT('',#13727);
#13727 = CARTESIAN_POINT('',(-5.322582646802,-21.96199044216,0.));
#13728 = VERTEX_POINT('',#13729);
#13729 = CARTESIAN_POINT('',(-5.322582646802,-21.96199044216,0.6));
#13730 = LINE('',#13731,#13732);
#13731 = CARTESIAN_POINT('',(-5.322582646802,-21.96199044216,0.));
#13732 = VECTOR('',#13733,1.);
#13733 = DIRECTION('',(0.,0.,1.));
#13734 = ORIENTED_EDGE('',*,*,#13735,.T.);
#13735 = EDGE_CURVE('',#13728,#13686,#13736,.T.);
#13736 = B_SPLINE_CURVE_WITH_KNOTS('',2,(#13737,#13738,#13739),
  .UNSPECIFIED.,.F.,.F.,(3,3),(0.,1.),.PIECEWISE_BEZIER_KNOTS.);
#13737 = CARTESIAN_POINT('',(-5.322582646802,-21.96199044216,0.6));
#13738 = CARTESIAN_POINT('',(-5.1495266875,-22.17065686658,0.6));
#13739 = CARTESIAN_POINT('',(-4.866096454941,-22.17065686658,0.6));
#13740 = ORIENTED_EDGE('',*,*,#13683,.F.);
#13741 = ORIENTED_EDGE('',*,*,#13742,.F.);
#13742 = EDGE_CURVE('',#13726,#13684,#13743,.T.);
#13743 = B_SPLINE_CURVE_WITH_KNOTS('',2,(#13744,#13745,#13746),
  .UNSPECIFIED.,.F.,.F.,(3,3),(0.,1.),.PIECEWISE_BEZIER_KNOTS.);
#13744 = CARTESIAN_POINT('',(-5.322582646802,-21.96199044216,0.));
#13745 = CARTESIAN_POINT('',(-5.1495266875,-22.17065686658,0.));
#13746 = CARTESIAN_POINT('',(-4.866096454941,-22.17065686658,0.));
#13747 = SURFACE_OF_LINEAR_EXTRUSION('',#13748,#13752);
#13748 = B_SPLINE_CURVE_WITH_KNOTS('',2,(#13749,#13750,#13751),
  .UNSPECIFIED.,.F.,.F.,(3,3),(0.,1.),.PIECEWISE_BEZIER_KNOTS.);
#13749 = CARTESIAN_POINT('',(-5.322582646802,-21.96199044216,0.));
#13750 = CARTESIAN_POINT('',(-5.1495266875,-22.17065686658,0.));
#13751 = CARTESIAN_POINT('',(-4.866096454941,-22.17065686658,0.));
#13752 = VECTOR('',#13753,1.);
#13753 = DIRECTION('',(-0.,-0.,-1.));
#13754 = ADVANCED_FACE('',(#13755),#13780,.T.);
#13755 = FACE_BOUND('',#13756,.T.);
#13756 = EDGE_LOOP('',(#13757,#13767,#13773,#13774));
#13757 = ORIENTED_EDGE('',*,*,#13758,.T.);
#13758 = EDGE_CURVE('',#13759,#13761,#13763,.T.);
#13759 = VERTEX_POINT('',#13760);
#13760 = CARTESIAN_POINT('',(-5.495638606104,-21.37914160495,0.));
#13761 = VERTEX_POINT('',#13762);
#13762 = CARTESIAN_POINT('',(-5.495638606104,-21.37914160495,0.6));
#13763 = LINE('',#13764,#13765);
#13764 = CARTESIAN_POINT('',(-5.495638606104,-21.37914160495,0.));
#13765 = VECTOR('',#13766,1.);
#13766 = DIRECTION('',(0.,0.,1.));
#13767 = ORIENTED_EDGE('',*,*,#13768,.T.);
#13768 = EDGE_CURVE('',#13761,#13728,#13769,.T.);
#13769 = B_SPLINE_CURVE_WITH_KNOTS('',2,(#13770,#13771,#13772),
  .UNSPECIFIED.,.F.,.F.,(3,3),(0.,1.),.PIECEWISE_BEZIER_KNOTS.);
#13770 = CARTESIAN_POINT('',(-5.495638606104,-21.37914160495,0.6));
#13771 = CARTESIAN_POINT('',(-5.495638606104,-21.75323317472,0.6));
#13772 = CARTESIAN_POINT('',(-5.322582646802,-21.96199044216,0.6));
#13773 = ORIENTED_EDGE('',*,*,#13725,.F.);
#13774 = ORIENTED_EDGE('',*,*,#13775,.F.);
#13775 = EDGE_CURVE('',#13759,#13726,#13776,.T.);
#13776 = B_SPLINE_CURVE_WITH_KNOTS('',2,(#13777,#13778,#13779),
  .UNSPECIFIED.,.F.,.F.,(3,3),(0.,1.),.PIECEWISE_BEZIER_KNOTS.);
#13777 = CARTESIAN_POINT('',(-5.495638606104,-21.37914160495,0.));
#13778 = CARTESIAN_POINT('',(-5.495638606104,-21.75323317472,0.));
#13779 = CARTESIAN_POINT('',(-5.322582646802,-21.96199044216,0.));
#13780 = SURFACE_OF_LINEAR_EXTRUSION('',#13781,#13785);
#13781 = B_SPLINE_CURVE_WITH_KNOTS('',2,(#13782,#13783,#13784),
  .UNSPECIFIED.,.F.,.F.,(3,3),(0.,1.),.PIECEWISE_BEZIER_KNOTS.);
#13782 = CARTESIAN_POINT('',(-5.495638606104,-21.37914160495,0.));
#13783 = CARTESIAN_POINT('',(-5.495638606104,-21.75323317472,0.));
#13784 = CARTESIAN_POINT('',(-5.322582646802,-21.96199044216,0.));
#13785 = VECTOR('',#13786,1.);
#13786 = DIRECTION('',(-0.,-0.,-1.));
#13787 = ADVANCED_FACE('',(#13788),#13813,.T.);
#13788 = FACE_BOUND('',#13789,.T.);
#13789 = EDGE_LOOP('',(#13790,#13800,#13806,#13807));
#13790 = ORIENTED_EDGE('',*,*,#13791,.T.);
#13791 = EDGE_CURVE('',#13792,#13794,#13796,.T.);
#13792 = VERTEX_POINT('',#13793);
#13793 = CARTESIAN_POINT('',(-5.324672036337,-20.78148535495,0.));
#13794 = VERTEX_POINT('',#13795);
#13795 = CARTESIAN_POINT('',(-5.324672036337,-20.78148535495,0.6));
#13796 = LINE('',#13797,#13798);
#13797 = CARTESIAN_POINT('',(-5.324672036337,-20.78148535495,0.));
#13798 = VECTOR('',#13799,1.);
#13799 = DIRECTION('',(0.,0.,1.));
#13800 = ORIENTED_EDGE('',*,*,#13801,.T.);
#13801 = EDGE_CURVE('',#13794,#13761,#13802,.T.);
#13802 = B_SPLINE_CURVE_WITH_KNOTS('',2,(#13803,#13804,#13805),
  .UNSPECIFIED.,.F.,.F.,(3,3),(0.,1.),.PIECEWISE_BEZIER_KNOTS.);
#13803 = CARTESIAN_POINT('',(-5.324672036337,-20.78148535495,0.6));
#13804 = CARTESIAN_POINT('',(-5.495638606104,-20.99696500612,0.6));
#13805 = CARTESIAN_POINT('',(-5.495638606104,-21.37914160495,0.6));
#13806 = ORIENTED_EDGE('',*,*,#13758,.F.);
#13807 = ORIENTED_EDGE('',*,*,#13808,.F.);
#13808 = EDGE_CURVE('',#13792,#13759,#13809,.T.);
#13809 = B_SPLINE_CURVE_WITH_KNOTS('',2,(#13810,#13811,#13812),
  .UNSPECIFIED.,.F.,.F.,(3,3),(0.,1.),.PIECEWISE_BEZIER_KNOTS.);
#13810 = CARTESIAN_POINT('',(-5.324672036337,-20.78148535495,0.));
#13811 = CARTESIAN_POINT('',(-5.495638606104,-20.99696500612,0.));
#13812 = CARTESIAN_POINT('',(-5.495638606104,-21.37914160495,0.));
#13813 = SURFACE_OF_LINEAR_EXTRUSION('',#13814,#13818);
#13814 = B_SPLINE_CURVE_WITH_KNOTS('',2,(#13815,#13816,#13817),
  .UNSPECIFIED.,.F.,.F.,(3,3),(0.,1.),.PIECEWISE_BEZIER_KNOTS.);
#13815 = CARTESIAN_POINT('',(-5.324672036337,-20.78148535495,0.));
#13816 = CARTESIAN_POINT('',(-5.495638606104,-20.99696500612,0.));
#13817 = CARTESIAN_POINT('',(-5.495638606104,-21.37914160495,0.));
#13818 = VECTOR('',#13819,1.);
#13819 = DIRECTION('',(-0.,-0.,-1.));
#13820 = ADVANCED_FACE('',(#13821),#13846,.T.);
#13821 = FACE_BOUND('',#13822,.T.);
#13822 = EDGE_LOOP('',(#13823,#13833,#13839,#13840));
#13823 = ORIENTED_EDGE('',*,*,#13824,.T.);
#13824 = EDGE_CURVE('',#13825,#13827,#13829,.T.);
#13825 = VERTEX_POINT('',#13826);
#13826 = CARTESIAN_POINT('',(-4.859283228197,-20.56600570379,0.));
#13827 = VERTEX_POINT('',#13828);
#13828 = CARTESIAN_POINT('',(-4.859283228197,-20.56600570379,0.6));
#13829 = LINE('',#13830,#13831);
#13830 = CARTESIAN_POINT('',(-4.859283228197,-20.56600570379,0.));
#13831 = VECTOR('',#13832,1.);
#13832 = DIRECTION('',(0.,0.,1.));
#13833 = ORIENTED_EDGE('',*,*,#13834,.T.);
#13834 = EDGE_CURVE('',#13827,#13794,#13835,.T.);
#13835 = B_SPLINE_CURVE_WITH_KNOTS('',2,(#13836,#13837,#13838),
  .UNSPECIFIED.,.F.,.F.,(3,3),(0.,1.),.PIECEWISE_BEZIER_KNOTS.);
#13836 = CARTESIAN_POINT('',(-4.859283228197,-20.56600570379,0.6));
#13837 = CARTESIAN_POINT('',(-5.153614623546,-20.56600570379,0.6));
#13838 = CARTESIAN_POINT('',(-5.324672036337,-20.78148535495,0.6));
#13839 = ORIENTED_EDGE('',*,*,#13791,.F.);
#13840 = ORIENTED_EDGE('',*,*,#13841,.F.);
#13841 = EDGE_CURVE('',#13825,#13792,#13842,.T.);
#13842 = B_SPLINE_CURVE_WITH_KNOTS('',2,(#13843,#13844,#13845),
  .UNSPECIFIED.,.F.,.F.,(3,3),(0.,1.),.PIECEWISE_BEZIER_KNOTS.);
#13843 = CARTESIAN_POINT('',(-4.859283228197,-20.56600570379,0.));
#13844 = CARTESIAN_POINT('',(-5.153614623546,-20.56600570379,0.));
#13845 = CARTESIAN_POINT('',(-5.324672036337,-20.78148535495,0.));
#13846 = SURFACE_OF_LINEAR_EXTRUSION('',#13847,#13851);
#13847 = B_SPLINE_CURVE_WITH_KNOTS('',2,(#13848,#13849,#13850),
  .UNSPECIFIED.,.F.,.F.,(3,3),(0.,1.),.PIECEWISE_BEZIER_KNOTS.);
#13848 = CARTESIAN_POINT('',(-4.859283228197,-20.56600570379,0.));
#13849 = CARTESIAN_POINT('',(-5.153614623546,-20.56600570379,0.));
#13850 = CARTESIAN_POINT('',(-5.324672036337,-20.78148535495,0.));
#13851 = VECTOR('',#13852,1.);
#13852 = DIRECTION('',(-0.,-0.,-1.));
#13853 = ADVANCED_FACE('',(#13854),#13879,.T.);
#13854 = FACE_BOUND('',#13855,.T.);
#13855 = EDGE_LOOP('',(#13856,#13866,#13872,#13873));
#13856 = ORIENTED_EDGE('',*,*,#13857,.T.);
#13857 = EDGE_CURVE('',#13858,#13860,#13862,.T.);
#13858 = VERTEX_POINT('',#13859);
#13859 = CARTESIAN_POINT('',(-4.400798489825,-20.77885090728,0.));
#13860 = VERTEX_POINT('',#13861);
#13861 = CARTESIAN_POINT('',(-4.400798489825,-20.77885090728,0.6));
#13862 = LINE('',#13863,#13864);
#13863 = CARTESIAN_POINT('',(-4.400798489825,-20.77885090728,0.));
#13864 = VECTOR('',#13865,1.);
#13865 = DIRECTION('',(0.,0.,1.));
#13866 = ORIENTED_EDGE('',*,*,#13867,.T.);
#13867 = EDGE_CURVE('',#13860,#13827,#13868,.T.);
#13868 = B_SPLINE_CURVE_WITH_KNOTS('',2,(#13869,#13870,#13871),
  .UNSPECIFIED.,.F.,.F.,(3,3),(0.,1.),.PIECEWISE_BEZIER_KNOTS.);
#13869 = CARTESIAN_POINT('',(-4.400798489825,-20.77885090728,0.6));
#13870 = CARTESIAN_POINT('',(-4.571765059593,-20.56600570379,0.6));
#13871 = CARTESIAN_POINT('',(-4.859283228197,-20.56600570379,0.6));
#13872 = ORIENTED_EDGE('',*,*,#13824,.F.);
#13873 = ORIENTED_EDGE('',*,*,#13874,.F.);
#13874 = EDGE_CURVE('',#13858,#13825,#13875,.T.);
#13875 = B_SPLINE_CURVE_WITH_KNOTS('',2,(#13876,#13877,#13878),
  .UNSPECIFIED.,.F.,.F.,(3,3),(0.,1.),.PIECEWISE_BEZIER_KNOTS.);
#13876 = CARTESIAN_POINT('',(-4.400798489825,-20.77885090728,0.));
#13877 = CARTESIAN_POINT('',(-4.571765059593,-20.56600570379,0.));
#13878 = CARTESIAN_POINT('',(-4.859283228197,-20.56600570379,0.));
#13879 = SURFACE_OF_LINEAR_EXTRUSION('',#13880,#13884);
#13880 = B_SPLINE_CURVE_WITH_KNOTS('',2,(#13881,#13882,#13883),
  .UNSPECIFIED.,.F.,.F.,(3,3),(0.,1.),.PIECEWISE_BEZIER_KNOTS.);
#13881 = CARTESIAN_POINT('',(-4.400798489825,-20.77885090728,0.));
#13882 = CARTESIAN_POINT('',(-4.571765059593,-20.56600570379,0.));
#13883 = CARTESIAN_POINT('',(-4.859283228197,-20.56600570379,0.));
#13884 = VECTOR('',#13885,1.);
#13885 = DIRECTION('',(-0.,-0.,-1.));
#13886 = ADVANCED_FACE('',(#13887),#13912,.T.);
#13887 = FACE_BOUND('',#13888,.T.);
#13888 = EDGE_LOOP('',(#13889,#13899,#13905,#13906));
#13889 = ORIENTED_EDGE('',*,*,#13890,.T.);
#13890 = EDGE_CURVE('',#13891,#13893,#13895,.T.);
#13891 = VERTEX_POINT('',#13892);
#13892 = CARTESIAN_POINT('',(-4.229741077034,-21.36288070379,0.));
#13893 = VERTEX_POINT('',#13894);
#13894 = CARTESIAN_POINT('',(-4.229741077034,-21.36288070379,0.6));
#13895 = LINE('',#13896,#13897);
#13896 = CARTESIAN_POINT('',(-4.229741077034,-21.36288070379,0.));
#13897 = VECTOR('',#13898,1.);
#13898 = DIRECTION('',(0.,0.,1.));
#13899 = ORIENTED_EDGE('',*,*,#13900,.T.);
#13900 = EDGE_CURVE('',#13893,#13860,#13901,.T.);
#13901 = B_SPLINE_CURVE_WITH_KNOTS('',2,(#13902,#13903,#13904),
  .UNSPECIFIED.,.F.,.F.,(3,3),(0.,1.),.PIECEWISE_BEZIER_KNOTS.);
#13902 = CARTESIAN_POINT('',(-4.229741077034,-21.36288070379,0.6));
#13903 = CARTESIAN_POINT('',(-4.229741077034,-20.99160526774,0.6));
#13904 = CARTESIAN_POINT('',(-4.400798489825,-20.77885090728,0.6));
#13905 = ORIENTED_EDGE('',*,*,#13857,.F.);
#13906 = ORIENTED_EDGE('',*,*,#13907,.F.);
#13907 = EDGE_CURVE('',#13891,#13858,#13908,.T.);
#13908 = B_SPLINE_CURVE_WITH_KNOTS('',2,(#13909,#13910,#13911),
  .UNSPECIFIED.,.F.,.F.,(3,3),(0.,1.),.PIECEWISE_BEZIER_KNOTS.);
#13909 = CARTESIAN_POINT('',(-4.229741077034,-21.36288070379,0.));
#13910 = CARTESIAN_POINT('',(-4.229741077034,-20.99160526774,0.));
#13911 = CARTESIAN_POINT('',(-4.400798489825,-20.77885090728,0.));
#13912 = SURFACE_OF_LINEAR_EXTRUSION('',#13913,#13917);
#13913 = B_SPLINE_CURVE_WITH_KNOTS('',2,(#13914,#13915,#13916),
  .UNSPECIFIED.,.F.,.F.,(3,3),(0.,1.),.PIECEWISE_BEZIER_KNOTS.);
#13914 = CARTESIAN_POINT('',(-4.229741077034,-21.36288070379,0.));
#13915 = CARTESIAN_POINT('',(-4.229741077034,-20.99160526774,0.));
#13916 = CARTESIAN_POINT('',(-4.400798489825,-20.77885090728,0.));
#13917 = VECTOR('',#13918,1.);
#13918 = DIRECTION('',(-0.,-0.,-1.));
#13919 = ADVANCED_FACE('',(#13920),#13936,.T.);
#13920 = FACE_BOUND('',#13921,.T.);
#13921 = EDGE_LOOP('',(#13922,#13923,#13929,#13930));
#13922 = ORIENTED_EDGE('',*,*,#13701,.T.);
#13923 = ORIENTED_EDGE('',*,*,#13924,.T.);
#13924 = EDGE_CURVE('',#13694,#13893,#13925,.T.);
#13925 = B_SPLINE_CURVE_WITH_KNOTS('',2,(#13926,#13927,#13928),
  .UNSPECIFIED.,.F.,.F.,(3,3),(0.,1.),.PIECEWISE_BEZIER_KNOTS.);
#13926 = CARTESIAN_POINT('',(-4.399435844476,-21.95790250612,0.6));
#13927 = CARTESIAN_POINT('',(-4.229741077034,-21.74505730263,0.6));
#13928 = CARTESIAN_POINT('',(-4.229741077034,-21.36288070379,0.6));
#13929 = ORIENTED_EDGE('',*,*,#13890,.F.);
#13930 = ORIENTED_EDGE('',*,*,#13931,.F.);
#13931 = EDGE_CURVE('',#13702,#13891,#13932,.T.);
#13932 = B_SPLINE_CURVE_WITH_KNOTS('',2,(#13933,#13934,#13935),
  .UNSPECIFIED.,.F.,.F.,(3,3),(0.,1.),.PIECEWISE_BEZIER_KNOTS.);
#13933 = CARTESIAN_POINT('',(-4.399435844476,-21.95790250612,0.));
#13934 = CARTESIAN_POINT('',(-4.229741077034,-21.74505730263,0.));
#13935 = CARTESIAN_POINT('',(-4.229741077034,-21.36288070379,0.));
#13936 = SURFACE_OF_LINEAR_EXTRUSION('',#13937,#13941);
#13937 = B_SPLINE_CURVE_WITH_KNOTS('',2,(#13938,#13939,#13940),
  .UNSPECIFIED.,.F.,.F.,(3,3),(0.,1.),.PIECEWISE_BEZIER_KNOTS.);
#13938 = CARTESIAN_POINT('',(-4.399435844476,-21.95790250612,0.));
#13939 = CARTESIAN_POINT('',(-4.229741077034,-21.74505730263,0.));
#13940 = CARTESIAN_POINT('',(-4.229741077034,-21.36288070379,0.));
#13941 = VECTOR('',#13942,1.);
#13942 = DIRECTION('',(-0.,-0.,-1.));
#13943 = ADVANCED_FACE('',(#13944,#13961),#13971,.F.);
#13944 = FACE_BOUND('',#13945,.F.);
#13945 = EDGE_LOOP('',(#13946,#13947,#13948,#13949,#13950,#13951,#13952,
    #13953,#13954,#13955,#13956,#13957,#13958,#13959,#13960));
#13946 = ORIENTED_EDGE('',*,*,#13228,.F.);
#13947 = ORIENTED_EDGE('',*,*,#13261,.F.);
#13948 = ORIENTED_EDGE('',*,*,#13292,.F.);
#13949 = ORIENTED_EDGE('',*,*,#13323,.F.);
#13950 = ORIENTED_EDGE('',*,*,#13354,.F.);
#13951 = ORIENTED_EDGE('',*,*,#13385,.F.);
#13952 = ORIENTED_EDGE('',*,*,#13416,.F.);
#13953 = ORIENTED_EDGE('',*,*,#13447,.F.);
#13954 = ORIENTED_EDGE('',*,*,#13478,.F.);
#13955 = ORIENTED_EDGE('',*,*,#13511,.F.);
#13956 = ORIENTED_EDGE('',*,*,#13544,.F.);
#13957 = ORIENTED_EDGE('',*,*,#13577,.F.);
#13958 = ORIENTED_EDGE('',*,*,#13610,.F.);
#13959 = ORIENTED_EDGE('',*,*,#13643,.F.);
#13960 = ORIENTED_EDGE('',*,*,#13667,.F.);
#13961 = FACE_BOUND('',#13962,.F.);
#13962 = EDGE_LOOP('',(#13963,#13964,#13965,#13966,#13967,#13968,#13969,
    #13970));
#13963 = ORIENTED_EDGE('',*,*,#13709,.F.);
#13964 = ORIENTED_EDGE('',*,*,#13742,.F.);
#13965 = ORIENTED_EDGE('',*,*,#13775,.F.);
#13966 = ORIENTED_EDGE('',*,*,#13808,.F.);
#13967 = ORIENTED_EDGE('',*,*,#13841,.F.);
#13968 = ORIENTED_EDGE('',*,*,#13874,.F.);
#13969 = ORIENTED_EDGE('',*,*,#13907,.F.);
#13970 = ORIENTED_EDGE('',*,*,#13931,.F.);
#13971 = PLANE('',#13972);
#13972 = AXIS2_PLACEMENT_3D('',#13973,#13974,#13975);
#13973 = CARTESIAN_POINT('',(-5.295161924551,-21.36901195539,0.));
#13974 = DIRECTION('',(0.,0.,1.));
#13975 = DIRECTION('',(1.,0.,0.));
#13976 = ADVANCED_FACE('',(#13977,#13994),#14004,.T.);
#13977 = FACE_BOUND('',#13978,.T.);
#13978 = EDGE_LOOP('',(#13979,#13980,#13981,#13982,#13983,#13984,#13985,
    #13986,#13987,#13988,#13989,#13990,#13991,#13992,#13993));
#13979 = ORIENTED_EDGE('',*,*,#13212,.F.);
#13980 = ORIENTED_EDGE('',*,*,#13254,.F.);
#13981 = ORIENTED_EDGE('',*,*,#13285,.F.);
#13982 = ORIENTED_EDGE('',*,*,#13316,.F.);
#13983 = ORIENTED_EDGE('',*,*,#13347,.F.);
#13984 = ORIENTED_EDGE('',*,*,#13378,.F.);
#13985 = ORIENTED_EDGE('',*,*,#13409,.F.);
#13986 = ORIENTED_EDGE('',*,*,#13440,.F.);
#13987 = ORIENTED_EDGE('',*,*,#13471,.F.);
#13988 = ORIENTED_EDGE('',*,*,#13504,.F.);
#13989 = ORIENTED_EDGE('',*,*,#13537,.F.);
#13990 = ORIENTED_EDGE('',*,*,#13570,.F.);
#13991 = ORIENTED_EDGE('',*,*,#13603,.F.);
#13992 = ORIENTED_EDGE('',*,*,#13636,.F.);
#13993 = ORIENTED_EDGE('',*,*,#13660,.F.);
#13994 = FACE_BOUND('',#13995,.T.);
#13995 = EDGE_LOOP('',(#13996,#13997,#13998,#13999,#14000,#14001,#14002,
    #14003));
#13996 = ORIENTED_EDGE('',*,*,#13693,.F.);
#13997 = ORIENTED_EDGE('',*,*,#13735,.F.);
#13998 = ORIENTED_EDGE('',*,*,#13768,.F.);
#13999 = ORIENTED_EDGE('',*,*,#13801,.F.);
#14000 = ORIENTED_EDGE('',*,*,#13834,.F.);
#14001 = ORIENTED_EDGE('',*,*,#13867,.F.);
#14002 = ORIENTED_EDGE('',*,*,#13900,.F.);
#14003 = ORIENTED_EDGE('',*,*,#13924,.F.);
#14004 = PLANE('',#14005);
#14005 = AXIS2_PLACEMENT_3D('',#14006,#14007,#14008);
#14006 = CARTESIAN_POINT('',(-5.295161924551,-21.36901195539,0.6));
#14007 = DIRECTION('',(0.,0.,1.));
#14008 = DIRECTION('',(1.,0.,0.));
#14009 = MANIFOLD_SOLID_BREP('',#14010);
#14010 = CLOSED_SHELL('',(#14011,#14051,#14082,#14113,#14144,#14175,
    #14206,#14237,#14268,#14299,#14330,#14361,#14392,#14423,#14454,
    #14485,#14507,#14531));
#14011 = ADVANCED_FACE('',(#14012),#14046,.T.);
#14012 = FACE_BOUND('',#14013,.T.);
#14013 = EDGE_LOOP('',(#14014,#14024,#14032,#14040));
#14014 = ORIENTED_EDGE('',*,*,#14015,.T.);
#14015 = EDGE_CURVE('',#14016,#14018,#14020,.T.);
#14016 = VERTEX_POINT('',#14017);
#14017 = CARTESIAN_POINT('',(-1.304414042151,-22.92647082007,0.));
#14018 = VERTEX_POINT('',#14019);
#14019 = CARTESIAN_POINT('',(-1.304414042151,-22.92647082007,0.6));
#14020 = LINE('',#14021,#14022);
#14021 = CARTESIAN_POINT('',(-1.304414042151,-22.92647082007,0.));
#14022 = VECTOR('',#14023,1.);
#14023 = DIRECTION('',(0.,0.,1.));
#14024 = ORIENTED_EDGE('',*,*,#14025,.T.);
#14025 = EDGE_CURVE('',#14018,#14026,#14028,.T.);
#14026 = VERTEX_POINT('',#14027);
#14027 = CARTESIAN_POINT('',(-1.536063751453,-22.92647082007,0.6));
#14028 = LINE('',#14029,#14030);
#14029 = CARTESIAN_POINT('',(-1.304414042151,-22.92647082007,0.6));
#14030 = VECTOR('',#14031,1.);
#14031 = DIRECTION('',(-1.,0.,0.));
#14032 = ORIENTED_EDGE('',*,*,#14033,.F.);
#14033 = EDGE_CURVE('',#14034,#14026,#14036,.T.);
#14034 = VERTEX_POINT('',#14035);
#14035 = CARTESIAN_POINT('',(-1.536063751453,-22.92647082007,0.));
#14036 = LINE('',#14037,#14038);
#14037 = CARTESIAN_POINT('',(-1.536063751453,-22.92647082007,0.));
#14038 = VECTOR('',#14039,1.);
#14039 = DIRECTION('',(0.,0.,1.));
#14040 = ORIENTED_EDGE('',*,*,#14041,.F.);
#14041 = EDGE_CURVE('',#14016,#14034,#14042,.T.);
#14042 = LINE('',#14043,#14044);
#14043 = CARTESIAN_POINT('',(-1.304414042151,-22.92647082007,0.));
#14044 = VECTOR('',#14045,1.);
#14045 = DIRECTION('',(-1.,0.,0.));
#14046 = PLANE('',#14047);
#14047 = AXIS2_PLACEMENT_3D('',#14048,#14049,#14050);
#14048 = CARTESIAN_POINT('',(-1.304414042151,-22.92647082007,0.));
#14049 = DIRECTION('',(0.,-1.,0.));
#14050 = DIRECTION('',(-1.,0.,0.));
#14051 = ADVANCED_FACE('',(#14052),#14077,.T.);
#14052 = FACE_BOUND('',#14053,.T.);
#14053 = EDGE_LOOP('',(#14054,#14064,#14070,#14071));
#14054 = ORIENTED_EDGE('',*,*,#14055,.T.);
#14055 = EDGE_CURVE('',#14056,#14058,#14060,.T.);
#14056 = VERTEX_POINT('',#14057);
#14057 = CARTESIAN_POINT('',(-1.304414042151,-22.13577314565,0.));
#14058 = VERTEX_POINT('',#14059);
#14059 = CARTESIAN_POINT('',(-1.304414042151,-22.13577314565,0.6));
#14060 = LINE('',#14061,#14062);
#14061 = CARTESIAN_POINT('',(-1.304414042151,-22.13577314565,0.));
#14062 = VECTOR('',#14063,1.);
#14063 = DIRECTION('',(0.,0.,1.));
#14064 = ORIENTED_EDGE('',*,*,#14065,.T.);
#14065 = EDGE_CURVE('',#14058,#14018,#14066,.T.);
#14066 = LINE('',#14067,#14068);
#14067 = CARTESIAN_POINT('',(-1.304414042151,-22.13577314565,0.6));
#14068 = VECTOR('',#14069,1.);
#14069 = DIRECTION('',(0.,-1.,0.));
#14070 = ORIENTED_EDGE('',*,*,#14015,.F.);
#14071 = ORIENTED_EDGE('',*,*,#14072,.F.);
#14072 = EDGE_CURVE('',#14056,#14016,#14073,.T.);
#14073 = LINE('',#14074,#14075);
#14074 = CARTESIAN_POINT('',(-1.304414042151,-22.13577314565,0.));
#14075 = VECTOR('',#14076,1.);
#14076 = DIRECTION('',(0.,-1.,0.));
#14077 = PLANE('',#14078);
#14078 = AXIS2_PLACEMENT_3D('',#14079,#14080,#14081);
#14079 = CARTESIAN_POINT('',(-1.304414042151,-22.13577314565,0.));
#14080 = DIRECTION('',(1.,0.,0.));
#14081 = DIRECTION('',(0.,-1.,0.));
#14082 = ADVANCED_FACE('',(#14083),#14108,.T.);
#14083 = FACE_BOUND('',#14084,.T.);
#14084 = EDGE_LOOP('',(#14085,#14095,#14101,#14102));
#14085 = ORIENTED_EDGE('',*,*,#14086,.T.);
#14086 = EDGE_CURVE('',#14087,#14089,#14091,.T.);
#14087 = VERTEX_POINT('',#14088);
#14088 = CARTESIAN_POINT('',(-1.482920582848,-22.13577314565,0.));
#14089 = VERTEX_POINT('',#14090);
#14090 = CARTESIAN_POINT('',(-1.482920582848,-22.13577314565,0.6));
#14091 = LINE('',#14092,#14093);
#14092 = CARTESIAN_POINT('',(-1.482920582848,-22.13577314565,0.));
#14093 = VECTOR('',#14094,1.);
#14094 = DIRECTION('',(0.,0.,1.));
#14095 = ORIENTED_EDGE('',*,*,#14096,.T.);
#14096 = EDGE_CURVE('',#14089,#14058,#14097,.T.);
#14097 = LINE('',#14098,#14099);
#14098 = CARTESIAN_POINT('',(-1.482920582848,-22.13577314565,0.6));
#14099 = VECTOR('',#14100,1.);
#14100 = DIRECTION('',(1.,0.,0.));
#14101 = ORIENTED_EDGE('',*,*,#14055,.F.);
#14102 = ORIENTED_EDGE('',*,*,#14103,.F.);
#14103 = EDGE_CURVE('',#14087,#14056,#14104,.T.);
#14104 = LINE('',#14105,#14106);
#14105 = CARTESIAN_POINT('',(-1.482920582848,-22.13577314565,0.));
#14106 = VECTOR('',#14107,1.);
#14107 = DIRECTION('',(1.,0.,0.));
#14108 = PLANE('',#14109);
#14109 = AXIS2_PLACEMENT_3D('',#14110,#14111,#14112);
#14110 = CARTESIAN_POINT('',(-1.482920582848,-22.13577314565,0.));
#14111 = DIRECTION('',(0.,1.,0.));
#14112 = DIRECTION('',(1.,0.,0.));
#14113 = ADVANCED_FACE('',(#14114),#14139,.T.);
#14114 = FACE_BOUND('',#14115,.T.);
#14115 = EDGE_LOOP('',(#14116,#14126,#14132,#14133));
#14116 = ORIENTED_EDGE('',*,*,#14117,.T.);
#14117 = EDGE_CURVE('',#14118,#14120,#14122,.T.);
#14118 = VERTEX_POINT('',#14119);
#14119 = CARTESIAN_POINT('',(-1.482920582848,-20.36833128519,0.));
#14120 = VERTEX_POINT('',#14121);
#14121 = CARTESIAN_POINT('',(-1.482920582848,-20.36833128519,0.6));
#14122 = LINE('',#14123,#14124);
#14123 = CARTESIAN_POINT('',(-1.482920582848,-20.36833128519,0.));
#14124 = VECTOR('',#14125,1.);
#14125 = DIRECTION('',(0.,0.,1.));
#14126 = ORIENTED_EDGE('',*,*,#14127,.T.);
#14127 = EDGE_CURVE('',#14120,#14089,#14128,.T.);
#14128 = LINE('',#14129,#14130);
#14129 = CARTESIAN_POINT('',(-1.482920582848,-20.36833128519,0.6));
#14130 = VECTOR('',#14131,1.);
#14131 = DIRECTION('',(0.,-1.,0.));
#14132 = ORIENTED_EDGE('',*,*,#14086,.F.);
#14133 = ORIENTED_EDGE('',*,*,#14134,.F.);
#14134 = EDGE_CURVE('',#14118,#14087,#14135,.T.);
#14135 = LINE('',#14136,#14137);
#14136 = CARTESIAN_POINT('',(-1.482920582848,-20.36833128519,0.));
#14137 = VECTOR('',#14138,1.);
#14138 = DIRECTION('',(0.,-1.,0.));
#14139 = PLANE('',#14140);
#14140 = AXIS2_PLACEMENT_3D('',#14141,#14142,#14143);
#14141 = CARTESIAN_POINT('',(-1.482920582848,-20.36833128519,0.));
#14142 = DIRECTION('',(1.,0.,0.));
#14143 = DIRECTION('',(0.,-1.,0.));
#14144 = ADVANCED_FACE('',(#14145),#14170,.T.);
#14145 = FACE_BOUND('',#14146,.T.);
#14146 = EDGE_LOOP('',(#14147,#14157,#14163,#14164));
#14147 = ORIENTED_EDGE('',*,*,#14148,.T.);
#14148 = EDGE_CURVE('',#14149,#14151,#14153,.T.);
#14149 = VERTEX_POINT('',#14150);
#14150 = CARTESIAN_POINT('',(-1.747273780523,-20.36833128519,0.));
#14151 = VERTEX_POINT('',#14152);
#14152 = CARTESIAN_POINT('',(-1.747273780523,-20.36833128519,0.6));
#14153 = LINE('',#14154,#14155);
#14154 = CARTESIAN_POINT('',(-1.747273780523,-20.36833128519,0.));
#14155 = VECTOR('',#14156,1.);
#14156 = DIRECTION('',(0.,0.,1.));
#14157 = ORIENTED_EDGE('',*,*,#14158,.T.);
#14158 = EDGE_CURVE('',#14151,#14120,#14159,.T.);
#14159 = LINE('',#14160,#14161);
#14160 = CARTESIAN_POINT('',(-1.747273780523,-20.36833128519,0.6));
#14161 = VECTOR('',#14162,1.);
#14162 = DIRECTION('',(1.,0.,0.));
#14163 = ORIENTED_EDGE('',*,*,#14117,.F.);
#14164 = ORIENTED_EDGE('',*,*,#14165,.F.);
#14165 = EDGE_CURVE('',#14149,#14118,#14166,.T.);
#14166 = LINE('',#14167,#14168);
#14167 = CARTESIAN_POINT('',(-1.747273780523,-20.36833128519,0.));
#14168 = VECTOR('',#14169,1.);
#14169 = DIRECTION('',(1.,0.,0.));
#14170 = PLANE('',#14171);
#14171 = AXIS2_PLACEMENT_3D('',#14172,#14173,#14174);
#14172 = CARTESIAN_POINT('',(-1.747273780523,-20.36833128519,0.));
#14173 = DIRECTION('',(0.,1.,0.));
#14174 = DIRECTION('',(1.,0.,0.));
#14175 = ADVANCED_FACE('',(#14176),#14201,.T.);
#14176 = FACE_BOUND('',#14177,.T.);
#14177 = EDGE_LOOP('',(#14178,#14188,#14194,#14195));
#14178 = ORIENTED_EDGE('',*,*,#14179,.T.);
#14179 = EDGE_CURVE('',#14180,#14182,#14184,.T.);
#14180 = VERTEX_POINT('',#14181);
#14181 = CARTESIAN_POINT('',(-1.747273780523,-22.13577314565,0.));
#14182 = VERTEX_POINT('',#14183);
#14183 = CARTESIAN_POINT('',(-1.747273780523,-22.13577314565,0.6));
#14184 = LINE('',#14185,#14186);
#14185 = CARTESIAN_POINT('',(-1.747273780523,-22.13577314565,0.));
#14186 = VECTOR('',#14187,1.);
#14187 = DIRECTION('',(0.,0.,1.));
#14188 = ORIENTED_EDGE('',*,*,#14189,.T.);
#14189 = EDGE_CURVE('',#14182,#14151,#14190,.T.);
#14190 = LINE('',#14191,#14192);
#14191 = CARTESIAN_POINT('',(-1.747273780523,-22.13577314565,0.6));
#14192 = VECTOR('',#14193,1.);
#14193 = DIRECTION('',(0.,1.,0.));
#14194 = ORIENTED_EDGE('',*,*,#14148,.F.);
#14195 = ORIENTED_EDGE('',*,*,#14196,.F.);
#14196 = EDGE_CURVE('',#14180,#14149,#14197,.T.);
#14197 = LINE('',#14198,#14199);
#14198 = CARTESIAN_POINT('',(-1.747273780523,-22.13577314565,0.));
#14199 = VECTOR('',#14200,1.);
#14200 = DIRECTION('',(0.,1.,0.));
#14201 = PLANE('',#14202);
#14202 = AXIS2_PLACEMENT_3D('',#14203,#14204,#14205);
#14203 = CARTESIAN_POINT('',(-1.747273780523,-22.13577314565,0.));
#14204 = DIRECTION('',(-1.,0.,0.));
#14205 = DIRECTION('',(0.,1.,0.));
#14206 = ADVANCED_FACE('',(#14207),#14232,.T.);
#14207 = FACE_BOUND('',#14208,.T.);
#14208 = EDGE_LOOP('',(#14209,#14219,#14225,#14226));
#14209 = ORIENTED_EDGE('',*,*,#14210,.T.);
#14210 = EDGE_CURVE('',#14211,#14213,#14215,.T.);
#14211 = VERTEX_POINT('',#14212);
#14212 = CARTESIAN_POINT('',(-2.409519420058,-22.13577314565,0.));
#14213 = VERTEX_POINT('',#14214);
#14214 = CARTESIAN_POINT('',(-2.409519420058,-22.13577314565,0.6));
#14215 = LINE('',#14216,#14217);
#14216 = CARTESIAN_POINT('',(-2.409519420058,-22.13577314565,0.));
#14217 = VECTOR('',#14218,1.);
#14218 = DIRECTION('',(0.,0.,1.));
#14219 = ORIENTED_EDGE('',*,*,#14220,.T.);
#14220 = EDGE_CURVE('',#14213,#14182,#14221,.T.);
#14221 = LINE('',#14222,#14223);
#14222 = CARTESIAN_POINT('',(-2.409519420058,-22.13577314565,0.6));
#14223 = VECTOR('',#14224,1.);
#14224 = DIRECTION('',(1.,0.,0.));
#14225 = ORIENTED_EDGE('',*,*,#14179,.F.);
#14226 = ORIENTED_EDGE('',*,*,#14227,.F.);
#14227 = EDGE_CURVE('',#14211,#14180,#14228,.T.);
#14228 = LINE('',#14229,#14230);
#14229 = CARTESIAN_POINT('',(-2.409519420058,-22.13577314565,0.));
#14230 = VECTOR('',#14231,1.);
#14231 = DIRECTION('',(1.,0.,0.));
#14232 = PLANE('',#14233);
#14233 = AXIS2_PLACEMENT_3D('',#14234,#14235,#14236);
#14234 = CARTESIAN_POINT('',(-2.409519420058,-22.13577314565,0.));
#14235 = DIRECTION('',(0.,1.,0.));
#14236 = DIRECTION('',(1.,0.,0.));
#14237 = ADVANCED_FACE('',(#14238),#14263,.T.);
#14238 = FACE_BOUND('',#14239,.T.);
#14239 = EDGE_LOOP('',(#14240,#14250,#14256,#14257));
#14240 = ORIENTED_EDGE('',*,*,#14241,.T.);
#14241 = EDGE_CURVE('',#14242,#14244,#14246,.T.);
#14242 = VERTEX_POINT('',#14243);
#14243 = CARTESIAN_POINT('',(-2.409519420058,-20.36833128519,0.));
#14244 = VERTEX_POINT('',#14245);
#14245 = CARTESIAN_POINT('',(-2.409519420058,-20.36833128519,0.6));
#14246 = LINE('',#14247,#14248);
#14247 = CARTESIAN_POINT('',(-2.409519420058,-20.36833128519,0.));
#14248 = VECTOR('',#14249,1.);
#14249 = DIRECTION('',(0.,0.,1.));
#14250 = ORIENTED_EDGE('',*,*,#14251,.T.);
#14251 = EDGE_CURVE('',#14244,#14213,#14252,.T.);
#14252 = LINE('',#14253,#14254);
#14253 = CARTESIAN_POINT('',(-2.409519420058,-20.36833128519,0.6));
#14254 = VECTOR('',#14255,1.);
#14255 = DIRECTION('',(0.,-1.,0.));
#14256 = ORIENTED_EDGE('',*,*,#14210,.F.);
#14257 = ORIENTED_EDGE('',*,*,#14258,.F.);
#14258 = EDGE_CURVE('',#14242,#14211,#14259,.T.);
#14259 = LINE('',#14260,#14261);
#14260 = CARTESIAN_POINT('',(-2.409519420058,-20.36833128519,0.));
#14261 = VECTOR('',#14262,1.);
#14262 = DIRECTION('',(0.,-1.,0.));
#14263 = PLANE('',#14264);
#14264 = AXIS2_PLACEMENT_3D('',#14265,#14266,#14267);
#14265 = CARTESIAN_POINT('',(-2.409519420058,-20.36833128519,0.));
#14266 = DIRECTION('',(1.,0.,0.));
#14267 = DIRECTION('',(0.,-1.,0.));
#14268 = ADVANCED_FACE('',(#14269),#14294,.T.);
#14269 = FACE_BOUND('',#14270,.T.);
#14270 = EDGE_LOOP('',(#14271,#14281,#14287,#14288));
#14271 = ORIENTED_EDGE('',*,*,#14272,.T.);
#14272 = EDGE_CURVE('',#14273,#14275,#14277,.T.);
#14273 = VERTEX_POINT('',#14274);
#14274 = CARTESIAN_POINT('',(-2.673872617732,-20.36833128519,0.));
#14275 = VERTEX_POINT('',#14276);
#14276 = CARTESIAN_POINT('',(-2.673872617732,-20.36833128519,0.6));
#14277 = LINE('',#14278,#14279);
#14278 = CARTESIAN_POINT('',(-2.673872617732,-20.36833128519,0.));
#14279 = VECTOR('',#14280,1.);
#14280 = DIRECTION('',(0.,0.,1.));
#14281 = ORIENTED_EDGE('',*,*,#14282,.T.);
#14282 = EDGE_CURVE('',#14275,#14244,#14283,.T.);
#14283 = LINE('',#14284,#14285);
#14284 = CARTESIAN_POINT('',(-2.673872617732,-20.36833128519,0.6));
#14285 = VECTOR('',#14286,1.);
#14286 = DIRECTION('',(1.,0.,0.));
#14287 = ORIENTED_EDGE('',*,*,#14241,.F.);
#14288 = ORIENTED_EDGE('',*,*,#14289,.F.);
#14289 = EDGE_CURVE('',#14273,#14242,#14290,.T.);
#14290 = LINE('',#14291,#14292);
#14291 = CARTESIAN_POINT('',(-2.673872617732,-20.36833128519,0.));
#14292 = VECTOR('',#14293,1.);
#14293 = DIRECTION('',(1.,0.,0.));
#14294 = PLANE('',#14295);
#14295 = AXIS2_PLACEMENT_3D('',#14296,#14297,#14298);
#14296 = CARTESIAN_POINT('',(-2.673872617732,-20.36833128519,0.));
#14297 = DIRECTION('',(0.,1.,0.));
#14298 = DIRECTION('',(1.,0.,0.));
#14299 = ADVANCED_FACE('',(#14300),#14325,.T.);
#14300 = FACE_BOUND('',#14301,.T.);
#14301 = EDGE_LOOP('',(#14302,#14312,#14318,#14319));
#14302 = ORIENTED_EDGE('',*,*,#14303,.T.);
#14303 = EDGE_CURVE('',#14304,#14306,#14308,.T.);
#14304 = VERTEX_POINT('',#14305);
#14305 = CARTESIAN_POINT('',(-2.673872617732,-22.13577314565,0.));
#14306 = VERTEX_POINT('',#14307);
#14307 = CARTESIAN_POINT('',(-2.673872617732,-22.13577314565,0.6));
#14308 = LINE('',#14309,#14310);
#14309 = CARTESIAN_POINT('',(-2.673872617732,-22.13577314565,0.));
#14310 = VECTOR('',#14311,1.);
#14311 = DIRECTION('',(0.,0.,1.));
#14312 = ORIENTED_EDGE('',*,*,#14313,.T.);
#14313 = EDGE_CURVE('',#14306,#14275,#14314,.T.);
#14314 = LINE('',#14315,#14316);
#14315 = CARTESIAN_POINT('',(-2.673872617732,-22.13577314565,0.6));
#14316 = VECTOR('',#14317,1.);
#14317 = DIRECTION('',(0.,1.,0.));
#14318 = ORIENTED_EDGE('',*,*,#14272,.F.);
#14319 = ORIENTED_EDGE('',*,*,#14320,.F.);
#14320 = EDGE_CURVE('',#14304,#14273,#14321,.T.);
#14321 = LINE('',#14322,#14323);
#14322 = CARTESIAN_POINT('',(-2.673872617732,-22.13577314565,0.));
#14323 = VECTOR('',#14324,1.);
#14324 = DIRECTION('',(0.,1.,0.));
#14325 = PLANE('',#14326);
#14326 = AXIS2_PLACEMENT_3D('',#14327,#14328,#14329);
#14327 = CARTESIAN_POINT('',(-2.673872617732,-22.13577314565,0.));
#14328 = DIRECTION('',(-1.,0.,0.));
#14329 = DIRECTION('',(0.,1.,0.));
#14330 = ADVANCED_FACE('',(#14331),#14356,.T.);
#14331 = FACE_BOUND('',#14332,.T.);
#14332 = EDGE_LOOP('',(#14333,#14343,#14349,#14350));
#14333 = ORIENTED_EDGE('',*,*,#14334,.T.);
#14334 = EDGE_CURVE('',#14335,#14337,#14339,.T.);
#14335 = VERTEX_POINT('',#14336);
#14336 = CARTESIAN_POINT('',(-3.338843547965,-22.13577314565,0.));
#14337 = VERTEX_POINT('',#14338);
#14338 = CARTESIAN_POINT('',(-3.338843547965,-22.13577314565,0.6));
#14339 = LINE('',#14340,#14341);
#14340 = CARTESIAN_POINT('',(-3.338843547965,-22.13577314565,0.));
#14341 = VECTOR('',#14342,1.);
#14342 = DIRECTION('',(0.,0.,1.));
#14343 = ORIENTED_EDGE('',*,*,#14344,.T.);
#14344 = EDGE_CURVE('',#14337,#14306,#14345,.T.);
#14345 = LINE('',#14346,#14347);
#14346 = CARTESIAN_POINT('',(-3.338843547965,-22.13577314565,0.6));
#14347 = VECTOR('',#14348,1.);
#14348 = DIRECTION('',(1.,0.,0.));
#14349 = ORIENTED_EDGE('',*,*,#14303,.F.);
#14350 = ORIENTED_EDGE('',*,*,#14351,.F.);
#14351 = EDGE_CURVE('',#14335,#14304,#14352,.T.);
#14352 = LINE('',#14353,#14354);
#14353 = CARTESIAN_POINT('',(-3.338843547965,-22.13577314565,0.));
#14354 = VECTOR('',#14355,1.);
#14355 = DIRECTION('',(1.,0.,0.));
#14356 = PLANE('',#14357);
#14357 = AXIS2_PLACEMENT_3D('',#14358,#14359,#14360);
#14358 = CARTESIAN_POINT('',(-3.338843547965,-22.13577314565,0.));
#14359 = DIRECTION('',(0.,1.,0.));
#14360 = DIRECTION('',(1.,0.,0.));
#14361 = ADVANCED_FACE('',(#14362),#14387,.T.);
#14362 = FACE_BOUND('',#14363,.T.);
#14363 = EDGE_LOOP('',(#14364,#14374,#14380,#14381));
#14364 = ORIENTED_EDGE('',*,*,#14365,.T.);
#14365 = EDGE_CURVE('',#14366,#14368,#14370,.T.);
#14366 = VERTEX_POINT('',#14367);
#14367 = CARTESIAN_POINT('',(-3.338843547965,-20.36833128519,0.));
#14368 = VERTEX_POINT('',#14369);
#14369 = CARTESIAN_POINT('',(-3.338843547965,-20.36833128519,0.6));
#14370 = LINE('',#14371,#14372);
#14371 = CARTESIAN_POINT('',(-3.338843547965,-20.36833128519,0.));
#14372 = VECTOR('',#14373,1.);
#14373 = DIRECTION('',(0.,0.,1.));
#14374 = ORIENTED_EDGE('',*,*,#14375,.T.);
#14375 = EDGE_CURVE('',#14368,#14337,#14376,.T.);
#14376 = LINE('',#14377,#14378);
#14377 = CARTESIAN_POINT('',(-3.338843547965,-20.36833128519,0.6));
#14378 = VECTOR('',#14379,1.);
#14379 = DIRECTION('',(0.,-1.,0.));
#14380 = ORIENTED_EDGE('',*,*,#14334,.F.);
#14381 = ORIENTED_EDGE('',*,*,#14382,.F.);
#14382 = EDGE_CURVE('',#14366,#14335,#14383,.T.);
#14383 = LINE('',#14384,#14385);
#14384 = CARTESIAN_POINT('',(-3.338843547965,-20.36833128519,0.));
#14385 = VECTOR('',#14386,1.);
#14386 = DIRECTION('',(0.,-1.,0.));
#14387 = PLANE('',#14388);
#14388 = AXIS2_PLACEMENT_3D('',#14389,#14390,#14391);
#14389 = CARTESIAN_POINT('',(-3.338843547965,-20.36833128519,0.));
#14390 = DIRECTION('',(1.,0.,0.));
#14391 = DIRECTION('',(0.,-1.,0.));
#14392 = ADVANCED_FACE('',(#14393),#14418,.T.);
#14393 = FACE_BOUND('',#14394,.T.);
#14394 = EDGE_LOOP('',(#14395,#14405,#14411,#14412));
#14395 = ORIENTED_EDGE('',*,*,#14396,.T.);
#14396 = EDGE_CURVE('',#14397,#14399,#14401,.T.);
#14397 = VERTEX_POINT('',#14398);
#14398 = CARTESIAN_POINT('',(-3.603196745639,-20.36833128519,0.));
#14399 = VERTEX_POINT('',#14400);
#14400 = CARTESIAN_POINT('',(-3.603196745639,-20.36833128519,0.6));
#14401 = LINE('',#14402,#14403);
#14402 = CARTESIAN_POINT('',(-3.603196745639,-20.36833128519,0.));
#14403 = VECTOR('',#14404,1.);
#14404 = DIRECTION('',(0.,0.,1.));
#14405 = ORIENTED_EDGE('',*,*,#14406,.T.);
#14406 = EDGE_CURVE('',#14399,#14368,#14407,.T.);
#14407 = LINE('',#14408,#14409);
#14408 = CARTESIAN_POINT('',(-3.603196745639,-20.36833128519,0.6));
#14409 = VECTOR('',#14410,1.);
#14410 = DIRECTION('',(1.,0.,0.));
#14411 = ORIENTED_EDGE('',*,*,#14365,.F.);
#14412 = ORIENTED_EDGE('',*,*,#14413,.F.);
#14413 = EDGE_CURVE('',#14397,#14366,#14414,.T.);
#14414 = LINE('',#14415,#14416);
#14415 = CARTESIAN_POINT('',(-3.603196745639,-20.36833128519,0.));
#14416 = VECTOR('',#14417,1.);
#14417 = DIRECTION('',(1.,0.,0.));
#14418 = PLANE('',#14419);
#14419 = AXIS2_PLACEMENT_3D('',#14420,#14421,#14422);
#14420 = CARTESIAN_POINT('',(-3.603196745639,-20.36833128519,0.));
#14421 = DIRECTION('',(0.,1.,0.));
#14422 = DIRECTION('',(1.,0.,0.));
#14423 = ADVANCED_FACE('',(#14424),#14449,.T.);
#14424 = FACE_BOUND('',#14425,.T.);
#14425 = EDGE_LOOP('',(#14426,#14436,#14442,#14443));
#14426 = ORIENTED_EDGE('',*,*,#14427,.T.);
#14427 = EDGE_CURVE('',#14428,#14430,#14432,.T.);
#14428 = VERTEX_POINT('',#14429);
#14429 = CARTESIAN_POINT('',(-3.603196745639,-22.36833128519,0.));
#14430 = VERTEX_POINT('',#14431);
#14431 = CARTESIAN_POINT('',(-3.603196745639,-22.36833128519,0.6));
#14432 = LINE('',#14433,#14434);
#14433 = CARTESIAN_POINT('',(-3.603196745639,-22.36833128519,0.));
#14434 = VECTOR('',#14435,1.);
#14435 = DIRECTION('',(0.,0.,1.));
#14436 = ORIENTED_EDGE('',*,*,#14437,.T.);
#14437 = EDGE_CURVE('',#14430,#14399,#14438,.T.);
#14438 = LINE('',#14439,#14440);
#14439 = CARTESIAN_POINT('',(-3.603196745639,-22.36833128519,0.6));
#14440 = VECTOR('',#14441,1.);
#14441 = DIRECTION('',(0.,1.,0.));
#14442 = ORIENTED_EDGE('',*,*,#14396,.F.);
#14443 = ORIENTED_EDGE('',*,*,#14444,.F.);
#14444 = EDGE_CURVE('',#14428,#14397,#14445,.T.);
#14445 = LINE('',#14446,#14447);
#14446 = CARTESIAN_POINT('',(-3.603196745639,-22.36833128519,0.));
#14447 = VECTOR('',#14448,1.);
#14448 = DIRECTION('',(0.,1.,0.));
#14449 = PLANE('',#14450);
#14450 = AXIS2_PLACEMENT_3D('',#14451,#14452,#14453);
#14451 = CARTESIAN_POINT('',(-3.603196745639,-22.36833128519,0.));
#14452 = DIRECTION('',(-1.,0.,0.));
#14453 = DIRECTION('',(0.,1.,0.));
#14454 = ADVANCED_FACE('',(#14455),#14480,.T.);
#14455 = FACE_BOUND('',#14456,.T.);
#14456 = EDGE_LOOP('',(#14457,#14467,#14473,#14474));
#14457 = ORIENTED_EDGE('',*,*,#14458,.T.);
#14458 = EDGE_CURVE('',#14459,#14461,#14463,.T.);
#14459 = VERTEX_POINT('',#14460);
#14460 = CARTESIAN_POINT('',(-1.536063751453,-22.36833128519,0.));
#14461 = VERTEX_POINT('',#14462);
#14462 = CARTESIAN_POINT('',(-1.536063751453,-22.36833128519,0.6));
#14463 = LINE('',#14464,#14465);
#14464 = CARTESIAN_POINT('',(-1.536063751453,-22.36833128519,0.));
#14465 = VECTOR('',#14466,1.);
#14466 = DIRECTION('',(0.,0.,1.));
#14467 = ORIENTED_EDGE('',*,*,#14468,.T.);
#14468 = EDGE_CURVE('',#14461,#14430,#14469,.T.);
#14469 = LINE('',#14470,#14471);
#14470 = CARTESIAN_POINT('',(-1.536063751453,-22.36833128519,0.6));
#14471 = VECTOR('',#14472,1.);
#14472 = DIRECTION('',(-1.,0.,0.));
#14473 = ORIENTED_EDGE('',*,*,#14427,.F.);
#14474 = ORIENTED_EDGE('',*,*,#14475,.F.);
#14475 = EDGE_CURVE('',#14459,#14428,#14476,.T.);
#14476 = LINE('',#14477,#14478);
#14477 = CARTESIAN_POINT('',(-1.536063751453,-22.36833128519,0.));
#14478 = VECTOR('',#14479,1.);
#14479 = DIRECTION('',(-1.,0.,0.));
#14480 = PLANE('',#14481);
#14481 = AXIS2_PLACEMENT_3D('',#14482,#14483,#14484);
#14482 = CARTESIAN_POINT('',(-1.536063751453,-22.36833128519,0.));
#14483 = DIRECTION('',(0.,-1.,0.));
#14484 = DIRECTION('',(-1.,0.,0.));
#14485 = ADVANCED_FACE('',(#14486),#14502,.T.);
#14486 = FACE_BOUND('',#14487,.T.);
#14487 = EDGE_LOOP('',(#14488,#14489,#14495,#14496));
#14488 = ORIENTED_EDGE('',*,*,#14033,.T.);
#14489 = ORIENTED_EDGE('',*,*,#14490,.T.);
#14490 = EDGE_CURVE('',#14026,#14461,#14491,.T.);
#14491 = LINE('',#14492,#14493);
#14492 = CARTESIAN_POINT('',(-1.536063751453,-22.92647082007,0.6));
#14493 = VECTOR('',#14494,1.);
#14494 = DIRECTION('',(0.,1.,0.));
#14495 = ORIENTED_EDGE('',*,*,#14458,.F.);
#14496 = ORIENTED_EDGE('',*,*,#14497,.F.);
#14497 = EDGE_CURVE('',#14034,#14459,#14498,.T.);
#14498 = LINE('',#14499,#14500);
#14499 = CARTESIAN_POINT('',(-1.536063751453,-22.92647082007,0.));
#14500 = VECTOR('',#14501,1.);
#14501 = DIRECTION('',(0.,1.,0.));
#14502 = PLANE('',#14503);
#14503 = AXIS2_PLACEMENT_3D('',#14504,#14505,#14506);
#14504 = CARTESIAN_POINT('',(-1.536063751453,-22.92647082007,0.));
#14505 = DIRECTION('',(-1.,0.,0.));
#14506 = DIRECTION('',(0.,1.,0.));
#14507 = ADVANCED_FACE('',(#14508),#14526,.F.);
#14508 = FACE_BOUND('',#14509,.F.);
#14509 = EDGE_LOOP('',(#14510,#14511,#14512,#14513,#14514,#14515,#14516,
    #14517,#14518,#14519,#14520,#14521,#14522,#14523,#14524,#14525));
#14510 = ORIENTED_EDGE('',*,*,#14041,.F.);
#14511 = ORIENTED_EDGE('',*,*,#14072,.F.);
#14512 = ORIENTED_EDGE('',*,*,#14103,.F.);
#14513 = ORIENTED_EDGE('',*,*,#14134,.F.);
#14514 = ORIENTED_EDGE('',*,*,#14165,.F.);
#14515 = ORIENTED_EDGE('',*,*,#14196,.F.);
#14516 = ORIENTED_EDGE('',*,*,#14227,.F.);
#14517 = ORIENTED_EDGE('',*,*,#14258,.F.);
#14518 = ORIENTED_EDGE('',*,*,#14289,.F.);
#14519 = ORIENTED_EDGE('',*,*,#14320,.F.);
#14520 = ORIENTED_EDGE('',*,*,#14351,.F.);
#14521 = ORIENTED_EDGE('',*,*,#14382,.F.);
#14522 = ORIENTED_EDGE('',*,*,#14413,.F.);
#14523 = ORIENTED_EDGE('',*,*,#14444,.F.);
#14524 = ORIENTED_EDGE('',*,*,#14475,.F.);
#14525 = ORIENTED_EDGE('',*,*,#14497,.F.);
#14526 = PLANE('',#14527);
#14527 = AXIS2_PLACEMENT_3D('',#14528,#14529,#14530);
#14528 = CARTESIAN_POINT('',(-2.441170113443,-21.57068961912,0.));
#14529 = DIRECTION('',(0.,0.,1.));
#14530 = DIRECTION('',(1.,0.,0.));
#14531 = ADVANCED_FACE('',(#14532),#14550,.T.);
#14532 = FACE_BOUND('',#14533,.T.);
#14533 = EDGE_LOOP('',(#14534,#14535,#14536,#14537,#14538,#14539,#14540,
    #14541,#14542,#14543,#14544,#14545,#14546,#14547,#14548,#14549));
#14534 = ORIENTED_EDGE('',*,*,#14025,.F.);
#14535 = ORIENTED_EDGE('',*,*,#14065,.F.);
#14536 = ORIENTED_EDGE('',*,*,#14096,.F.);
#14537 = ORIENTED_EDGE('',*,*,#14127,.F.);
#14538 = ORIENTED_EDGE('',*,*,#14158,.F.);
#14539 = ORIENTED_EDGE('',*,*,#14189,.F.);
#14540 = ORIENTED_EDGE('',*,*,#14220,.F.);
#14541 = ORIENTED_EDGE('',*,*,#14251,.F.);
#14542 = ORIENTED_EDGE('',*,*,#14282,.F.);
#14543 = ORIENTED_EDGE('',*,*,#14313,.F.);
#14544 = ORIENTED_EDGE('',*,*,#14344,.F.);
#14545 = ORIENTED_EDGE('',*,*,#14375,.F.);
#14546 = ORIENTED_EDGE('',*,*,#14406,.F.);
#14547 = ORIENTED_EDGE('',*,*,#14437,.F.);
#14548 = ORIENTED_EDGE('',*,*,#14468,.F.);
#14549 = ORIENTED_EDGE('',*,*,#14490,.F.);
#14550 = PLANE('',#14551);
#14551 = AXIS2_PLACEMENT_3D('',#14552,#14553,#14554);
#14552 = CARTESIAN_POINT('',(-2.441170113443,-21.57068961912,0.6));
#14553 = DIRECTION('',(0.,0.,1.));
#14554 = DIRECTION('',(1.,0.,0.));
#14555 = MANIFOLD_SOLID_BREP('',#14556);
#14556 = CLOSED_SHELL('',(#14557,#14597,#14628,#14659,#14690,#14721,
    #14752,#14783,#14814,#14845,#14867,#14885));
#14557 = ADVANCED_FACE('',(#14558),#14592,.T.);
#14558 = FACE_BOUND('',#14559,.T.);
#14559 = EDGE_LOOP('',(#14560,#14570,#14578,#14586));
#14560 = ORIENTED_EDGE('',*,*,#14561,.T.);
#14561 = EDGE_CURVE('',#14562,#14564,#14566,.T.);
#14562 = VERTEX_POINT('',#14563);
#14563 = CARTESIAN_POINT('',(0.590026364826,-22.36833128519,0.));
#14564 = VERTEX_POINT('',#14565);
#14565 = CARTESIAN_POINT('',(0.590026364826,-22.36833128519,0.6));
#14566 = LINE('',#14567,#14568);
#14567 = CARTESIAN_POINT('',(0.590026364826,-22.36833128519,0.));
#14568 = VECTOR('',#14569,1.);
#14569 = DIRECTION('',(0.,0.,1.));
#14570 = ORIENTED_EDGE('',*,*,#14571,.T.);
#14571 = EDGE_CURVE('',#14564,#14572,#14574,.T.);
#14572 = VERTEX_POINT('',#14573);
#14573 = CARTESIAN_POINT('',(0.344750202035,-22.36833128519,0.6));
#14574 = LINE('',#14575,#14576);
#14575 = CARTESIAN_POINT('',(0.590026364826,-22.36833128519,0.6));
#14576 = VECTOR('',#14577,1.);
#14577 = DIRECTION('',(-1.,0.,0.));
#14578 = ORIENTED_EDGE('',*,*,#14579,.F.);
#14579 = EDGE_CURVE('',#14580,#14572,#14582,.T.);
#14580 = VERTEX_POINT('',#14581);
#14581 = CARTESIAN_POINT('',(0.344750202035,-22.36833128519,0.));
#14582 = LINE('',#14583,#14584);
#14583 = CARTESIAN_POINT('',(0.344750202035,-22.36833128519,0.));
#14584 = VECTOR('',#14585,1.);
#14585 = DIRECTION('',(0.,0.,1.));
#14586 = ORIENTED_EDGE('',*,*,#14587,.F.);
#14587 = EDGE_CURVE('',#14562,#14580,#14588,.T.);
#14588 = LINE('',#14589,#14590);
#14589 = CARTESIAN_POINT('',(0.590026364826,-22.36833128519,0.));
#14590 = VECTOR('',#14591,1.);
#14591 = DIRECTION('',(-1.,0.,0.));
#14592 = PLANE('',#14593);
#14593 = AXIS2_PLACEMENT_3D('',#14594,#14595,#14596);
#14594 = CARTESIAN_POINT('',(0.590026364826,-22.36833128519,0.));
#14595 = DIRECTION('',(0.,-1.,0.));
#14596 = DIRECTION('',(-1.,0.,0.));
#14597 = ADVANCED_FACE('',(#14598),#14623,.T.);
#14598 = FACE_BOUND('',#14599,.T.);
#14599 = EDGE_LOOP('',(#14600,#14610,#14616,#14617));
#14600 = ORIENTED_EDGE('',*,*,#14601,.T.);
#14601 = EDGE_CURVE('',#14602,#14604,#14606,.T.);
#14602 = VERTEX_POINT('',#14603);
#14603 = CARTESIAN_POINT('',(0.590026364826,-20.36833128519,0.));
#14604 = VERTEX_POINT('',#14605);
#14605 = CARTESIAN_POINT('',(0.590026364826,-20.36833128519,0.6));
#14606 = LINE('',#14607,#14608);
#14607 = CARTESIAN_POINT('',(0.590026364826,-20.36833128519,0.));
#14608 = VECTOR('',#14609,1.);
#14609 = DIRECTION('',(0.,0.,1.));
#14610 = ORIENTED_EDGE('',*,*,#14611,.T.);
#14611 = EDGE_CURVE('',#14604,#14564,#14612,.T.);
#14612 = LINE('',#14613,#14614);
#14613 = CARTESIAN_POINT('',(0.590026364826,-20.36833128519,0.6));
#14614 = VECTOR('',#14615,1.);
#14615 = DIRECTION('',(0.,-1.,0.));
#14616 = ORIENTED_EDGE('',*,*,#14561,.F.);
#14617 = ORIENTED_EDGE('',*,*,#14618,.F.);
#14618 = EDGE_CURVE('',#14602,#14562,#14619,.T.);
#14619 = LINE('',#14620,#14621);
#14620 = CARTESIAN_POINT('',(0.590026364826,-20.36833128519,0.));
#14621 = VECTOR('',#14622,1.);
#14622 = DIRECTION('',(0.,-1.,0.));
#14623 = PLANE('',#14624);
#14624 = AXIS2_PLACEMENT_3D('',#14625,#14626,#14627);
#14625 = CARTESIAN_POINT('',(0.590026364826,-20.36833128519,0.));
#14626 = DIRECTION('',(1.,0.,0.));
#14627 = DIRECTION('',(0.,-1.,0.));
#14628 = ADVANCED_FACE('',(#14629),#14654,.T.);
#14629 = FACE_BOUND('',#14630,.T.);
#14630 = EDGE_LOOP('',(#14631,#14641,#14647,#14648));
#14631 = ORIENTED_EDGE('',*,*,#14632,.T.);
#14632 = EDGE_CURVE('',#14633,#14635,#14637,.T.);
#14633 = VERTEX_POINT('',#14634);
#14634 = CARTESIAN_POINT('',(0.321585231105,-20.36833128519,0.));
#14635 = VERTEX_POINT('',#14636);
#14636 = CARTESIAN_POINT('',(0.321585231105,-20.36833128519,0.6));
#14637 = LINE('',#14638,#14639);
#14638 = CARTESIAN_POINT('',(0.321585231105,-20.36833128519,0.));
#14639 = VECTOR('',#14640,1.);
#14640 = DIRECTION('',(0.,0.,1.));
#14641 = ORIENTED_EDGE('',*,*,#14642,.T.);
#14642 = EDGE_CURVE('',#14635,#14604,#14643,.T.);
#14643 = LINE('',#14644,#14645);
#14644 = CARTESIAN_POINT('',(0.321585231105,-20.36833128519,0.6));
#14645 = VECTOR('',#14646,1.);
#14646 = DIRECTION('',(1.,0.,0.));
#14647 = ORIENTED_EDGE('',*,*,#14601,.F.);
#14648 = ORIENTED_EDGE('',*,*,#14649,.F.);
#14649 = EDGE_CURVE('',#14633,#14602,#14650,.T.);
#14650 = LINE('',#14651,#14652);
#14651 = CARTESIAN_POINT('',(0.321585231105,-20.36833128519,0.));
#14652 = VECTOR('',#14653,1.);
#14653 = DIRECTION('',(1.,0.,0.));
#14654 = PLANE('',#14655);
#14655 = AXIS2_PLACEMENT_3D('',#14656,#14657,#14658);
#14656 = CARTESIAN_POINT('',(0.321585231105,-20.36833128519,0.));
#14657 = DIRECTION('',(0.,1.,0.));
#14658 = DIRECTION('',(1.,0.,0.));
#14659 = ADVANCED_FACE('',(#14660),#14685,.T.);
#14660 = FACE_BOUND('',#14661,.T.);
#14661 = EDGE_LOOP('',(#14662,#14672,#14678,#14679));
#14662 = ORIENTED_EDGE('',*,*,#14663,.T.);
#14663 = EDGE_CURVE('',#14664,#14666,#14668,.T.);
#14664 = VERTEX_POINT('',#14665);
#14665 = CARTESIAN_POINT('',(-0.73855285029,-21.98497372705,0.));
#14666 = VERTEX_POINT('',#14667);
#14667 = CARTESIAN_POINT('',(-0.73855285029,-21.98497372705,0.6));
#14668 = LINE('',#14669,#14670);
#14669 = CARTESIAN_POINT('',(-0.73855285029,-21.98497372705,0.));
#14670 = VECTOR('',#14671,1.);
#14671 = DIRECTION('',(0.,0.,1.));
#14672 = ORIENTED_EDGE('',*,*,#14673,.T.);
#14673 = EDGE_CURVE('',#14666,#14635,#14674,.T.);
#14674 = LINE('',#14675,#14676);
#14675 = CARTESIAN_POINT('',(-0.73855285029,-21.98497372705,0.6));
#14676 = VECTOR('',#14677,1.);
#14677 = DIRECTION('',(0.548373122928,0.836233769977,0.));
#14678 = ORIENTED_EDGE('',*,*,#14632,.F.);
#14679 = ORIENTED_EDGE('',*,*,#14680,.F.);
#14680 = EDGE_CURVE('',#14664,#14633,#14681,.T.);
#14681 = LINE('',#14682,#14683);
#14682 = CARTESIAN_POINT('',(-0.73855285029,-21.98497372705,0.));
#14683 = VECTOR('',#14684,1.);
#14684 = DIRECTION('',(0.548373122928,0.836233769977,0.));
#14685 = PLANE('',#14686);
#14686 = AXIS2_PLACEMENT_3D('',#14687,#14688,#14689);
#14687 = CARTESIAN_POINT('',(-0.73855285029,-21.98497372705,0.));
#14688 = DIRECTION('',(-0.836233769977,0.548373122928,0.));
#14689 = DIRECTION('',(0.548373122928,0.836233769977,0.));
#14690 = ADVANCED_FACE('',(#14691),#14716,.T.);
#14691 = FACE_BOUND('',#14692,.T.);
#14692 = EDGE_LOOP('',(#14693,#14703,#14709,#14710));
#14693 = ORIENTED_EDGE('',*,*,#14694,.T.);
#14694 = EDGE_CURVE('',#14695,#14697,#14699,.T.);
#14695 = VERTEX_POINT('',#14696);
#14696 = CARTESIAN_POINT('',(-0.73855285029,-20.36833128519,0.));
#14697 = VERTEX_POINT('',#14698);
#14698 = CARTESIAN_POINT('',(-0.73855285029,-20.36833128519,0.6));
#14699 = LINE('',#14700,#14701);
#14700 = CARTESIAN_POINT('',(-0.73855285029,-20.36833128519,0.));
#14701 = VECTOR('',#14702,1.);
#14702 = DIRECTION('',(0.,0.,1.));
#14703 = ORIENTED_EDGE('',*,*,#14704,.T.);
#14704 = EDGE_CURVE('',#14697,#14666,#14705,.T.);
#14705 = LINE('',#14706,#14707);
#14706 = CARTESIAN_POINT('',(-0.73855285029,-20.36833128519,0.6));
#14707 = VECTOR('',#14708,1.);
#14708 = DIRECTION('',(0.,-1.,0.));
#14709 = ORIENTED_EDGE('',*,*,#14663,.F.);
#14710 = ORIENTED_EDGE('',*,*,#14711,.F.);
#14711 = EDGE_CURVE('',#14695,#14664,#14712,.T.);
#14712 = LINE('',#14713,#14714);
#14713 = CARTESIAN_POINT('',(-0.73855285029,-20.36833128519,0.));
#14714 = VECTOR('',#14715,1.);
#14715 = DIRECTION('',(0.,-1.,0.));
#14716 = PLANE('',#14717);
#14717 = AXIS2_PLACEMENT_3D('',#14718,#14719,#14720);
#14718 = CARTESIAN_POINT('',(-0.73855285029,-20.36833128519,0.));
#14719 = DIRECTION('',(1.,0.,0.));
#14720 = DIRECTION('',(0.,-1.,0.));
#14721 = ADVANCED_FACE('',(#14722),#14747,.T.);
#14722 = FACE_BOUND('',#14723,.T.);
#14723 = EDGE_LOOP('',(#14724,#14734,#14740,#14741));
#14724 = ORIENTED_EDGE('',*,*,#14725,.T.);
#14725 = EDGE_CURVE('',#14726,#14728,#14730,.T.);
#14726 = VERTEX_POINT('',#14727);
#14727 = CARTESIAN_POINT('',(-0.983829013081,-20.36833128519,0.));
#14728 = VERTEX_POINT('',#14729);
#14729 = CARTESIAN_POINT('',(-0.983829013081,-20.36833128519,0.6));
#14730 = LINE('',#14731,#14732);
#14731 = CARTESIAN_POINT('',(-0.983829013081,-20.36833128519,0.));
#14732 = VECTOR('',#14733,1.);
#14733 = DIRECTION('',(0.,0.,1.));
#14734 = ORIENTED_EDGE('',*,*,#14735,.T.);
#14735 = EDGE_CURVE('',#14728,#14697,#14736,.T.);
#14736 = LINE('',#14737,#14738);
#14737 = CARTESIAN_POINT('',(-0.983829013081,-20.36833128519,0.6));
#14738 = VECTOR('',#14739,1.);
#14739 = DIRECTION('',(1.,0.,0.));
#14740 = ORIENTED_EDGE('',*,*,#14694,.F.);
#14741 = ORIENTED_EDGE('',*,*,#14742,.F.);
#14742 = EDGE_CURVE('',#14726,#14695,#14743,.T.);
#14743 = LINE('',#14744,#14745);
#14744 = CARTESIAN_POINT('',(-0.983829013081,-20.36833128519,0.));
#14745 = VECTOR('',#14746,1.);
#14746 = DIRECTION('',(1.,0.,0.));
#14747 = PLANE('',#14748);
#14748 = AXIS2_PLACEMENT_3D('',#14749,#14750,#14751);
#14749 = CARTESIAN_POINT('',(-0.983829013081,-20.36833128519,0.));
#14750 = DIRECTION('',(0.,1.,0.));
#14751 = DIRECTION('',(1.,0.,0.));
#14752 = ADVANCED_FACE('',(#14753),#14778,.T.);
#14753 = FACE_BOUND('',#14754,.T.);
#14754 = EDGE_LOOP('',(#14755,#14765,#14771,#14772));
#14755 = ORIENTED_EDGE('',*,*,#14756,.T.);
#14756 = EDGE_CURVE('',#14757,#14759,#14761,.T.);
#14757 = VERTEX_POINT('',#14758);
#14758 = CARTESIAN_POINT('',(-0.983829013081,-22.36833128519,0.));
#14759 = VERTEX_POINT('',#14760);
#14760 = CARTESIAN_POINT('',(-0.983829013081,-22.36833128519,0.6));
#14761 = LINE('',#14762,#14763);
#14762 = CARTESIAN_POINT('',(-0.983829013081,-22.36833128519,0.));
#14763 = VECTOR('',#14764,1.);
#14764 = DIRECTION('',(0.,0.,1.));
#14765 = ORIENTED_EDGE('',*,*,#14766,.T.);
#14766 = EDGE_CURVE('',#14759,#14728,#14767,.T.);
#14767 = LINE('',#14768,#14769);
#14768 = CARTESIAN_POINT('',(-0.983829013081,-22.36833128519,0.6));
#14769 = VECTOR('',#14770,1.);
#14770 = DIRECTION('',(0.,1.,0.));
#14771 = ORIENTED_EDGE('',*,*,#14725,.F.);
#14772 = ORIENTED_EDGE('',*,*,#14773,.F.);
#14773 = EDGE_CURVE('',#14757,#14726,#14774,.T.);
#14774 = LINE('',#14775,#14776);
#14775 = CARTESIAN_POINT('',(-0.983829013081,-22.36833128519,0.));
#14776 = VECTOR('',#14777,1.);
#14777 = DIRECTION('',(0.,1.,0.));
#14778 = PLANE('',#14779);
#14779 = AXIS2_PLACEMENT_3D('',#14780,#14781,#14782);
#14780 = CARTESIAN_POINT('',(-0.983829013081,-22.36833128519,0.));
#14781 = DIRECTION('',(-1.,0.,0.));
#14782 = DIRECTION('',(0.,1.,0.));
#14783 = ADVANCED_FACE('',(#14784),#14809,.T.);
#14784 = FACE_BOUND('',#14785,.T.);
#14785 = EDGE_LOOP('',(#14786,#14796,#14802,#14803));
#14786 = ORIENTED_EDGE('',*,*,#14787,.T.);
#14787 = EDGE_CURVE('',#14788,#14790,#14792,.T.);
#14788 = VERTEX_POINT('',#14789);
#14789 = CARTESIAN_POINT('',(-0.716750524709,-22.36833128519,0.));
#14790 = VERTEX_POINT('',#14791);
#14791 = CARTESIAN_POINT('',(-0.716750524709,-22.36833128519,0.6));
#14792 = LINE('',#14793,#14794);
#14793 = CARTESIAN_POINT('',(-0.716750524709,-22.36833128519,0.));
#14794 = VECTOR('',#14795,1.);
#14795 = DIRECTION('',(0.,0.,1.));
#14796 = ORIENTED_EDGE('',*,*,#14797,.T.);
#14797 = EDGE_CURVE('',#14790,#14759,#14798,.T.);
#14798 = LINE('',#14799,#14800);
#14799 = CARTESIAN_POINT('',(-0.716750524709,-22.36833128519,0.6));
#14800 = VECTOR('',#14801,1.);
#14801 = DIRECTION('',(-1.,0.,0.));
#14802 = ORIENTED_EDGE('',*,*,#14756,.F.);
#14803 = ORIENTED_EDGE('',*,*,#14804,.F.);
#14804 = EDGE_CURVE('',#14788,#14757,#14805,.T.);
#14805 = LINE('',#14806,#14807);
#14806 = CARTESIAN_POINT('',(-0.716750524709,-22.36833128519,0.));
#14807 = VECTOR('',#14808,1.);
#14808 = DIRECTION('',(-1.,0.,0.));
#14809 = PLANE('',#14810);
#14810 = AXIS2_PLACEMENT_3D('',#14811,#14812,#14813);
#14811 = CARTESIAN_POINT('',(-0.716750524709,-22.36833128519,0.));
#14812 = DIRECTION('',(0.,-1.,0.));
#14813 = DIRECTION('',(-1.,0.,0.));
#14814 = ADVANCED_FACE('',(#14815),#14840,.T.);
#14815 = FACE_BOUND('',#14816,.T.);
#14816 = EDGE_LOOP('',(#14817,#14827,#14833,#14834));
#14817 = ORIENTED_EDGE('',*,*,#14818,.T.);
#14818 = EDGE_CURVE('',#14819,#14821,#14823,.T.);
#14819 = VERTEX_POINT('',#14820);
#14820 = CARTESIAN_POINT('',(0.344750202035,-20.75577677937,0.));
#14821 = VERTEX_POINT('',#14822);
#14822 = CARTESIAN_POINT('',(0.344750202035,-20.75577677937,0.6));
#14823 = LINE('',#14824,#14825);
#14824 = CARTESIAN_POINT('',(0.344750202035,-20.75577677937,0.));
#14825 = VECTOR('',#14826,1.);
#14826 = DIRECTION('',(0.,0.,1.));
#14827 = ORIENTED_EDGE('',*,*,#14828,.T.);
#14828 = EDGE_CURVE('',#14821,#14790,#14829,.T.);
#14829 = LINE('',#14830,#14831);
#14830 = CARTESIAN_POINT('',(0.344750202035,-20.75577677937,0.6));
#14831 = VECTOR('',#14832,1.);
#14832 = DIRECTION('',(-0.549836860446,-0.835272067589,0.));
#14833 = ORIENTED_EDGE('',*,*,#14787,.F.);
#14834 = ORIENTED_EDGE('',*,*,#14835,.F.);
#14835 = EDGE_CURVE('',#14819,#14788,#14836,.T.);
#14836 = LINE('',#14837,#14838);
#14837 = CARTESIAN_POINT('',(0.344750202035,-20.75577677937,0.));
#14838 = VECTOR('',#14839,1.);
#14839 = DIRECTION('',(-0.549836860446,-0.835272067589,0.));
#14840 = PLANE('',#14841);
#14841 = AXIS2_PLACEMENT_3D('',#14842,#14843,#14844);
#14842 = CARTESIAN_POINT('',(0.344750202035,-20.75577677937,0.));
#14843 = DIRECTION('',(0.835272067589,-0.549836860446,0.));
#14844 = DIRECTION('',(-0.549836860446,-0.835272067589,0.));
#14845 = ADVANCED_FACE('',(#14846),#14862,.T.);
#14846 = FACE_BOUND('',#14847,.T.);
#14847 = EDGE_LOOP('',(#14848,#14849,#14855,#14856));
#14848 = ORIENTED_EDGE('',*,*,#14579,.T.);
#14849 = ORIENTED_EDGE('',*,*,#14850,.T.);
#14850 = EDGE_CURVE('',#14572,#14821,#14851,.T.);
#14851 = LINE('',#14852,#14853);
#14852 = CARTESIAN_POINT('',(0.344750202035,-22.36833128519,0.6));
#14853 = VECTOR('',#14854,1.);
#14854 = DIRECTION('',(0.,1.,0.));
#14855 = ORIENTED_EDGE('',*,*,#14818,.F.);
#14856 = ORIENTED_EDGE('',*,*,#14857,.F.);
#14857 = EDGE_CURVE('',#14580,#14819,#14858,.T.);
#14858 = LINE('',#14859,#14860);
#14859 = CARTESIAN_POINT('',(0.344750202035,-22.36833128519,0.));
#14860 = VECTOR('',#14861,1.);
#14861 = DIRECTION('',(0.,1.,0.));
#14862 = PLANE('',#14863);
#14863 = AXIS2_PLACEMENT_3D('',#14864,#14865,#14866);
#14864 = CARTESIAN_POINT('',(0.344750202035,-22.36833128519,0.));
#14865 = DIRECTION('',(-1.,0.,0.));
#14866 = DIRECTION('',(0.,1.,0.));
#14867 = ADVANCED_FACE('',(#14868),#14880,.F.);
#14868 = FACE_BOUND('',#14869,.F.);
#14869 = EDGE_LOOP('',(#14870,#14871,#14872,#14873,#14874,#14875,#14876,
    #14877,#14878,#14879));
#14870 = ORIENTED_EDGE('',*,*,#14587,.F.);
#14871 = ORIENTED_EDGE('',*,*,#14618,.F.);
#14872 = ORIENTED_EDGE('',*,*,#14649,.F.);
#14873 = ORIENTED_EDGE('',*,*,#14680,.F.);
#14874 = ORIENTED_EDGE('',*,*,#14711,.F.);
#14875 = ORIENTED_EDGE('',*,*,#14742,.F.);
#14876 = ORIENTED_EDGE('',*,*,#14773,.F.);
#14877 = ORIENTED_EDGE('',*,*,#14804,.F.);
#14878 = ORIENTED_EDGE('',*,*,#14835,.F.);
#14879 = ORIENTED_EDGE('',*,*,#14857,.F.);
#14880 = PLANE('',#14881);
#14881 = AXIS2_PLACEMENT_3D('',#14882,#14883,#14884);
#14882 = CARTESIAN_POINT('',(-0.197136741579,-21.36870956245,0.));
#14883 = DIRECTION('',(0.,0.,1.));
#14884 = DIRECTION('',(1.,0.,0.));
#14885 = ADVANCED_FACE('',(#14886),#14898,.T.);
#14886 = FACE_BOUND('',#14887,.T.);
#14887 = EDGE_LOOP('',(#14888,#14889,#14890,#14891,#14892,#14893,#14894,
    #14895,#14896,#14897));
#14888 = ORIENTED_EDGE('',*,*,#14571,.F.);
#14889 = ORIENTED_EDGE('',*,*,#14611,.F.);
#14890 = ORIENTED_EDGE('',*,*,#14642,.F.);
#14891 = ORIENTED_EDGE('',*,*,#14673,.F.);
#14892 = ORIENTED_EDGE('',*,*,#14704,.F.);
#14893 = ORIENTED_EDGE('',*,*,#14735,.F.);
#14894 = ORIENTED_EDGE('',*,*,#14766,.F.);
#14895 = ORIENTED_EDGE('',*,*,#14797,.F.);
#14896 = ORIENTED_EDGE('',*,*,#14828,.F.);
#14897 = ORIENTED_EDGE('',*,*,#14850,.F.);
#14898 = PLANE('',#14899);
#14899 = AXIS2_PLACEMENT_3D('',#14900,#14901,#14902);
#14900 = CARTESIAN_POINT('',(-0.197136741579,-21.36870956245,0.6));
#14901 = DIRECTION('',(0.,0.,1.));
#14902 = DIRECTION('',(1.,0.,0.));
#14903 = MANIFOLD_SOLID_BREP('',#14904);
#14904 = CLOSED_SHELL('',(#14905,#14945,#14976,#15007,#15038,#15069,
    #15100,#15131,#15162,#15193,#15215,#15233));
#14905 = ADVANCED_FACE('',(#14906),#14940,.T.);
#14906 = FACE_BOUND('',#14907,.T.);
#14907 = EDGE_LOOP('',(#14908,#14918,#14926,#14934));
#14908 = ORIENTED_EDGE('',*,*,#14909,.T.);
#14909 = EDGE_CURVE('',#14910,#14912,#14914,.T.);
#14910 = VERTEX_POINT('',#14911);
#14911 = CARTESIAN_POINT('',(2.607468225291,-22.36833128519,0.));
#14912 = VERTEX_POINT('',#14913);
#14913 = CARTESIAN_POINT('',(2.607468225291,-22.36833128519,0.6));
#14914 = LINE('',#14915,#14916);
#14915 = CARTESIAN_POINT('',(2.607468225291,-22.36833128519,0.));
#14916 = VECTOR('',#14917,1.);
#14917 = DIRECTION('',(0.,0.,1.));
#14918 = ORIENTED_EDGE('',*,*,#14919,.T.);
#14919 = EDGE_CURVE('',#14912,#14920,#14922,.T.);
#14920 = VERTEX_POINT('',#14921);
#14921 = CARTESIAN_POINT('',(2.3621920625,-22.36833128519,0.6));
#14922 = LINE('',#14923,#14924);
#14923 = CARTESIAN_POINT('',(2.607468225291,-22.36833128519,0.6));
#14924 = VECTOR('',#14925,1.);
#14925 = DIRECTION('',(-1.,0.,0.));
#14926 = ORIENTED_EDGE('',*,*,#14927,.F.);
#14927 = EDGE_CURVE('',#14928,#14920,#14930,.T.);
#14928 = VERTEX_POINT('',#14929);
#14929 = CARTESIAN_POINT('',(2.3621920625,-22.36833128519,0.));
#14930 = LINE('',#14931,#14932);
#14931 = CARTESIAN_POINT('',(2.3621920625,-22.36833128519,0.));
#14932 = VECTOR('',#14933,1.);
#14933 = DIRECTION('',(0.,0.,1.));
#14934 = ORIENTED_EDGE('',*,*,#14935,.F.);
#14935 = EDGE_CURVE('',#14910,#14928,#14936,.T.);
#14936 = LINE('',#14937,#14938);
#14937 = CARTESIAN_POINT('',(2.607468225291,-22.36833128519,0.));
#14938 = VECTOR('',#14939,1.);
#14939 = DIRECTION('',(-1.,0.,0.));
#14940 = PLANE('',#14941);
#14941 = AXIS2_PLACEMENT_3D('',#14942,#14943,#14944);
#14942 = CARTESIAN_POINT('',(2.607468225291,-22.36833128519,0.));
#14943 = DIRECTION('',(0.,-1.,0.));
#14944 = DIRECTION('',(-1.,0.,0.));
#14945 = ADVANCED_FACE('',(#14946),#14971,.T.);
#14946 = FACE_BOUND('',#14947,.T.);
#14947 = EDGE_LOOP('',(#14948,#14958,#14964,#14965));
#14948 = ORIENTED_EDGE('',*,*,#14949,.T.);
#14949 = EDGE_CURVE('',#14950,#14952,#14954,.T.);
#14950 = VERTEX_POINT('',#14951);
#14951 = CARTESIAN_POINT('',(2.607468225291,-20.36833128519,0.));
#14952 = VERTEX_POINT('',#14953);
#14953 = CARTESIAN_POINT('',(2.607468225291,-20.36833128519,0.6));
#14954 = LINE('',#14955,#14956);
#14955 = CARTESIAN_POINT('',(2.607468225291,-20.36833128519,0.));
#14956 = VECTOR('',#14957,1.);
#14957 = DIRECTION('',(0.,0.,1.));
#14958 = ORIENTED_EDGE('',*,*,#14959,.T.);
#14959 = EDGE_CURVE('',#14952,#14912,#14960,.T.);
#14960 = LINE('',#14961,#14962);
#14961 = CARTESIAN_POINT('',(2.607468225291,-20.36833128519,0.6));
#14962 = VECTOR('',#14963,1.);
#14963 = DIRECTION('',(0.,-1.,0.));
#14964 = ORIENTED_EDGE('',*,*,#14909,.F.);
#14965 = ORIENTED_EDGE('',*,*,#14966,.F.);
#14966 = EDGE_CURVE('',#14950,#14910,#14967,.T.);
#14967 = LINE('',#14968,#14969);
#14968 = CARTESIAN_POINT('',(2.607468225291,-20.36833128519,0.));
#14969 = VECTOR('',#14970,1.);
#14970 = DIRECTION('',(0.,-1.,0.));
#14971 = PLANE('',#14972);
#14972 = AXIS2_PLACEMENT_3D('',#14973,#14974,#14975);
#14973 = CARTESIAN_POINT('',(2.607468225291,-20.36833128519,0.));
#14974 = DIRECTION('',(1.,0.,0.));
#14975 = DIRECTION('',(0.,-1.,0.));
#14976 = ADVANCED_FACE('',(#14977),#15002,.T.);
#14977 = FACE_BOUND('',#14978,.T.);
#14978 = EDGE_LOOP('',(#14979,#14989,#14995,#14996));
#14979 = ORIENTED_EDGE('',*,*,#14980,.T.);
#14980 = EDGE_CURVE('',#14981,#14983,#14985,.T.);
#14981 = VERTEX_POINT('',#14982);
#14982 = CARTESIAN_POINT('',(2.33902709157,-20.36833128519,0.));
#14983 = VERTEX_POINT('',#14984);
#14984 = CARTESIAN_POINT('',(2.33902709157,-20.36833128519,0.6));
#14985 = LINE('',#14986,#14987);
#14986 = CARTESIAN_POINT('',(2.33902709157,-20.36833128519,0.));
#14987 = VECTOR('',#14988,1.);
#14988 = DIRECTION('',(0.,0.,1.));
#14989 = ORIENTED_EDGE('',*,*,#14990,.T.);
#14990 = EDGE_CURVE('',#14983,#14952,#14991,.T.);
#14991 = LINE('',#14992,#14993);
#14992 = CARTESIAN_POINT('',(2.33902709157,-20.36833128519,0.6));
#14993 = VECTOR('',#14994,1.);
#14994 = DIRECTION('',(1.,0.,0.));
#14995 = ORIENTED_EDGE('',*,*,#14949,.F.);
#14996 = ORIENTED_EDGE('',*,*,#14997,.F.);
#14997 = EDGE_CURVE('',#14981,#14950,#14998,.T.);
#14998 = LINE('',#14999,#15000);
#14999 = CARTESIAN_POINT('',(2.33902709157,-20.36833128519,0.));
#15000 = VECTOR('',#15001,1.);
#15001 = DIRECTION('',(1.,0.,0.));
#15002 = PLANE('',#15003);
#15003 = AXIS2_PLACEMENT_3D('',#15004,#15005,#15006);
#15004 = CARTESIAN_POINT('',(2.33902709157,-20.36833128519,0.));
#15005 = DIRECTION('',(0.,1.,0.));
#15006 = DIRECTION('',(1.,0.,0.));
#15007 = ADVANCED_FACE('',(#15008),#15033,.T.);
#15008 = FACE_BOUND('',#15009,.T.);
#15009 = EDGE_LOOP('',(#15010,#15020,#15026,#15027));
#15010 = ORIENTED_EDGE('',*,*,#15011,.T.);
#15011 = EDGE_CURVE('',#15012,#15014,#15016,.T.);
#15012 = VERTEX_POINT('',#15013);
#15013 = CARTESIAN_POINT('',(1.278889010175,-21.98497372705,0.));
#15014 = VERTEX_POINT('',#15015);
#15015 = CARTESIAN_POINT('',(1.278889010175,-21.98497372705,0.6));
#15016 = LINE('',#15017,#15018);
#15017 = CARTESIAN_POINT('',(1.278889010175,-21.98497372705,0.));
#15018 = VECTOR('',#15019,1.);
#15019 = DIRECTION('',(0.,0.,1.));
#15020 = ORIENTED_EDGE('',*,*,#15021,.T.);
#15021 = EDGE_CURVE('',#15014,#14983,#15022,.T.);
#15022 = LINE('',#15023,#15024);
#15023 = CARTESIAN_POINT('',(1.278889010175,-21.98497372705,0.6));
#15024 = VECTOR('',#15025,1.);
#15025 = DIRECTION('',(0.548373122928,0.836233769977,0.));
#15026 = ORIENTED_EDGE('',*,*,#14980,.F.);
#15027 = ORIENTED_EDGE('',*,*,#15028,.F.);
#15028 = EDGE_CURVE('',#15012,#14981,#15029,.T.);
#15029 = LINE('',#15030,#15031);
#15030 = CARTESIAN_POINT('',(1.278889010175,-21.98497372705,0.));
#15031 = VECTOR('',#15032,1.);
#15032 = DIRECTION('',(0.548373122928,0.836233769977,0.));
#15033 = PLANE('',#15034);
#15034 = AXIS2_PLACEMENT_3D('',#15035,#15036,#15037);
#15035 = CARTESIAN_POINT('',(1.278889010175,-21.98497372705,0.));
#15036 = DIRECTION('',(-0.836233769977,0.548373122928,0.));
#15037 = DIRECTION('',(0.548373122928,0.836233769977,0.));
#15038 = ADVANCED_FACE('',(#15039),#15064,.T.);
#15039 = FACE_BOUND('',#15040,.T.);
#15040 = EDGE_LOOP('',(#15041,#15051,#15057,#15058));
#15041 = ORIENTED_EDGE('',*,*,#15042,.T.);
#15042 = EDGE_CURVE('',#15043,#15045,#15047,.T.);
#15043 = VERTEX_POINT('',#15044);
#15044 = CARTESIAN_POINT('',(1.278889010175,-20.36833128519,0.));
#15045 = VERTEX_POINT('',#15046);
#15046 = CARTESIAN_POINT('',(1.278889010175,-20.36833128519,0.6));
#15047 = LINE('',#15048,#15049);
#15048 = CARTESIAN_POINT('',(1.278889010175,-20.36833128519,0.));
#15049 = VECTOR('',#15050,1.);
#15050 = DIRECTION('',(0.,0.,1.));
#15051 = ORIENTED_EDGE('',*,*,#15052,.T.);
#15052 = EDGE_CURVE('',#15045,#15014,#15053,.T.);
#15053 = LINE('',#15054,#15055);
#15054 = CARTESIAN_POINT('',(1.278889010175,-20.36833128519,0.6));
#15055 = VECTOR('',#15056,1.);
#15056 = DIRECTION('',(0.,-1.,0.));
#15057 = ORIENTED_EDGE('',*,*,#15011,.F.);
#15058 = ORIENTED_EDGE('',*,*,#15059,.F.);
#15059 = EDGE_CURVE('',#15043,#15012,#15060,.T.);
#15060 = LINE('',#15061,#15062);
#15061 = CARTESIAN_POINT('',(1.278889010175,-20.36833128519,0.));
#15062 = VECTOR('',#15063,1.);
#15063 = DIRECTION('',(0.,-1.,0.));
#15064 = PLANE('',#15065);
#15065 = AXIS2_PLACEMENT_3D('',#15066,#15067,#15068);
#15066 = CARTESIAN_POINT('',(1.278889010175,-20.36833128519,0.));
#15067 = DIRECTION('',(1.,0.,0.));
#15068 = DIRECTION('',(0.,-1.,0.));
#15069 = ADVANCED_FACE('',(#15070),#15095,.T.);
#15070 = FACE_BOUND('',#15071,.T.);
#15071 = EDGE_LOOP('',(#15072,#15082,#15088,#15089));
#15072 = ORIENTED_EDGE('',*,*,#15073,.T.);
#15073 = EDGE_CURVE('',#15074,#15076,#15078,.T.);
#15074 = VERTEX_POINT('',#15075);
#15075 = CARTESIAN_POINT('',(1.033612847384,-20.36833128519,0.));
#15076 = VERTEX_POINT('',#15077);
#15077 = CARTESIAN_POINT('',(1.033612847384,-20.36833128519,0.6));
#15078 = LINE('',#15079,#15080);
#15079 = CARTESIAN_POINT('',(1.033612847384,-20.36833128519,0.));
#15080 = VECTOR('',#15081,1.);
#15081 = DIRECTION('',(0.,0.,1.));
#15082 = ORIENTED_EDGE('',*,*,#15083,.T.);
#15083 = EDGE_CURVE('',#15076,#15045,#15084,.T.);
#15084 = LINE('',#15085,#15086);
#15085 = CARTESIAN_POINT('',(1.033612847384,-20.36833128519,0.6));
#15086 = VECTOR('',#15087,1.);
#15087 = DIRECTION('',(1.,0.,0.));
#15088 = ORIENTED_EDGE('',*,*,#15042,.F.);
#15089 = ORIENTED_EDGE('',*,*,#15090,.F.);
#15090 = EDGE_CURVE('',#15074,#15043,#15091,.T.);
#15091 = LINE('',#15092,#15093);
#15092 = CARTESIAN_POINT('',(1.033612847384,-20.36833128519,0.));
#15093 = VECTOR('',#15094,1.);
#15094 = DIRECTION('',(1.,0.,0.));
#15095 = PLANE('',#15096);
#15096 = AXIS2_PLACEMENT_3D('',#15097,#15098,#15099);
#15097 = CARTESIAN_POINT('',(1.033612847384,-20.36833128519,0.));
#15098 = DIRECTION('',(0.,1.,0.));
#15099 = DIRECTION('',(1.,0.,0.));
#15100 = ADVANCED_FACE('',(#15101),#15126,.T.);
#15101 = FACE_BOUND('',#15102,.T.);
#15102 = EDGE_LOOP('',(#15103,#15113,#15119,#15120));
#15103 = ORIENTED_EDGE('',*,*,#15104,.T.);
#15104 = EDGE_CURVE('',#15105,#15107,#15109,.T.);
#15105 = VERTEX_POINT('',#15106);
#15106 = CARTESIAN_POINT('',(1.033612847384,-22.36833128519,0.));
#15107 = VERTEX_POINT('',#15108);
#15108 = CARTESIAN_POINT('',(1.033612847384,-22.36833128519,0.6));
#15109 = LINE('',#15110,#15111);
#15110 = CARTESIAN_POINT('',(1.033612847384,-22.36833128519,0.));
#15111 = VECTOR('',#15112,1.);
#15112 = DIRECTION('',(0.,0.,1.));
#15113 = ORIENTED_EDGE('',*,*,#15114,.T.);
#15114 = EDGE_CURVE('',#15107,#15076,#15115,.T.);
#15115 = LINE('',#15116,#15117);
#15116 = CARTESIAN_POINT('',(1.033612847384,-22.36833128519,0.6));
#15117 = VECTOR('',#15118,1.);
#15118 = DIRECTION('',(0.,1.,0.));
#15119 = ORIENTED_EDGE('',*,*,#15073,.F.);
#15120 = ORIENTED_EDGE('',*,*,#15121,.F.);
#15121 = EDGE_CURVE('',#15105,#15074,#15122,.T.);
#15122 = LINE('',#15123,#15124);
#15123 = CARTESIAN_POINT('',(1.033612847384,-22.36833128519,0.));
#15124 = VECTOR('',#15125,1.);
#15125 = DIRECTION('',(0.,1.,0.));
#15126 = PLANE('',#15127);
#15127 = AXIS2_PLACEMENT_3D('',#15128,#15129,#15130);
#15128 = CARTESIAN_POINT('',(1.033612847384,-22.36833128519,0.));
#15129 = DIRECTION('',(-1.,0.,0.));
#15130 = DIRECTION('',(0.,1.,0.));
#15131 = ADVANCED_FACE('',(#15132),#15157,.T.);
#15132 = FACE_BOUND('',#15133,.T.);
#15133 = EDGE_LOOP('',(#15134,#15144,#15150,#15151));
#15134 = ORIENTED_EDGE('',*,*,#15135,.T.);
#15135 = EDGE_CURVE('',#15136,#15138,#15140,.T.);
#15136 = VERTEX_POINT('',#15137);
#15137 = CARTESIAN_POINT('',(1.300691335756,-22.36833128519,0.));
#15138 = VERTEX_POINT('',#15139);
#15139 = CARTESIAN_POINT('',(1.300691335756,-22.36833128519,0.6));
#15140 = LINE('',#15141,#15142);
#15141 = CARTESIAN_POINT('',(1.300691335756,-22.36833128519,0.));
#15142 = VECTOR('',#15143,1.);
#15143 = DIRECTION('',(0.,0.,1.));
#15144 = ORIENTED_EDGE('',*,*,#15145,.T.);
#15145 = EDGE_CURVE('',#15138,#15107,#15146,.T.);
#15146 = LINE('',#15147,#15148);
#15147 = CARTESIAN_POINT('',(1.300691335756,-22.36833128519,0.6));
#15148 = VECTOR('',#15149,1.);
#15149 = DIRECTION('',(-1.,0.,0.));
#15150 = ORIENTED_EDGE('',*,*,#15104,.F.);
#15151 = ORIENTED_EDGE('',*,*,#15152,.F.);
#15152 = EDGE_CURVE('',#15136,#15105,#15153,.T.);
#15153 = LINE('',#15154,#15155);
#15154 = CARTESIAN_POINT('',(1.300691335756,-22.36833128519,0.));
#15155 = VECTOR('',#15156,1.);
#15156 = DIRECTION('',(-1.,0.,0.));
#15157 = PLANE('',#15158);
#15158 = AXIS2_PLACEMENT_3D('',#15159,#15160,#15161);
#15159 = CARTESIAN_POINT('',(1.300691335756,-22.36833128519,0.));
#15160 = DIRECTION('',(0.,-1.,0.));
#15161 = DIRECTION('',(-1.,0.,0.));
#15162 = ADVANCED_FACE('',(#15163),#15188,.T.);
#15163 = FACE_BOUND('',#15164,.T.);
#15164 = EDGE_LOOP('',(#15165,#15175,#15181,#15182));
#15165 = ORIENTED_EDGE('',*,*,#15166,.T.);
#15166 = EDGE_CURVE('',#15167,#15169,#15171,.T.);
#15167 = VERTEX_POINT('',#15168);
#15168 = CARTESIAN_POINT('',(2.3621920625,-20.75577677937,0.));
#15169 = VERTEX_POINT('',#15170);
#15170 = CARTESIAN_POINT('',(2.3621920625,-20.75577677937,0.6));
#15171 = LINE('',#15172,#15173);
#15172 = CARTESIAN_POINT('',(2.3621920625,-20.75577677937,0.));
#15173 = VECTOR('',#15174,1.);
#15174 = DIRECTION('',(0.,0.,1.));
#15175 = ORIENTED_EDGE('',*,*,#15176,.T.);
#15176 = EDGE_CURVE('',#15169,#15138,#15177,.T.);
#15177 = LINE('',#15178,#15179);
#15178 = CARTESIAN_POINT('',(2.3621920625,-20.75577677937,0.6));
#15179 = VECTOR('',#15180,1.);
#15180 = DIRECTION('',(-0.549836860446,-0.835272067589,0.));
#15181 = ORIENTED_EDGE('',*,*,#15135,.F.);
#15182 = ORIENTED_EDGE('',*,*,#15183,.F.);
#15183 = EDGE_CURVE('',#15167,#15136,#15184,.T.);
#15184 = LINE('',#15185,#15186);
#15185 = CARTESIAN_POINT('',(2.3621920625,-20.75577677937,0.));
#15186 = VECTOR('',#15187,1.);
#15187 = DIRECTION('',(-0.549836860446,-0.835272067589,0.));
#15188 = PLANE('',#15189);
#15189 = AXIS2_PLACEMENT_3D('',#15190,#15191,#15192);
#15190 = CARTESIAN_POINT('',(2.3621920625,-20.75577677937,0.));
#15191 = DIRECTION('',(0.835272067589,-0.549836860446,0.));
#15192 = DIRECTION('',(-0.549836860446,-0.835272067589,0.));
#15193 = ADVANCED_FACE('',(#15194),#15210,.T.);
#15194 = FACE_BOUND('',#15195,.T.);
#15195 = EDGE_LOOP('',(#15196,#15197,#15203,#15204));
#15196 = ORIENTED_EDGE('',*,*,#14927,.T.);
#15197 = ORIENTED_EDGE('',*,*,#15198,.T.);
#15198 = EDGE_CURVE('',#14920,#15169,#15199,.T.);
#15199 = LINE('',#15200,#15201);
#15200 = CARTESIAN_POINT('',(2.3621920625,-22.36833128519,0.6));
#15201 = VECTOR('',#15202,1.);
#15202 = DIRECTION('',(0.,1.,0.));
#15203 = ORIENTED_EDGE('',*,*,#15166,.F.);
#15204 = ORIENTED_EDGE('',*,*,#15205,.F.);
#15205 = EDGE_CURVE('',#14928,#15167,#15206,.T.);
#15206 = LINE('',#15207,#15208);
#15207 = CARTESIAN_POINT('',(2.3621920625,-22.36833128519,0.));
#15208 = VECTOR('',#15209,1.);
#15209 = DIRECTION('',(0.,1.,0.));
#15210 = PLANE('',#15211);
#15211 = AXIS2_PLACEMENT_3D('',#15212,#15213,#15214);
#15212 = CARTESIAN_POINT('',(2.3621920625,-22.36833128519,0.));
#15213 = DIRECTION('',(-1.,0.,0.));
#15214 = DIRECTION('',(0.,1.,0.));
#15215 = ADVANCED_FACE('',(#15216),#15228,.F.);
#15216 = FACE_BOUND('',#15217,.F.);
#15217 = EDGE_LOOP('',(#15218,#15219,#15220,#15221,#15222,#15223,#15224,
    #15225,#15226,#15227));
#15218 = ORIENTED_EDGE('',*,*,#14935,.F.);
#15219 = ORIENTED_EDGE('',*,*,#14966,.F.);
#15220 = ORIENTED_EDGE('',*,*,#14997,.F.);
#15221 = ORIENTED_EDGE('',*,*,#15028,.F.);
#15222 = ORIENTED_EDGE('',*,*,#15059,.F.);
#15223 = ORIENTED_EDGE('',*,*,#15090,.F.);
#15224 = ORIENTED_EDGE('',*,*,#15121,.F.);
#15225 = ORIENTED_EDGE('',*,*,#15152,.F.);
#15226 = ORIENTED_EDGE('',*,*,#15183,.F.);
#15227 = ORIENTED_EDGE('',*,*,#15205,.F.);
#15228 = PLANE('',#15229);
#15229 = AXIS2_PLACEMENT_3D('',#15230,#15231,#15232);
#15230 = CARTESIAN_POINT('',(1.824272528829,-21.15662189798,0.));
#15231 = DIRECTION('',(0.,0.,1.));
#15232 = DIRECTION('',(1.,0.,0.));
#15233 = ADVANCED_FACE('',(#15234),#15246,.T.);
#15234 = FACE_BOUND('',#15235,.T.);
#15235 = EDGE_LOOP('',(#15236,#15237,#15238,#15239,#15240,#15241,#15242,
    #15243,#15244,#15245));
#15236 = ORIENTED_EDGE('',*,*,#14919,.F.);
#15237 = ORIENTED_EDGE('',*,*,#14959,.F.);
#15238 = ORIENTED_EDGE('',*,*,#14990,.F.);
#15239 = ORIENTED_EDGE('',*,*,#15021,.F.);
#15240 = ORIENTED_EDGE('',*,*,#15052,.F.);
#15241 = ORIENTED_EDGE('',*,*,#15083,.F.);
#15242 = ORIENTED_EDGE('',*,*,#15114,.F.);
#15243 = ORIENTED_EDGE('',*,*,#15145,.F.);
#15244 = ORIENTED_EDGE('',*,*,#15176,.F.);
#15245 = ORIENTED_EDGE('',*,*,#15198,.F.);
#15246 = PLANE('',#15247);
#15247 = AXIS2_PLACEMENT_3D('',#15248,#15249,#15250);
#15248 = CARTESIAN_POINT('',(1.824272528829,-21.15662189798,0.6));
#15249 = DIRECTION('',(0.,0.,1.));
#15250 = DIRECTION('',(1.,0.,0.));
#15251 = MANIFOLD_SOLID_BREP('',#15252);
#15252 = CLOSED_SHELL('',(#15253,#15295,#15326,#15359,#15392,#15423,
    #15456,#15489,#15513,#15529));
#15253 = ADVANCED_FACE('',(#15254),#15288,.T.);
#15254 = FACE_BOUND('',#15255,.T.);
#15255 = EDGE_LOOP('',(#15256,#15266,#15274,#15282));
#15256 = ORIENTED_EDGE('',*,*,#15257,.T.);
#15257 = EDGE_CURVE('',#15258,#15260,#15262,.T.);
#15258 = VERTEX_POINT('',#15259);
#15259 = CARTESIAN_POINT('',(2.309048893896,-19.90321500612,0.));
#15260 = VERTEX_POINT('',#15261);
#15261 = CARTESIAN_POINT('',(2.309048893896,-19.90321500612,0.6));
#15262 = LINE('',#15263,#15264);
#15263 = CARTESIAN_POINT('',(2.309048893896,-19.90321500612,0.));
#15264 = VECTOR('',#15265,1.);
#15265 = DIRECTION('',(0.,0.,1.));
#15266 = ORIENTED_EDGE('',*,*,#15267,.T.);
#15267 = EDGE_CURVE('',#15260,#15268,#15270,.T.);
#15268 = VERTEX_POINT('',#15269);
#15269 = CARTESIAN_POINT('',(2.174147004361,-20.15503186658,0.6));
#15270 = B_SPLINE_CURVE_WITH_KNOTS('',2,(#15271,#15272,#15273),
  .UNSPECIFIED.,.F.,.F.,(3,3),(0.,1.),.PIECEWISE_BEZIER_KNOTS.);
#15271 = CARTESIAN_POINT('',(2.309048893896,-19.90321500612,0.6));
#15272 = CARTESIAN_POINT('',(2.294059795059,-20.06373462821,0.6));
#15273 = CARTESIAN_POINT('',(2.174147004361,-20.15503186658,0.6));
#15274 = ORIENTED_EDGE('',*,*,#15275,.F.);
#15275 = EDGE_CURVE('',#15276,#15268,#15278,.T.);
#15276 = VERTEX_POINT('',#15277);
#15277 = CARTESIAN_POINT('',(2.174147004361,-20.15503186658,0.));
#15278 = LINE('',#15279,#15280);
#15279 = CARTESIAN_POINT('',(2.174147004361,-20.15503186658,0.));
#15280 = VECTOR('',#15281,1.);
#15281 = DIRECTION('',(0.,0.,1.));
#15282 = ORIENTED_EDGE('',*,*,#15283,.F.);
#15283 = EDGE_CURVE('',#15258,#15276,#15284,.T.);
#15284 = B_SPLINE_CURVE_WITH_KNOTS('',2,(#15285,#15286,#15287),
  .UNSPECIFIED.,.F.,.F.,(3,3),(0.,1.),.PIECEWISE_BEZIER_KNOTS.);
#15285 = CARTESIAN_POINT('',(2.309048893896,-19.90321500612,0.));
#15286 = CARTESIAN_POINT('',(2.294059795059,-20.06373462821,0.));
#15287 = CARTESIAN_POINT('',(2.174147004361,-20.15503186658,0.));
#15288 = SURFACE_OF_LINEAR_EXTRUSION('',#15289,#15293);
#15289 = B_SPLINE_CURVE_WITH_KNOTS('',2,(#15290,#15291,#15292),
  .UNSPECIFIED.,.F.,.F.,(3,3),(0.,1.),.PIECEWISE_BEZIER_KNOTS.);
#15290 = CARTESIAN_POINT('',(2.309048893896,-19.90321500612,0.));
#15291 = CARTESIAN_POINT('',(2.294059795059,-20.06373462821,0.));
#15292 = CARTESIAN_POINT('',(2.174147004361,-20.15503186658,0.));
#15293 = VECTOR('',#15294,1.);
#15294 = DIRECTION('',(-0.,-0.,-1.));
#15295 = ADVANCED_FACE('',(#15296),#15321,.T.);
#15296 = FACE_BOUND('',#15297,.T.);
#15297 = EDGE_LOOP('',(#15298,#15308,#15314,#15315));
#15298 = ORIENTED_EDGE('',*,*,#15299,.T.);
#15299 = EDGE_CURVE('',#15300,#15302,#15304,.T.);
#15300 = VERTEX_POINT('',#15301);
#15301 = CARTESIAN_POINT('',(2.125091771803,-19.90321500612,0.));
#15302 = VERTEX_POINT('',#15303);
#15303 = CARTESIAN_POINT('',(2.125091771803,-19.90321500612,0.6));
#15304 = LINE('',#15305,#15306);
#15305 = CARTESIAN_POINT('',(2.125091771803,-19.90321500612,0.));
#15306 = VECTOR('',#15307,1.);
#15307 = DIRECTION('',(0.,0.,1.));
#15308 = ORIENTED_EDGE('',*,*,#15309,.T.);
#15309 = EDGE_CURVE('',#15302,#15260,#15310,.T.);
#15310 = LINE('',#15311,#15312);
#15311 = CARTESIAN_POINT('',(2.125091771803,-19.90321500612,0.6));
#15312 = VECTOR('',#15313,1.);
#15313 = DIRECTION('',(1.,0.,0.));
#15314 = ORIENTED_EDGE('',*,*,#15257,.F.);
#15315 = ORIENTED_EDGE('',*,*,#15316,.F.);
#15316 = EDGE_CURVE('',#15300,#15258,#15317,.T.);
#15317 = LINE('',#15318,#15319);
#15318 = CARTESIAN_POINT('',(2.125091771803,-19.90321500612,0.));
#15319 = VECTOR('',#15320,1.);
#15320 = DIRECTION('',(1.,0.,0.));
#15321 = PLANE('',#15322);
#15322 = AXIS2_PLACEMENT_3D('',#15323,#15324,#15325);
#15323 = CARTESIAN_POINT('',(2.125091771803,-19.90321500612,0.));
#15324 = DIRECTION('',(0.,1.,0.));
#15325 = DIRECTION('',(1.,0.,0.));
#15326 = ADVANCED_FACE('',(#15327),#15352,.T.);
#15327 = FACE_BOUND('',#15328,.T.);
#15328 = EDGE_LOOP('',(#15329,#15339,#15345,#15346));
#15329 = ORIENTED_EDGE('',*,*,#15330,.T.);
#15330 = EDGE_CURVE('',#15331,#15333,#15335,.T.);
#15331 = VERTEX_POINT('',#15332);
#15332 = CARTESIAN_POINT('',(1.845749475291,-20.07763361077,0.));
#15333 = VERTEX_POINT('',#15334);
#15334 = CARTESIAN_POINT('',(1.845749475291,-20.07763361077,0.6));
#15335 = LINE('',#15336,#15337);
#15336 = CARTESIAN_POINT('',(1.845749475291,-20.07763361077,0.));
#15337 = VECTOR('',#15338,1.);
#15338 = DIRECTION('',(0.,0.,1.));
#15339 = ORIENTED_EDGE('',*,*,#15340,.T.);
#15340 = EDGE_CURVE('',#15333,#15302,#15341,.T.);
#15341 = B_SPLINE_CURVE_WITH_KNOTS('',2,(#15342,#15343,#15344),
  .UNSPECIFIED.,.F.,.F.,(3,3),(0.,1.),.PIECEWISE_BEZIER_KNOTS.);
#15342 = CARTESIAN_POINT('',(1.845749475291,-20.07763361077,0.6));
#15343 = CARTESIAN_POINT('',(2.066498021803,-20.07763361077,0.6));
#15344 = CARTESIAN_POINT('',(2.125091771803,-19.90321500612,0.6));
#15345 = ORIENTED_EDGE('',*,*,#15299,.F.);
#15346 = ORIENTED_EDGE('',*,*,#15347,.F.);
#15347 = EDGE_CURVE('',#15331,#15300,#15348,.T.);
#15348 = B_SPLINE_CURVE_WITH_KNOTS('',2,(#15349,#15350,#15351),
  .UNSPECIFIED.,.F.,.F.,(3,3),(0.,1.),.PIECEWISE_BEZIER_KNOTS.);
#15349 = CARTESIAN_POINT('',(1.845749475291,-20.07763361077,0.));
#15350 = CARTESIAN_POINT('',(2.066498021803,-20.07763361077,0.));
#15351 = CARTESIAN_POINT('',(2.125091771803,-19.90321500612,0.));
#15352 = SURFACE_OF_LINEAR_EXTRUSION('',#15353,#15357);
#15353 = B_SPLINE_CURVE_WITH_KNOTS('',2,(#15354,#15355,#15356),
  .UNSPECIFIED.,.F.,.F.,(3,3),(0.,1.),.PIECEWISE_BEZIER_KNOTS.);
#15354 = CARTESIAN_POINT('',(1.845749475291,-20.07763361077,0.));
#15355 = CARTESIAN_POINT('',(2.066498021803,-20.07763361077,0.));
#15356 = CARTESIAN_POINT('',(2.125091771803,-19.90321500612,0.));
#15357 = VECTOR('',#15358,1.);
#15358 = DIRECTION('',(-0.,-0.,-1.));
#15359 = ADVANCED_FACE('',(#15360),#15385,.T.);
#15360 = FACE_BOUND('',#15361,.T.);
#15361 = EDGE_LOOP('',(#15362,#15372,#15378,#15379));
#15362 = ORIENTED_EDGE('',*,*,#15363,.T.);
#15363 = EDGE_CURVE('',#15364,#15366,#15368,.T.);
#15364 = VERTEX_POINT('',#15365);
#15365 = CARTESIAN_POINT('',(1.563681888082,-19.90321500612,0.));
#15366 = VERTEX_POINT('',#15367);
#15367 = CARTESIAN_POINT('',(1.563681888082,-19.90321500612,0.6));
#15368 = LINE('',#15369,#15370);
#15369 = CARTESIAN_POINT('',(1.563681888082,-19.90321500612,0.));
#15370 = VECTOR('',#15371,1.);
#15371 = DIRECTION('',(0.,0.,1.));
#15372 = ORIENTED_EDGE('',*,*,#15373,.T.);
#15373 = EDGE_CURVE('',#15366,#15333,#15374,.T.);
#15374 = B_SPLINE_CURVE_WITH_KNOTS('',2,(#15375,#15376,#15377),
  .UNSPECIFIED.,.F.,.F.,(3,3),(0.,1.),.PIECEWISE_BEZIER_KNOTS.);
#15375 = CARTESIAN_POINT('',(1.563681888082,-19.90321500612,0.6));
#15376 = CARTESIAN_POINT('',(1.622275638082,-20.07763361077,0.6));
#15377 = CARTESIAN_POINT('',(1.845749475291,-20.07763361077,0.6));
#15378 = ORIENTED_EDGE('',*,*,#15330,.F.);
#15379 = ORIENTED_EDGE('',*,*,#15380,.F.);
#15380 = EDGE_CURVE('',#15364,#15331,#15381,.T.);
#15381 = B_SPLINE_CURVE_WITH_KNOTS('',2,(#15382,#15383,#15384),
  .UNSPECIFIED.,.F.,.F.,(3,3),(0.,1.),.PIECEWISE_BEZIER_KNOTS.);
#15382 = CARTESIAN_POINT('',(1.563681888082,-19.90321500612,0.));
#15383 = CARTESIAN_POINT('',(1.622275638082,-20.07763361077,0.));
#15384 = CARTESIAN_POINT('',(1.845749475291,-20.07763361077,0.));
#15385 = SURFACE_OF_LINEAR_EXTRUSION('',#15386,#15390);
#15386 = B_SPLINE_CURVE_WITH_KNOTS('',2,(#15387,#15388,#15389),
  .UNSPECIFIED.,.F.,.F.,(3,3),(0.,1.),.PIECEWISE_BEZIER_KNOTS.);
#15387 = CARTESIAN_POINT('',(1.563681888082,-19.90321500612,0.));
#15388 = CARTESIAN_POINT('',(1.622275638082,-20.07763361077,0.));
#15389 = CARTESIAN_POINT('',(1.845749475291,-20.07763361077,0.));
#15390 = VECTOR('',#15391,1.);
#15391 = DIRECTION('',(-0.,-0.,-1.));
#15392 = ADVANCED_FACE('',(#15393),#15418,.T.);
#15393 = FACE_BOUND('',#15394,.T.);
#15394 = EDGE_LOOP('',(#15395,#15405,#15411,#15412));
#15395 = ORIENTED_EDGE('',*,*,#15396,.T.);
#15396 = EDGE_CURVE('',#15397,#15399,#15401,.T.);
#15397 = VERTEX_POINT('',#15398);
#15398 = CARTESIAN_POINT('',(1.379724765989,-19.90321500612,0.));
#15399 = VERTEX_POINT('',#15400);
#15400 = CARTESIAN_POINT('',(1.379724765989,-19.90321500612,0.6));
#15401 = LINE('',#15402,#15403);
#15402 = CARTESIAN_POINT('',(1.379724765989,-19.90321500612,0.));
#15403 = VECTOR('',#15404,1.);
#15404 = DIRECTION('',(0.,0.,1.));
#15405 = ORIENTED_EDGE('',*,*,#15406,.T.);
#15406 = EDGE_CURVE('',#15399,#15366,#15407,.T.);
#15407 = LINE('',#15408,#15409);
#15408 = CARTESIAN_POINT('',(1.379724765989,-19.90321500612,0.6));
#15409 = VECTOR('',#15410,1.);
#15410 = DIRECTION('',(1.,0.,0.));
#15411 = ORIENTED_EDGE('',*,*,#15363,.F.);
#15412 = ORIENTED_EDGE('',*,*,#15413,.F.);
#15413 = EDGE_CURVE('',#15397,#15364,#15414,.T.);
#15414 = LINE('',#15415,#15416);
#15415 = CARTESIAN_POINT('',(1.379724765989,-19.90321500612,0.));
#15416 = VECTOR('',#15417,1.);
#15417 = DIRECTION('',(1.,0.,0.));
#15418 = PLANE('',#15419);
#15419 = AXIS2_PLACEMENT_3D('',#15420,#15421,#15422);
#15420 = CARTESIAN_POINT('',(1.379724765989,-19.90321500612,0.));
#15421 = DIRECTION('',(0.,1.,0.));
#15422 = DIRECTION('',(1.,0.,0.));
#15423 = ADVANCED_FACE('',(#15424),#15449,.T.);
#15424 = FACE_BOUND('',#15425,.T.);
#15425 = EDGE_LOOP('',(#15426,#15436,#15442,#15443));
#15426 = ORIENTED_EDGE('',*,*,#15427,.T.);
#15427 = EDGE_CURVE('',#15428,#15430,#15432,.T.);
#15428 = VERTEX_POINT('',#15429);
#15429 = CARTESIAN_POINT('',(1.520077236919,-20.15703041309,0.));
#15430 = VERTEX_POINT('',#15431);
#15431 = CARTESIAN_POINT('',(1.520077236919,-20.15703041309,0.6));
#15432 = LINE('',#15433,#15434);
#15433 = CARTESIAN_POINT('',(1.520077236919,-20.15703041309,0.));
#15434 = VECTOR('',#15435,1.);
#15435 = DIRECTION('',(0.,0.,1.));
#15436 = ORIENTED_EDGE('',*,*,#15437,.T.);
#15437 = EDGE_CURVE('',#15430,#15399,#15438,.T.);
#15438 = B_SPLINE_CURVE_WITH_KNOTS('',2,(#15439,#15440,#15441),
  .UNSPECIFIED.,.F.,.F.,(3,3),(0.,1.),.PIECEWISE_BEZIER_KNOTS.);
#15439 = CARTESIAN_POINT('',(1.520077236919,-20.15703041309,0.6));
#15440 = CARTESIAN_POINT('',(1.393351219477,-20.06782256426,0.6));
#15441 = CARTESIAN_POINT('',(1.379724765989,-19.90321500612,0.6));
#15442 = ORIENTED_EDGE('',*,*,#15396,.F.);
#15443 = ORIENTED_EDGE('',*,*,#15444,.F.);
#15444 = EDGE_CURVE('',#15428,#15397,#15445,.T.);
#15445 = B_SPLINE_CURVE_WITH_KNOTS('',2,(#15446,#15447,#15448),
  .UNSPECIFIED.,.F.,.F.,(3,3),(0.,1.),.PIECEWISE_BEZIER_KNOTS.);
#15446 = CARTESIAN_POINT('',(1.520077236919,-20.15703041309,0.));
#15447 = CARTESIAN_POINT('',(1.393351219477,-20.06782256426,0.));
#15448 = CARTESIAN_POINT('',(1.379724765989,-19.90321500612,0.));
#15449 = SURFACE_OF_LINEAR_EXTRUSION('',#15450,#15454);
#15450 = B_SPLINE_CURVE_WITH_KNOTS('',2,(#15451,#15452,#15453),
  .UNSPECIFIED.,.F.,.F.,(3,3),(0.,1.),.PIECEWISE_BEZIER_KNOTS.);
#15451 = CARTESIAN_POINT('',(1.520077236919,-20.15703041309,0.));
#15452 = CARTESIAN_POINT('',(1.393351219477,-20.06782256426,0.));
#15453 = CARTESIAN_POINT('',(1.379724765989,-19.90321500612,0.));
#15454 = VECTOR('',#15455,1.);
#15455 = DIRECTION('',(-0.,-0.,-1.));
#15456 = ADVANCED_FACE('',(#15457),#15482,.T.);
#15457 = FACE_BOUND('',#15458,.T.);
#15458 = EDGE_LOOP('',(#15459,#15469,#15475,#15476));
#15459 = ORIENTED_EDGE('',*,*,#15460,.T.);
#15460 = EDGE_CURVE('',#15461,#15463,#15465,.T.);
#15461 = VERTEX_POINT('',#15462);
#15462 = CARTESIAN_POINT('',(1.864826510175,-20.24623826193,0.));
#15463 = VERTEX_POINT('',#15464);
#15464 = CARTESIAN_POINT('',(1.864826510175,-20.24623826193,0.6));
#15465 = LINE('',#15466,#15467);
#15466 = CARTESIAN_POINT('',(1.864826510175,-20.24623826193,0.));
#15467 = VECTOR('',#15468,1.);
#15468 = DIRECTION('',(0.,0.,1.));
#15469 = ORIENTED_EDGE('',*,*,#15470,.T.);
#15470 = EDGE_CURVE('',#15463,#15430,#15471,.T.);
#15471 = B_SPLINE_CURVE_WITH_KNOTS('',2,(#15472,#15473,#15474),
  .UNSPECIFIED.,.F.,.F.,(3,3),(0.,1.),.PIECEWISE_BEZIER_KNOTS.);
#15472 = CARTESIAN_POINT('',(1.864826510175,-20.24623826193,0.6));
#15473 = CARTESIAN_POINT('',(1.646803254361,-20.24623826193,0.6));
#15474 = CARTESIAN_POINT('',(1.520077236919,-20.15703041309,0.6));
#15475 = ORIENTED_EDGE('',*,*,#15427,.F.);
#15476 = ORIENTED_EDGE('',*,*,#15477,.F.);
#15477 = EDGE_CURVE('',#15461,#15428,#15478,.T.);
#15478 = B_SPLINE_CURVE_WITH_KNOTS('',2,(#15479,#15480,#15481),
  .UNSPECIFIED.,.F.,.F.,(3,3),(0.,1.),.PIECEWISE_BEZIER_KNOTS.);
#15479 = CARTESIAN_POINT('',(1.864826510175,-20.24623826193,0.));
#15480 = CARTESIAN_POINT('',(1.646803254361,-20.24623826193,0.));
#15481 = CARTESIAN_POINT('',(1.520077236919,-20.15703041309,0.));
#15482 = SURFACE_OF_LINEAR_EXTRUSION('',#15483,#15487);
#15483 = B_SPLINE_CURVE_WITH_KNOTS('',2,(#15484,#15485,#15486),
  .UNSPECIFIED.,.F.,.F.,(3,3),(0.,1.),.PIECEWISE_BEZIER_KNOTS.);
#15484 = CARTESIAN_POINT('',(1.864826510175,-20.24623826193,0.));
#15485 = CARTESIAN_POINT('',(1.646803254361,-20.24623826193,0.));
#15486 = CARTESIAN_POINT('',(1.520077236919,-20.15703041309,0.));
#15487 = VECTOR('',#15488,1.);
#15488 = DIRECTION('',(-0.,-0.,-1.));
#15489 = ADVANCED_FACE('',(#15490),#15506,.T.);
#15490 = FACE_BOUND('',#15491,.T.);
#15491 = EDGE_LOOP('',(#15492,#15493,#15499,#15500));
#15492 = ORIENTED_EDGE('',*,*,#15275,.T.);
#15493 = ORIENTED_EDGE('',*,*,#15494,.T.);
#15494 = EDGE_CURVE('',#15268,#15463,#15495,.T.);
#15495 = B_SPLINE_CURVE_WITH_KNOTS('',2,(#15496,#15497,#15498),
  .UNSPECIFIED.,.F.,.F.,(3,3),(0.,1.),.PIECEWISE_BEZIER_KNOTS.);
#15496 = CARTESIAN_POINT('',(2.174147004361,-20.15503186658,0.6));
#15497 = CARTESIAN_POINT('',(2.054234213663,-20.24623826193,0.6));
#15498 = CARTESIAN_POINT('',(1.864826510175,-20.24623826193,0.6));
#15499 = ORIENTED_EDGE('',*,*,#15460,.F.);
#15500 = ORIENTED_EDGE('',*,*,#15501,.F.);
#15501 = EDGE_CURVE('',#15276,#15461,#15502,.T.);
#15502 = B_SPLINE_CURVE_WITH_KNOTS('',2,(#15503,#15504,#15505),
  .UNSPECIFIED.,.F.,.F.,(3,3),(0.,1.),.PIECEWISE_BEZIER_KNOTS.);
#15503 = CARTESIAN_POINT('',(2.174147004361,-20.15503186658,0.));
#15504 = CARTESIAN_POINT('',(2.054234213663,-20.24623826193,0.));
#15505 = CARTESIAN_POINT('',(1.864826510175,-20.24623826193,0.));
#15506 = SURFACE_OF_LINEAR_EXTRUSION('',#15507,#15511);
#15507 = B_SPLINE_CURVE_WITH_KNOTS('',2,(#15508,#15509,#15510),
  .UNSPECIFIED.,.F.,.F.,(3,3),(0.,1.),.PIECEWISE_BEZIER_KNOTS.);
#15508 = CARTESIAN_POINT('',(2.174147004361,-20.15503186658,0.));
#15509 = CARTESIAN_POINT('',(2.054234213663,-20.24623826193,0.));
#15510 = CARTESIAN_POINT('',(1.864826510175,-20.24623826193,0.));
#15511 = VECTOR('',#15512,1.);
#15512 = DIRECTION('',(-0.,-0.,-1.));
#15513 = ADVANCED_FACE('',(#15514),#15524,.F.);
#15514 = FACE_BOUND('',#15515,.F.);
#15515 = EDGE_LOOP('',(#15516,#15517,#15518,#15519,#15520,#15521,#15522,
    #15523));
#15516 = ORIENTED_EDGE('',*,*,#15283,.F.);
#15517 = ORIENTED_EDGE('',*,*,#15316,.F.);
#15518 = ORIENTED_EDGE('',*,*,#15347,.F.);
#15519 = ORIENTED_EDGE('',*,*,#15380,.F.);
#15520 = ORIENTED_EDGE('',*,*,#15413,.F.);
#15521 = ORIENTED_EDGE('',*,*,#15444,.F.);
#15522 = ORIENTED_EDGE('',*,*,#15477,.F.);
#15523 = ORIENTED_EDGE('',*,*,#15501,.F.);
#15524 = PLANE('',#15525);
#15525 = AXIS2_PLACEMENT_3D('',#15526,#15527,#15528);
#15526 = CARTESIAN_POINT('',(1.824272528829,-21.15662189798,0.));
#15527 = DIRECTION('',(0.,0.,1.));
#15528 = DIRECTION('',(1.,0.,0.));
#15529 = ADVANCED_FACE('',(#15530),#15540,.T.);
#15530 = FACE_BOUND('',#15531,.T.);
#15531 = EDGE_LOOP('',(#15532,#15533,#15534,#15535,#15536,#15537,#15538,
    #15539));
#15532 = ORIENTED_EDGE('',*,*,#15267,.F.);
#15533 = ORIENTED_EDGE('',*,*,#15309,.F.);
#15534 = ORIENTED_EDGE('',*,*,#15340,.F.);
#15535 = ORIENTED_EDGE('',*,*,#15373,.F.);
#15536 = ORIENTED_EDGE('',*,*,#15406,.F.);
#15537 = ORIENTED_EDGE('',*,*,#15437,.F.);
#15538 = ORIENTED_EDGE('',*,*,#15470,.F.);
#15539 = ORIENTED_EDGE('',*,*,#15494,.F.);
#15540 = PLANE('',#15541);
#15541 = AXIS2_PLACEMENT_3D('',#15542,#15543,#15544);
#15542 = CARTESIAN_POINT('',(1.824272528829,-21.15662189798,0.6));
#15543 = DIRECTION('',(0.,0.,1.));
#15544 = DIRECTION('',(1.,0.,0.));
#15545 = ( GEOMETRIC_REPRESENTATION_CONTEXT(3) 
GLOBAL_UNCERTAINTY_ASSIGNED_CONTEXT((#15549)) 
GLOBAL_UNIT_ASSIGNED_CONTEXT((#15546,#15547,#15548)) 
REPRESENTATION_CONTEXT('Context #1',
  '3D Context with UNIT and UNCERTAINTY') );
#15546 = ( LENGTH_UNIT() NAMED_UNIT(*) SI_UNIT(.MILLI.,.METRE.) );
#15547 = ( NAMED_UNIT(*) PLANE_ANGLE_UNIT() SI_UNIT($,.RADIAN.) );
#15548 = ( NAMED_UNIT(*) SI_UNIT($,.STERADIAN.) SOLID_ANGLE_UNIT() );
#15549 = UNCERTAINTY_MEASURE_WITH_UNIT(LENGTH_MEASURE(1.E-07),#15546,
  'distance_accuracy_value','confusion accuracy');
#15550 = CONTEXT_DEPENDENT_SHAPE_REPRESENTATION(#15551,#15553);
#15551 = ( REPRESENTATION_RELATIONSHIP('','',#8391,#10) 
REPRESENTATION_RELATIONSHIP_WITH_TRANSFORMATION(#15552) 
SHAPE_REPRESENTATION_RELATIONSHIP() );
#15552 = ITEM_DEFINED_TRANSFORMATION('','',#11,#27);
#15553 = PRODUCT_DEFINITION_SHAPE('Placement','Placement of an item',
  #15554);
#15554 = NEXT_ASSEMBLY_USAGE_OCCURRENCE('26','Имя лодки','',#5,
  #8386,$);
#15555 = PRODUCT_RELATED_PRODUCT_CATEGORY('part',$,(#8388));
#15556 = MECHANICAL_DESIGN_GEOMETRIC_PRESENTATION_REPRESENTATION('',(
    #15557,#15568,#15577,#15586,#15595,#15604,#15613,#15622,#15631,
    #15640,#15649,#15658,#15667,#15676,#15685),#15545);
#15557 = STYLED_ITEM('color',(#15558),#8392);
#15558 = PRESENTATION_STYLE_ASSIGNMENT((#15559,#15565));
#15559 = SURFACE_STYLE_USAGE(.BOTH.,#15560);
#15560 = SURFACE_SIDE_STYLE('',(#15561));
#15561 = SURFACE_STYLE_FILL_AREA(#15562);
#15562 = FILL_AREA_STYLE('',(#15563));
#15563 = FILL_AREA_STYLE_COLOUR('',#15564);
#15564 = COLOUR_RGB('',0.678431390124,0.709803936702,0.741176476869);
#15565 = CURVE_STYLE('',#15566,POSITIVE_LENGTH_MEASURE(0.1),#15567);
#15566 = DRAUGHTING_PRE_DEFINED_CURVE_FONT('continuous');
#15567 = COLOUR_RGB('',9.803921802644E-02,9.803921802644E-02,
  9.803921802644E-02);
#15568 = STYLED_ITEM('color',(#15569),#8806);
#15569 = PRESENTATION_STYLE_ASSIGNMENT((#15570,#15575));
#15570 = SURFACE_STYLE_USAGE(.BOTH.,#15571);
#15571 = SURFACE_SIDE_STYLE('',(#15572));
#15572 = SURFACE_STYLE_FILL_AREA(#15573);
#15573 = FILL_AREA_STYLE('',(#15574));
#15574 = FILL_AREA_STYLE_COLOUR('',#15564);
#15575 = CURVE_STYLE('',#15576,POSITIVE_LENGTH_MEASURE(0.1),#15567);
#15576 = DRAUGHTING_PRE_DEFINED_CURVE_FONT('continuous');
#15577 = STYLED_ITEM('color',(#15578),#9220);
#15578 = PRESENTATION_STYLE_ASSIGNMENT((#15579,#15584));
#15579 = SURFACE_STYLE_USAGE(.BOTH.,#15580);
#15580 = SURFACE_SIDE_STYLE('',(#15581));
#15581 = SURFACE_STYLE_FILL_AREA(#15582);
#15582 = FILL_AREA_STYLE('',(#15583));
#15583 = FILL_AREA_STYLE_COLOUR('',#15564);
#15584 = CURVE_STYLE('',#15585,POSITIVE_LENGTH_MEASURE(0.1),#15567);
#15585 = DRAUGHTING_PRE_DEFINED_CURVE_FONT('continuous');
#15586 = STYLED_ITEM('color',(#15587),#9502);
#15587 = PRESENTATION_STYLE_ASSIGNMENT((#15588,#15593));
#15588 = SURFACE_STYLE_USAGE(.BOTH.,#15589);
#15589 = SURFACE_SIDE_STYLE('',(#15590));
#15590 = SURFACE_STYLE_FILL_AREA(#15591);
#15591 = FILL_AREA_STYLE('',(#15592));
#15592 = FILL_AREA_STYLE_COLOUR('',#15564);
#15593 = CURVE_STYLE('',#15594,POSITIVE_LENGTH_MEASURE(0.1),#15567);
#15594 = DRAUGHTING_PRE_DEFINED_CURVE_FONT('continuous');
#15595 = STYLED_ITEM('color',(#15596),#10138);
#15596 = PRESENTATION_STYLE_ASSIGNMENT((#15597,#15602));
#15597 = SURFACE_STYLE_USAGE(.BOTH.,#15598);
#15598 = SURFACE_SIDE_STYLE('',(#15599));
#15599 = SURFACE_STYLE_FILL_AREA(#15600);
#15600 = FILL_AREA_STYLE('',(#15601));
#15601 = FILL_AREA_STYLE_COLOUR('',#15564);
#15602 = CURVE_STYLE('',#15603,POSITIVE_LENGTH_MEASURE(0.1),#15567);
#15603 = DRAUGHTING_PRE_DEFINED_CURVE_FONT('continuous');
#15604 = STYLED_ITEM('color',(#15605),#10720);
#15605 = PRESENTATION_STYLE_ASSIGNMENT((#15606,#15611));
#15606 = SURFACE_STYLE_USAGE(.BOTH.,#15607);
#15607 = SURFACE_SIDE_STYLE('',(#15608));
#15608 = SURFACE_STYLE_FILL_AREA(#15609);
#15609 = FILL_AREA_STYLE('',(#15610));
#15610 = FILL_AREA_STYLE_COLOUR('',#15564);
#15611 = CURVE_STYLE('',#15612,POSITIVE_LENGTH_MEASURE(0.1),#15567);
#15612 = DRAUGHTING_PRE_DEFINED_CURVE_FONT('continuous');
#15613 = STYLED_ITEM('color',(#15614),#11364);
#15614 = PRESENTATION_STYLE_ASSIGNMENT((#15615,#15620));
#15615 = SURFACE_STYLE_USAGE(.BOTH.,#15616);
#15616 = SURFACE_SIDE_STYLE('',(#15617));
#15617 = SURFACE_STYLE_FILL_AREA(#15618);
#15618 = FILL_AREA_STYLE('',(#15619));
#15619 = FILL_AREA_STYLE_COLOUR('',#15564);
#15620 = CURVE_STYLE('',#15621,POSITIVE_LENGTH_MEASURE(0.1),#15567);
#15621 = DRAUGHTING_PRE_DEFINED_CURVE_FONT('continuous');
#15622 = STYLED_ITEM('color',(#15623),#12035);
#15623 = PRESENTATION_STYLE_ASSIGNMENT((#15624,#15629));
#15624 = SURFACE_STYLE_USAGE(.BOTH.,#15625);
#15625 = SURFACE_SIDE_STYLE('',(#15626));
#15626 = SURFACE_STYLE_FILL_AREA(#15627);
#15627 = FILL_AREA_STYLE('',(#15628));
#15628 = FILL_AREA_STYLE_COLOUR('',#15564);
#15629 = CURVE_STYLE('',#15630,POSITIVE_LENGTH_MEASURE(0.1),#15567);
#15630 = DRAUGHTING_PRE_DEFINED_CURVE_FONT('continuous');
#15631 = STYLED_ITEM('color',(#15632),#12185);
#15632 = PRESENTATION_STYLE_ASSIGNMENT((#15633,#15638));
#15633 = SURFACE_STYLE_USAGE(.BOTH.,#15634);
#15634 = SURFACE_SIDE_STYLE('',(#15635));
#15635 = SURFACE_STYLE_FILL_AREA(#15636);
#15636 = FILL_AREA_STYLE('',(#15637));
#15637 = FILL_AREA_STYLE_COLOUR('',#15564);
#15638 = CURVE_STYLE('',#15639,POSITIVE_LENGTH_MEASURE(0.1),#15567);
#15639 = DRAUGHTING_PRE_DEFINED_CURVE_FONT('continuous');
#15640 = STYLED_ITEM('color',(#15641),#12706);
#15641 = PRESENTATION_STYLE_ASSIGNMENT((#15642,#15647));
#15642 = SURFACE_STYLE_USAGE(.BOTH.,#15643);
#15643 = SURFACE_SIDE_STYLE('',(#15644));
#15644 = SURFACE_STYLE_FILL_AREA(#15645);
#15645 = FILL_AREA_STYLE('',(#15646));
#15646 = FILL_AREA_STYLE_COLOUR('',#15564);
#15647 = CURVE_STYLE('',#15648,POSITIVE_LENGTH_MEASURE(0.1),#15567);
#15648 = DRAUGHTING_PRE_DEFINED_CURVE_FONT('continuous');
#15649 = STYLED_ITEM('color',(#15650),#13196);
#15650 = PRESENTATION_STYLE_ASSIGNMENT((#15651,#15656));
#15651 = SURFACE_STYLE_USAGE(.BOTH.,#15652);
#15652 = SURFACE_SIDE_STYLE('',(#15653));
#15653 = SURFACE_STYLE_FILL_AREA(#15654);
#15654 = FILL_AREA_STYLE('',(#15655));
#15655 = FILL_AREA_STYLE_COLOUR('',#15564);
#15656 = CURVE_STYLE('',#15657,POSITIVE_LENGTH_MEASURE(0.1),#15567);
#15657 = DRAUGHTING_PRE_DEFINED_CURVE_FONT('continuous');
#15658 = STYLED_ITEM('color',(#15659),#14009);
#15659 = PRESENTATION_STYLE_ASSIGNMENT((#15660,#15665));
#15660 = SURFACE_STYLE_USAGE(.BOTH.,#15661);
#15661 = SURFACE_SIDE_STYLE('',(#15662));
#15662 = SURFACE_STYLE_FILL_AREA(#15663);
#15663 = FILL_AREA_STYLE('',(#15664));
#15664 = FILL_AREA_STYLE_COLOUR('',#15564);
#15665 = CURVE_STYLE('',#15666,POSITIVE_LENGTH_MEASURE(0.1),#15567);
#15666 = DRAUGHTING_PRE_DEFINED_CURVE_FONT('continuous');
#15667 = STYLED_ITEM('color',(#15668),#14555);
#15668 = PRESENTATION_STYLE_ASSIGNMENT((#15669,#15674));
#15669 = SURFACE_STYLE_USAGE(.BOTH.,#15670);
#15670 = SURFACE_SIDE_STYLE('',(#15671));
#15671 = SURFACE_STYLE_FILL_AREA(#15672);
#15672 = FILL_AREA_STYLE('',(#15673));
#15673 = FILL_AREA_STYLE_COLOUR('',#15564);
#15674 = CURVE_STYLE('',#15675,POSITIVE_LENGTH_MEASURE(0.1),#15567);
#15675 = DRAUGHTING_PRE_DEFINED_CURVE_FONT('continuous');
#15676 = STYLED_ITEM('color',(#15677),#14903);
#15677 = PRESENTATION_STYLE_ASSIGNMENT((#15678,#15683));
#15678 = SURFACE_STYLE_USAGE(.BOTH.,#15679);
#15679 = SURFACE_SIDE_STYLE('',(#15680));
#15680 = SURFACE_STYLE_FILL_AREA(#15681);
#15681 = FILL_AREA_STYLE('',(#15682));
#15682 = FILL_AREA_STYLE_COLOUR('',#15564);
#15683 = CURVE_STYLE('',#15684,POSITIVE_LENGTH_MEASURE(0.1),#15567);
#15684 = DRAUGHTING_PRE_DEFINED_CURVE_FONT('continuous');
#15685 = STYLED_ITEM('color',(#15686),#15251);
#15686 = PRESENTATION_STYLE_ASSIGNMENT((#15687,#15692));
#15687 = SURFACE_STYLE_USAGE(.BOTH.,#15688);
#15688 = SURFACE_SIDE_STYLE('',(#15689));
#15689 = SURFACE_STYLE_FILL_AREA(#15690);
#15690 = FILL_AREA_STYLE('',(#15691));
#15691 = FILL_AREA_STYLE_COLOUR('',#15564);
#15692 = CURVE_STYLE('',#15693,POSITIVE_LENGTH_MEASURE(0.1),#15567);
#15693 = DRAUGHTING_PRE_DEFINED_CURVE_FONT('continuous');
#15694 = MECHANICAL_DESIGN_GEOMETRIC_PRESENTATION_REPRESENTATION('',(
    #15695),#5431);
#15695 = STYLED_ITEM('color',(#15696),#45);
#15696 = PRESENTATION_STYLE_ASSIGNMENT((#15697,#15702));
#15697 = SURFACE_STYLE_USAGE(.BOTH.,#15698);
#15698 = SURFACE_SIDE_STYLE('',(#15699));
#15699 = SURFACE_STYLE_FILL_AREA(#15700);
#15700 = FILL_AREA_STYLE('',(#15701));
#15701 = FILL_AREA_STYLE_COLOUR('',#15564);
#15702 = CURVE_STYLE('',#15703,POSITIVE_LENGTH_MEASURE(0.1),#15567);
#15703 = DRAUGHTING_PRE_DEFINED_CURVE_FONT('continuous');
#15704 = MECHANICAL_DESIGN_GEOMETRIC_PRESENTATION_REPRESENTATION('',(
    #15705),#8373);
#15705 = STYLED_ITEM('color',(#15706),#6623);
#15706 = PRESENTATION_STYLE_ASSIGNMENT((#15707,#15712));
#15707 = SURFACE_STYLE_USAGE(.BOTH.,#15708);
#15708 = SURFACE_SIDE_STYLE('',(#15709));
#15709 = SURFACE_STYLE_FILL_AREA(#15710);
#15710 = FILL_AREA_STYLE('',(#15711));
#15711 = FILL_AREA_STYLE_COLOUR('',#15564);
#15712 = CURVE_STYLE('',#15713,POSITIVE_LENGTH_MEASURE(0.1),#15567);
#15713 = DRAUGHTING_PRE_DEFINED_CURVE_FONT('continuous');
#15714 = MECHANICAL_DESIGN_GEOMETRIC_PRESENTATION_REPRESENTATION('',(
    #15715),#6604);
#15715 = STYLED_ITEM('color',(#15716),#5450);
#15716 = PRESENTATION_STYLE_ASSIGNMENT((#15717,#15722));
#15717 = SURFACE_STYLE_USAGE(.BOTH.,#15718);
#15718 = SURFACE_SIDE_STYLE('',(#15719));
#15719 = SURFACE_STYLE_FILL_AREA(#15720);
#15720 = FILL_AREA_STYLE('',(#15721));
#15721 = FILL_AREA_STYLE_COLOUR('',#15564);
#15722 = CURVE_STYLE('',#15723,POSITIVE_LENGTH_MEASURE(0.1),#15567);
#15723 = DRAUGHTING_PRE_DEFINED_CURVE_FONT('continuous');
ENDSEC;
END-ISO-10303-21;
